--
-- PostgreSQL database dump
--

-- Dumped from database version 9.5.19
-- Dumped by pg_dump version 9.5.19

SET statement_timeout = 0;
SET lock_timeout = 0;
SET client_encoding = 'UTF8';
SET standard_conforming_strings = on;
SELECT pg_catalog.set_config('search_path', '', false);
SET check_function_bodies = false;
SET xmloption = content;
SET client_min_messages = warning;
SET row_security = off;

--
-- Name: plpgsql; Type: EXTENSION; Schema: -; Owner: 
--

CREATE EXTENSION IF NOT EXISTS plpgsql WITH SCHEMA pg_catalog;


--
-- Name: EXTENSION plpgsql; Type: COMMENT; Schema: -; Owner: 
--

COMMENT ON EXTENSION plpgsql IS 'PL/pgSQL procedural language';


SET default_tablespace = '';

SET default_with_oids = false;

--
-- Name: adminnumberprovider_numbermnptocustomer; Type: TABLE; Schema: public; Owner: postgres
--

CREATE TABLE public.adminnumberprovider_numbermnptocustomer (
    id integer NOT NULL,
    number bigint NOT NULL,
    approve_upload_data text,
    created_at timestamp with time zone NOT NULL,
    updated_at timestamp with time zone NOT NULL,
    user_id integer NOT NULL
);


ALTER TABLE public.adminnumberprovider_numbermnptocustomer OWNER TO postgres;

--
-- Name: adminnumberprovider_numbermnptocustomer_id_seq; Type: SEQUENCE; Schema: public; Owner: postgres
--

CREATE SEQUENCE public.adminnumberprovider_numbermnptocustomer_id_seq
    START WITH 1
    INCREMENT BY 1
    NO MINVALUE
    NO MAXVALUE
    CACHE 1;


ALTER TABLE public.adminnumberprovider_numbermnptocustomer_id_seq OWNER TO postgres;

--
-- Name: adminnumberprovider_numbermnptocustomer_id_seq; Type: SEQUENCE OWNED BY; Schema: public; Owner: postgres
--

ALTER SEQUENCE public.adminnumberprovider_numbermnptocustomer_id_seq OWNED BY public.adminnumberprovider_numbermnptocustomer.id;


--
-- Name: adminnumberprovider_numberprovincecustomermap; Type: TABLE; Schema: public; Owner: postgres
--

CREATE TABLE public.adminnumberprovider_numberprovincecustomermap (
    id integer NOT NULL,
    created_at timestamp with time zone NOT NULL,
    updated_at timestamp with time zone NOT NULL,
    number_id integer NOT NULL,
    user_id integer NOT NULL
);


ALTER TABLE public.adminnumberprovider_numberprovincecustomermap OWNER TO postgres;

--
-- Name: adminnumberprovider_numberprovincecustomermap_id_seq; Type: SEQUENCE; Schema: public; Owner: postgres
--

CREATE SEQUENCE public.adminnumberprovider_numberprovincecustomermap_id_seq
    START WITH 1
    INCREMENT BY 1
    NO MINVALUE
    NO MAXVALUE
    CACHE 1;


ALTER TABLE public.adminnumberprovider_numberprovincecustomermap_id_seq OWNER TO postgres;

--
-- Name: adminnumberprovider_numberprovincecustomermap_id_seq; Type: SEQUENCE OWNED BY; Schema: public; Owner: postgres
--

ALTER SEQUENCE public.adminnumberprovider_numberprovincecustomermap_id_seq OWNED BY public.adminnumberprovider_numberprovincecustomermap.id;


--
-- Name: adminnumberprovider_numberprovincemap; Type: TABLE; Schema: public; Owner: postgres
--

CREATE TABLE public.adminnumberprovider_numberprovincemap (
    id integer NOT NULL,
    did_id character varying(255) NOT NULL,
    npa character varying(255) NOT NULL,
    nxx character varying(255) NOT NULL,
    xxxx character varying(255) NOT NULL,
    tier character varying(255) NOT NULL,
    ratecenters character varying(255) NOT NULL,
    number character varying(255) NOT NULL,
    setup_rate character varying(255) NOT NULL,
    monthly_rate character varying(255) NOT NULL,
    per_minute_rate character varying(255) NOT NULL,
    created_at timestamp with time zone NOT NULL,
    updated_at timestamp with time zone NOT NULL,
    country_id integer NOT NULL,
    province_id integer NOT NULL
);


ALTER TABLE public.adminnumberprovider_numberprovincemap OWNER TO postgres;

--
-- Name: adminnumberprovider_numberprovincemap_id_seq; Type: SEQUENCE; Schema: public; Owner: postgres
--

CREATE SEQUENCE public.adminnumberprovider_numberprovincemap_id_seq
    START WITH 1
    INCREMENT BY 1
    NO MINVALUE
    NO MAXVALUE
    CACHE 1;


ALTER TABLE public.adminnumberprovider_numberprovincemap_id_seq OWNER TO postgres;

--
-- Name: adminnumberprovider_numberprovincemap_id_seq; Type: SEQUENCE OWNED BY; Schema: public; Owner: postgres
--

ALTER SEQUENCE public.adminnumberprovider_numberprovincemap_id_seq OWNED BY public.adminnumberprovider_numberprovincemap.id;


--
-- Name: adminsidecustomer_accountaddresscustomer; Type: TABLE; Schema: public; Owner: postgres
--

CREATE TABLE public.adminsidecustomer_accountaddresscustomer (
    id integer NOT NULL,
    address_1 character varying(255) NOT NULL,
    address_2 character varying(255) NOT NULL,
    created_at timestamp with time zone NOT NULL,
    updated_at timestamp with time zone NOT NULL,
    city_id integer NOT NULL,
    country_id integer NOT NULL,
    province_id integer NOT NULL,
    user_id integer NOT NULL,
    postal integer
);


ALTER TABLE public.adminsidecustomer_accountaddresscustomer OWNER TO postgres;

--
-- Name: adminsidecustomer_accountaddresscustomer_id_seq; Type: SEQUENCE; Schema: public; Owner: postgres
--

CREATE SEQUENCE public.adminsidecustomer_accountaddresscustomer_id_seq
    START WITH 1
    INCREMENT BY 1
    NO MINVALUE
    NO MAXVALUE
    CACHE 1;


ALTER TABLE public.adminsidecustomer_accountaddresscustomer_id_seq OWNER TO postgres;

--
-- Name: adminsidecustomer_accountaddresscustomer_id_seq; Type: SEQUENCE OWNED BY; Schema: public; Owner: postgres
--

ALTER SEQUENCE public.adminsidecustomer_accountaddresscustomer_id_seq OWNED BY public.adminsidecustomer_accountaddresscustomer.id;


--
-- Name: adminsidecustomer_billingaddresscustomer; Type: TABLE; Schema: public; Owner: postgres
--

CREATE TABLE public.adminsidecustomer_billingaddresscustomer (
    id integer NOT NULL,
    billing_address_1 character varying(255) NOT NULL,
    billing_address_2 character varying(255) NOT NULL,
    created_at timestamp with time zone NOT NULL,
    updated_at timestamp with time zone NOT NULL,
    billing_city_id integer NOT NULL,
    billing_country_id integer NOT NULL,
    billing_province_id integer NOT NULL,
    user_id integer NOT NULL,
    postal integer
);


ALTER TABLE public.adminsidecustomer_billingaddresscustomer OWNER TO postgres;

--
-- Name: adminsidecustomer_billingaddresscustomer_id_seq; Type: SEQUENCE; Schema: public; Owner: postgres
--

CREATE SEQUENCE public.adminsidecustomer_billingaddresscustomer_id_seq
    START WITH 1
    INCREMENT BY 1
    NO MINVALUE
    NO MAXVALUE
    CACHE 1;


ALTER TABLE public.adminsidecustomer_billingaddresscustomer_id_seq OWNER TO postgres;

--
-- Name: adminsidecustomer_billingaddresscustomer_id_seq; Type: SEQUENCE OWNED BY; Schema: public; Owner: postgres
--

ALTER SEQUENCE public.adminsidecustomer_billingaddresscustomer_id_seq OWNED BY public.adminsidecustomer_billingaddresscustomer.id;


--
-- Name: adminsidecustomer_city; Type: TABLE; Schema: public; Owner: postgres
--

CREATE TABLE public.adminsidecustomer_city (
    id integer NOT NULL,
    city_name character varying(255) NOT NULL,
    created_at timestamp with time zone NOT NULL,
    updated_at timestamp with time zone NOT NULL,
    province_id_id integer NOT NULL
);


ALTER TABLE public.adminsidecustomer_city OWNER TO postgres;

--
-- Name: adminsidecustomer_city_id_seq; Type: SEQUENCE; Schema: public; Owner: postgres
--

CREATE SEQUENCE public.adminsidecustomer_city_id_seq
    START WITH 1
    INCREMENT BY 1
    NO MINVALUE
    NO MAXVALUE
    CACHE 1;


ALTER TABLE public.adminsidecustomer_city_id_seq OWNER TO postgres;

--
-- Name: adminsidecustomer_city_id_seq; Type: SEQUENCE OWNED BY; Schema: public; Owner: postgres
--

ALTER SEQUENCE public.adminsidecustomer_city_id_seq OWNED BY public.adminsidecustomer_city.id;


--
-- Name: adminsidecustomer_country; Type: TABLE; Schema: public; Owner: postgres
--

CREATE TABLE public.adminsidecustomer_country (
    id integer NOT NULL,
    country_name character varying(255) NOT NULL,
    created_at timestamp with time zone NOT NULL,
    updated_at timestamp with time zone NOT NULL
);


ALTER TABLE public.adminsidecustomer_country OWNER TO postgres;

--
-- Name: adminsidecustomer_country_id_seq; Type: SEQUENCE; Schema: public; Owner: postgres
--

CREATE SEQUENCE public.adminsidecustomer_country_id_seq
    START WITH 1
    INCREMENT BY 1
    NO MINVALUE
    NO MAXVALUE
    CACHE 1;


ALTER TABLE public.adminsidecustomer_country_id_seq OWNER TO postgres;

--
-- Name: adminsidecustomer_country_id_seq; Type: SEQUENCE OWNED BY; Schema: public; Owner: postgres
--

ALTER SEQUENCE public.adminsidecustomer_country_id_seq OWNED BY public.adminsidecustomer_country.id;


--
-- Name: adminsidecustomer_customer; Type: TABLE; Schema: public; Owner: postgres
--

CREATE TABLE public.adminsidecustomer_customer (
    id integer NOT NULL,
    account_id character varying(255) NOT NULL,
    status character varying(255) NOT NULL,
    first_name character varying(255) NOT NULL,
    first_name_gsr character varying(255),
    last_name character varying(255) NOT NULL,
    last_name_gsr character varying(255),
    company_name character varying(255),
    company_name_gsr character varying(255),
    email_address character varying(255) NOT NULL,
    phone bigint NOT NULL,
    other_phone bigint NOT NULL,
    portal_password character varying(255) NOT NULL,
    dob character varying(255) NOT NULL,
    display_name character varying(150) NOT NULL,
    prefferd_language character varying(150) NOT NULL,
    zone character varying(150) NOT NULL,
    created_at timestamp with time zone NOT NULL,
    updated_at timestamp with time zone NOT NULL
);


ALTER TABLE public.adminsidecustomer_customer OWNER TO postgres;

--
-- Name: adminsidecustomer_customer_id_seq; Type: SEQUENCE; Schema: public; Owner: postgres
--

CREATE SEQUENCE public.adminsidecustomer_customer_id_seq
    START WITH 1
    INCREMENT BY 1
    NO MINVALUE
    NO MAXVALUE
    CACHE 1;


ALTER TABLE public.adminsidecustomer_customer_id_seq OWNER TO postgres;

--
-- Name: adminsidecustomer_customer_id_seq; Type: SEQUENCE OWNED BY; Schema: public; Owner: postgres
--

ALTER SEQUENCE public.adminsidecustomer_customer_id_seq OWNED BY public.adminsidecustomer_customer.id;


--
-- Name: adminsidecustomer_customeraccountstatus; Type: TABLE; Schema: public; Owner: postgres
--

CREATE TABLE public.adminsidecustomer_customeraccountstatus (
    id integer NOT NULL,
    contract_sent character varying(150) NOT NULL,
    contract_accepted character varying(150) NOT NULL,
    first_payment_done character varying(150) NOT NULL,
    req_has_been_sent character varying(150) NOT NULL,
    devices_shipped character varying(150) NOT NULL,
    devices_received character varying(150) NOT NULL,
    installation_date character varying(150) NOT NULL,
    installation_done character varying(150) NOT NULL,
    created_at timestamp with time zone NOT NULL,
    updated_at timestamp with time zone NOT NULL,
    customer_id integer NOT NULL
);


ALTER TABLE public.adminsidecustomer_customeraccountstatus OWNER TO postgres;

--
-- Name: adminsidecustomer_customeraccountstatus_id_seq; Type: SEQUENCE; Schema: public; Owner: postgres
--

CREATE SEQUENCE public.adminsidecustomer_customeraccountstatus_id_seq
    START WITH 1
    INCREMENT BY 1
    NO MINVALUE
    NO MAXVALUE
    CACHE 1;


ALTER TABLE public.adminsidecustomer_customeraccountstatus_id_seq OWNER TO postgres;

--
-- Name: adminsidecustomer_customeraccountstatus_id_seq; Type: SEQUENCE OWNED BY; Schema: public; Owner: postgres
--

ALTER SEQUENCE public.adminsidecustomer_customeraccountstatus_id_seq OWNED BY public.adminsidecustomer_customeraccountstatus.id;


--
-- Name: adminsidecustomer_customercomment; Type: TABLE; Schema: public; Owner: postgres
--

CREATE TABLE public.adminsidecustomer_customercomment (
    id integer NOT NULL,
    comment text NOT NULL,
    created_at timestamp with time zone NOT NULL,
    updated_at timestamp with time zone NOT NULL,
    touser_id integer NOT NULL,
    user_id integer NOT NULL
);


ALTER TABLE public.adminsidecustomer_customercomment OWNER TO postgres;

--
-- Name: adminsidecustomer_customercomment_id_seq; Type: SEQUENCE; Schema: public; Owner: postgres
--

CREATE SEQUENCE public.adminsidecustomer_customercomment_id_seq
    START WITH 1
    INCREMENT BY 1
    NO MINVALUE
    NO MAXVALUE
    CACHE 1;


ALTER TABLE public.adminsidecustomer_customercomment_id_seq OWNER TO postgres;

--
-- Name: adminsidecustomer_customercomment_id_seq; Type: SEQUENCE OWNED BY; Schema: public; Owner: postgres
--

ALTER SEQUENCE public.adminsidecustomer_customercomment_id_seq OWNED BY public.adminsidecustomer_customercomment.id;


--
-- Name: adminsidecustomer_customerinvoicemap; Type: TABLE; Schema: public; Owner: postgres
--

CREATE TABLE public.adminsidecustomer_customerinvoicemap (
    id integer NOT NULL,
    details text NOT NULL,
    invoice_month text NOT NULL,
    amount_type character varying(150) NOT NULL,
    end_term character varying(150) NOT NULL,
    status character varying(150) NOT NULL,
    created_at timestamp with time zone NOT NULL,
    updated_at timestamp with time zone NOT NULL,
    customer_id integer NOT NULL
);


ALTER TABLE public.adminsidecustomer_customerinvoicemap OWNER TO postgres;

--
-- Name: adminsidecustomer_customerinvoicemap_id_seq; Type: SEQUENCE; Schema: public; Owner: postgres
--

CREATE SEQUENCE public.adminsidecustomer_customerinvoicemap_id_seq
    START WITH 1
    INCREMENT BY 1
    NO MINVALUE
    NO MAXVALUE
    CACHE 1;


ALTER TABLE public.adminsidecustomer_customerinvoicemap_id_seq OWNER TO postgres;

--
-- Name: adminsidecustomer_customerinvoicemap_id_seq; Type: SEQUENCE OWNED BY; Schema: public; Owner: postgres
--

ALTER SEQUENCE public.adminsidecustomer_customerinvoicemap_id_seq OWNED BY public.adminsidecustomer_customerinvoicemap.id;


--
-- Name: adminsidecustomer_customerusermap; Type: TABLE; Schema: public; Owner: postgres
--

CREATE TABLE public.adminsidecustomer_customerusermap (
    id integer NOT NULL,
    created_at timestamp with time zone NOT NULL,
    updated_at timestamp with time zone NOT NULL,
    customer_id integer NOT NULL,
    user_id integer NOT NULL
);


ALTER TABLE public.adminsidecustomer_customerusermap OWNER TO postgres;

--
-- Name: adminsidecustomer_customerusermap_id_seq; Type: SEQUENCE; Schema: public; Owner: postgres
--

CREATE SEQUENCE public.adminsidecustomer_customerusermap_id_seq
    START WITH 1
    INCREMENT BY 1
    NO MINVALUE
    NO MAXVALUE
    CACHE 1;


ALTER TABLE public.adminsidecustomer_customerusermap_id_seq OWNER TO postgres;

--
-- Name: adminsidecustomer_customerusermap_id_seq; Type: SEQUENCE OWNED BY; Schema: public; Owner: postgres
--

ALTER SEQUENCE public.adminsidecustomer_customerusermap_id_seq OWNED BY public.adminsidecustomer_customerusermap.id;


--
-- Name: adminsidecustomer_cutomerattachmentmap; Type: TABLE; Schema: public; Owner: postgres
--

CREATE TABLE public.adminsidecustomer_cutomerattachmentmap (
    id integer NOT NULL,
    file_name text NOT NULL,
    filedata character varying(100) NOT NULL,
    file_type text NOT NULL,
    created_at timestamp with time zone NOT NULL,
    updated_at timestamp with time zone NOT NULL,
    customer_id integer NOT NULL
);


ALTER TABLE public.adminsidecustomer_cutomerattachmentmap OWNER TO postgres;

--
-- Name: adminsidecustomer_cutomerattachmentmap_id_seq; Type: SEQUENCE; Schema: public; Owner: postgres
--

CREATE SEQUENCE public.adminsidecustomer_cutomerattachmentmap_id_seq
    START WITH 1
    INCREMENT BY 1
    NO MINVALUE
    NO MAXVALUE
    CACHE 1;


ALTER TABLE public.adminsidecustomer_cutomerattachmentmap_id_seq OWNER TO postgres;

--
-- Name: adminsidecustomer_cutomerattachmentmap_id_seq; Type: SEQUENCE OWNED BY; Schema: public; Owner: postgres
--

ALTER SEQUENCE public.adminsidecustomer_cutomerattachmentmap_id_seq OWNED BY public.adminsidecustomer_cutomerattachmentmap.id;


--
-- Name: adminsidecustomer_province; Type: TABLE; Schema: public; Owner: postgres
--

CREATE TABLE public.adminsidecustomer_province (
    id integer NOT NULL,
    province_name character varying(255) NOT NULL,
    created_at timestamp with time zone NOT NULL,
    updated_at timestamp with time zone NOT NULL,
    country_id_id integer NOT NULL
);


ALTER TABLE public.adminsidecustomer_province OWNER TO postgres;

--
-- Name: adminsidecustomer_province_id_seq; Type: SEQUENCE; Schema: public; Owner: postgres
--

CREATE SEQUENCE public.adminsidecustomer_province_id_seq
    START WITH 1
    INCREMENT BY 1
    NO MINVALUE
    NO MAXVALUE
    CACHE 1;


ALTER TABLE public.adminsidecustomer_province_id_seq OWNER TO postgres;

--
-- Name: adminsidecustomer_province_id_seq; Type: SEQUENCE OWNED BY; Schema: public; Owner: postgres
--

ALTER SEQUENCE public.adminsidecustomer_province_id_seq OWNED BY public.adminsidecustomer_province.id;


--
-- Name: adminsidecustomer_sales_tax; Type: TABLE; Schema: public; Owner: postgres
--

CREATE TABLE public.adminsidecustomer_sales_tax (
    id integer NOT NULL,
    tax_name character varying(255) NOT NULL,
    abbreviation character varying(255) NOT NULL,
    description text NOT NULL,
    tax_number bigint NOT NULL,
    is_tax_number_show character varying(150) NOT NULL,
    is_fedral_tax character varying(150) NOT NULL,
    is_provisional_tax character varying(150) NOT NULL,
    tax_rate double precision NOT NULL,
    created_at timestamp with time zone NOT NULL,
    updated_at timestamp with time zone NOT NULL,
    province_id integer NOT NULL
);


ALTER TABLE public.adminsidecustomer_sales_tax OWNER TO postgres;

--
-- Name: adminsidecustomer_sales_tax_id_seq; Type: SEQUENCE; Schema: public; Owner: postgres
--

CREATE SEQUENCE public.adminsidecustomer_sales_tax_id_seq
    START WITH 1
    INCREMENT BY 1
    NO MINVALUE
    NO MAXVALUE
    CACHE 1;


ALTER TABLE public.adminsidecustomer_sales_tax_id_seq OWNER TO postgres;

--
-- Name: adminsidecustomer_sales_tax_id_seq; Type: SEQUENCE OWNED BY; Schema: public; Owner: postgres
--

ALTER SEQUENCE public.adminsidecustomer_sales_tax_id_seq OWNED BY public.adminsidecustomer_sales_tax.id;


--
-- Name: adminsideserviceprovider_contractbasedhardwarewithmac; Type: TABLE; Schema: public; Owner: postgres
--

CREATE TABLE public.adminsideserviceprovider_contractbasedhardwarewithmac (
    id integer NOT NULL,
    type character varying(255) NOT NULL,
    model character varying(255) NOT NULL,
    mac character varying(255) NOT NULL,
    sn character varying(255) NOT NULL,
    ver character varying(255) NOT NULL,
    usrn character varying(255) NOT NULL,
    passu character varying(255) NOT NULL,
    adusr character varying(255) NOT NULL,
    adpass character varying(255) NOT NULL,
    dslusr character varying(255) NOT NULL,
    dslpass character varying(255) NOT NULL,
    date_start character varying(255) NOT NULL,
    date_end character varying(255) NOT NULL,
    still_in_service character varying(255) NOT NULL,
    device_buy character varying(255) NOT NULL,
    device_rental character varying(255) NOT NULL,
    montly_rent character varying(255) NOT NULL,
    created_at timestamp with time zone NOT NULL,
    updated_at timestamp with time zone NOT NULL,
    customer_id integer NOT NULL,
    hw_id integer NOT NULL
);


ALTER TABLE public.adminsideserviceprovider_contractbasedhardwarewithmac OWNER TO postgres;

--
-- Name: adminsideserviceprovider_contractbasedhardwarewithmac_id_seq; Type: SEQUENCE; Schema: public; Owner: postgres
--

CREATE SEQUENCE public.adminsideserviceprovider_contractbasedhardwarewithmac_id_seq
    START WITH 1
    INCREMENT BY 1
    NO MINVALUE
    NO MAXVALUE
    CACHE 1;


ALTER TABLE public.adminsideserviceprovider_contractbasedhardwarewithmac_id_seq OWNER TO postgres;

--
-- Name: adminsideserviceprovider_contractbasedhardwarewithmac_id_seq; Type: SEQUENCE OWNED BY; Schema: public; Owner: postgres
--

ALTER SEQUENCE public.adminsideserviceprovider_contractbasedhardwarewithmac_id_seq OWNED BY public.adminsideserviceprovider_contractbasedhardwarewithmac.id;


--
-- Name: adminsideserviceprovider_customerservicecontract; Type: TABLE; Schema: public; Owner: postgres
--

CREATE TABLE public.adminsideserviceprovider_customerservicecontract (
    id integer NOT NULL,
    customerwithservice text NOT NULL,
    service_plan_hardware text NOT NULL,
    type character varying(150) NOT NULL,
    contract_terms text NOT NULL,
    payment_status character varying(150) NOT NULL,
    created_at timestamp with time zone NOT NULL,
    updated_at timestamp with time zone NOT NULL,
    user_id integer NOT NULL
);


ALTER TABLE public.adminsideserviceprovider_customerservicecontract OWNER TO postgres;

--
-- Name: adminsideserviceprovider_customerservicecontract_id_seq; Type: SEQUENCE; Schema: public; Owner: postgres
--

CREATE SEQUENCE public.adminsideserviceprovider_customerservicecontract_id_seq
    START WITH 1
    INCREMENT BY 1
    NO MINVALUE
    NO MAXVALUE
    CACHE 1;


ALTER TABLE public.adminsideserviceprovider_customerservicecontract_id_seq OWNER TO postgres;

--
-- Name: adminsideserviceprovider_customerservicecontract_id_seq; Type: SEQUENCE OWNED BY; Schema: public; Owner: postgres
--

ALTER SEQUENCE public.adminsideserviceprovider_customerservicecontract_id_seq OWNED BY public.adminsideserviceprovider_customerservicecontract.id;


--
-- Name: adminsideserviceprovider_customerticketscategoriesmap; Type: TABLE; Schema: public; Owner: postgres
--

CREATE TABLE public.adminsideserviceprovider_customerticketscategoriesmap (
    id integer NOT NULL,
    subject text NOT NULL,
    threads text NOT NULL,
    category character varying(150) NOT NULL,
    priority character varying(150) NOT NULL,
    working_status character varying(150) NOT NULL,
    updatedetails text NOT NULL,
    created_at timestamp with time zone NOT NULL,
    updated_at timestamp with time zone NOT NULL,
    customer_id integer NOT NULL,
    "ticketCategory_id" integer NOT NULL,
    updatedby_id integer NOT NULL,
    service_provider_id integer NOT NULL
);


ALTER TABLE public.adminsideserviceprovider_customerticketscategoriesmap OWNER TO postgres;

--
-- Name: adminsideserviceprovider_customerticketscategoriesmap_id_seq; Type: SEQUENCE; Schema: public; Owner: postgres
--

CREATE SEQUENCE public.adminsideserviceprovider_customerticketscategoriesmap_id_seq
    START WITH 1
    INCREMENT BY 1
    NO MINVALUE
    NO MAXVALUE
    CACHE 1;


ALTER TABLE public.adminsideserviceprovider_customerticketscategoriesmap_id_seq OWNER TO postgres;

--
-- Name: adminsideserviceprovider_customerticketscategoriesmap_id_seq; Type: SEQUENCE OWNED BY; Schema: public; Owner: postgres
--

ALTER SEQUENCE public.adminsideserviceprovider_customerticketscategoriesmap_id_seq OWNED BY public.adminsideserviceprovider_customerticketscategoriesmap.id;


--
-- Name: adminsideserviceprovider_customerwithservice; Type: TABLE; Schema: public; Owner: postgres
--

CREATE TABLE public.adminsideserviceprovider_customerwithservice (
    id integer NOT NULL,
    service_price_actual double precision NOT NULL,
    service_price_retail double precision NOT NULL,
    service_price_qty double precision NOT NULL,
    plan_status character varying(150) NOT NULL,
    plan_paid_status character varying(255) NOT NULL,
    created_at timestamp with time zone NOT NULL,
    updated_at timestamp with time zone NOT NULL,
    service_plan_id integer NOT NULL,
    service_provider_id integer NOT NULL,
    user_id integer NOT NULL
);


ALTER TABLE public.adminsideserviceprovider_customerwithservice OWNER TO postgres;

--
-- Name: adminsideserviceprovider_customerwithservice_id_seq; Type: SEQUENCE; Schema: public; Owner: postgres
--

CREATE SEQUENCE public.adminsideserviceprovider_customerwithservice_id_seq
    START WITH 1
    INCREMENT BY 1
    NO MINVALUE
    NO MAXVALUE
    CACHE 1;


ALTER TABLE public.adminsideserviceprovider_customerwithservice_id_seq OWNER TO postgres;

--
-- Name: adminsideserviceprovider_customerwithservice_id_seq; Type: SEQUENCE OWNED BY; Schema: public; Owner: postgres
--

ALTER SEQUENCE public.adminsideserviceprovider_customerwithservice_id_seq OWNED BY public.adminsideserviceprovider_customerwithservice.id;


--
-- Name: adminsideserviceprovider_hardware; Type: TABLE; Schema: public; Owner: postgres
--

CREATE TABLE public.adminsideserviceprovider_hardware (
    id integer NOT NULL,
    hw_title character varying(255) NOT NULL,
    type character varying(255) NOT NULL,
    model character varying(255) NOT NULL,
    mac character varying(255) NOT NULL,
    sn character varying(255) NOT NULL,
    ver character varying(255) NOT NULL,
    usrn character varying(255) NOT NULL,
    passu character varying(255) NOT NULL,
    adusr character varying(255) NOT NULL,
    adpass character varying(255) NOT NULL,
    dslusr character varying(255) NOT NULL,
    dslpass character varying(255) NOT NULL,
    date_start character varying(255) NOT NULL,
    date_end character varying(255) NOT NULL,
    still_in_service character varying(255) NOT NULL,
    device_buy character varying(255) NOT NULL,
    device_rental character varying(255) NOT NULL,
    montly_rent character varying(255) NOT NULL,
    created_at timestamp with time zone NOT NULL,
    updated_at timestamp with time zone NOT NULL
);


ALTER TABLE public.adminsideserviceprovider_hardware OWNER TO postgres;

--
-- Name: adminsideserviceprovider_hardware_id_seq; Type: SEQUENCE; Schema: public; Owner: postgres
--

CREATE SEQUENCE public.adminsideserviceprovider_hardware_id_seq
    START WITH 1
    INCREMENT BY 1
    NO MINVALUE
    NO MAXVALUE
    CACHE 1;


ALTER TABLE public.adminsideserviceprovider_hardware_id_seq OWNER TO postgres;

--
-- Name: adminsideserviceprovider_hardware_id_seq; Type: SEQUENCE OWNED BY; Schema: public; Owner: postgres
--

ALTER SEQUENCE public.adminsideserviceprovider_hardware_id_seq OWNED BY public.adminsideserviceprovider_hardware.id;


--
-- Name: adminsideserviceprovider_manageservicepricedoc; Type: TABLE; Schema: public; Owner: postgres
--

CREATE TABLE public.adminsideserviceprovider_manageservicepricedoc (
    id integer NOT NULL,
    service_price_doc_name character varying(255) NOT NULL,
    service_price_doc character varying(100) NOT NULL,
    status character varying(15) NOT NULL,
    created_at timestamp with time zone NOT NULL,
    updated_at timestamp with time zone NOT NULL,
    service_price_provider_id integer NOT NULL
);


ALTER TABLE public.adminsideserviceprovider_manageservicepricedoc OWNER TO postgres;

--
-- Name: adminsideserviceprovider_manageservicepricedoc_id_seq; Type: SEQUENCE; Schema: public; Owner: postgres
--

CREATE SEQUENCE public.adminsideserviceprovider_manageservicepricedoc_id_seq
    START WITH 1
    INCREMENT BY 1
    NO MINVALUE
    NO MAXVALUE
    CACHE 1;


ALTER TABLE public.adminsideserviceprovider_manageservicepricedoc_id_seq OWNER TO postgres;

--
-- Name: adminsideserviceprovider_manageservicepricedoc_id_seq; Type: SEQUENCE OWNED BY; Schema: public; Owner: postgres
--

ALTER SEQUENCE public.adminsideserviceprovider_manageservicepricedoc_id_seq OWNED BY public.adminsideserviceprovider_manageservicepricedoc.id;


--
-- Name: adminsideserviceprovider_serviceplanwithhardware; Type: TABLE; Schema: public; Owner: postgres
--

CREATE TABLE public.adminsideserviceprovider_serviceplanwithhardware (
    id integer NOT NULL,
    hw_qty character varying(255) NOT NULL,
    hw_status character varying(150) NOT NULL,
    created_at timestamp with time zone NOT NULL,
    updated_at timestamp with time zone NOT NULL,
    hw_id integer NOT NULL,
    service_plan_id integer NOT NULL
);


ALTER TABLE public.adminsideserviceprovider_serviceplanwithhardware OWNER TO postgres;

--
-- Name: adminsideserviceprovider_serviceplanwithhardware_id_seq; Type: SEQUENCE; Schema: public; Owner: postgres
--

CREATE SEQUENCE public.adminsideserviceprovider_serviceplanwithhardware_id_seq
    START WITH 1
    INCREMENT BY 1
    NO MINVALUE
    NO MAXVALUE
    CACHE 1;


ALTER TABLE public.adminsideserviceprovider_serviceplanwithhardware_id_seq OWNER TO postgres;

--
-- Name: adminsideserviceprovider_serviceplanwithhardware_id_seq; Type: SEQUENCE OWNED BY; Schema: public; Owner: postgres
--

ALTER SEQUENCE public.adminsideserviceprovider_serviceplanwithhardware_id_seq OWNED BY public.adminsideserviceprovider_serviceplanwithhardware.id;


--
-- Name: adminsideserviceprovider_serviceprovider; Type: TABLE; Schema: public; Owner: postgres
--

CREATE TABLE public.adminsideserviceprovider_serviceprovider (
    id integer NOT NULL,
    service_provider_name character varying(255) NOT NULL,
    created_at timestamp with time zone NOT NULL,
    updated_at timestamp with time zone NOT NULL
);


ALTER TABLE public.adminsideserviceprovider_serviceprovider OWNER TO postgres;

--
-- Name: adminsideserviceprovider_serviceprovider_id_seq; Type: SEQUENCE; Schema: public; Owner: postgres
--

CREATE SEQUENCE public.adminsideserviceprovider_serviceprovider_id_seq
    START WITH 1
    INCREMENT BY 1
    NO MINVALUE
    NO MAXVALUE
    CACHE 1;


ALTER TABLE public.adminsideserviceprovider_serviceprovider_id_seq OWNER TO postgres;

--
-- Name: adminsideserviceprovider_serviceprovider_id_seq; Type: SEQUENCE OWNED BY; Schema: public; Owner: postgres
--

ALTER SEQUENCE public.adminsideserviceprovider_serviceprovider_id_seq OWNED BY public.adminsideserviceprovider_serviceprovider.id;


--
-- Name: adminsideserviceprovider_serviceprovidercitymap; Type: TABLE; Schema: public; Owner: postgres
--

CREATE TABLE public.adminsideserviceprovider_serviceprovidercitymap (
    id integer NOT NULL,
    created_at timestamp with time zone NOT NULL,
    updated_at timestamp with time zone NOT NULL,
    city_id integer NOT NULL,
    country_id integer NOT NULL,
    province_id integer NOT NULL,
    service_provider_id integer NOT NULL
);


ALTER TABLE public.adminsideserviceprovider_serviceprovidercitymap OWNER TO postgres;

--
-- Name: adminsideserviceprovider_serviceprovidercitymap_id_seq; Type: SEQUENCE; Schema: public; Owner: postgres
--

CREATE SEQUENCE public.adminsideserviceprovider_serviceprovidercitymap_id_seq
    START WITH 1
    INCREMENT BY 1
    NO MINVALUE
    NO MAXVALUE
    CACHE 1;


ALTER TABLE public.adminsideserviceprovider_serviceprovidercitymap_id_seq OWNER TO postgres;

--
-- Name: adminsideserviceprovider_serviceprovidercitymap_id_seq; Type: SEQUENCE OWNED BY; Schema: public; Owner: postgres
--

ALTER SEQUENCE public.adminsideserviceprovider_serviceprovidercitymap_id_seq OWNED BY public.adminsideserviceprovider_serviceprovidercitymap.id;


--
-- Name: adminsideserviceprovider_serviceproviderplan; Type: TABLE; Schema: public; Owner: postgres
--

CREATE TABLE public.adminsideserviceprovider_serviceproviderplan (
    id integer NOT NULL,
    title character varying(255) NOT NULL,
    retail character varying(255) NOT NULL,
    actual character varying(255) NOT NULL,
    qty character varying(255) NOT NULL,
    created_at timestamp with time zone NOT NULL,
    updated_at timestamp with time zone NOT NULL,
    manage_service_id integer NOT NULL,
    manage_service_category_id integer NOT NULL,
    service_provider_id integer NOT NULL,
    status character varying(255) NOT NULL
);


ALTER TABLE public.adminsideserviceprovider_serviceproviderplan OWNER TO postgres;

--
-- Name: adminsideserviceprovider_serviceproviderplan_id_seq; Type: SEQUENCE; Schema: public; Owner: postgres
--

CREATE SEQUENCE public.adminsideserviceprovider_serviceproviderplan_id_seq
    START WITH 1
    INCREMENT BY 1
    NO MINVALUE
    NO MAXVALUE
    CACHE 1;


ALTER TABLE public.adminsideserviceprovider_serviceproviderplan_id_seq OWNER TO postgres;

--
-- Name: adminsideserviceprovider_serviceproviderplan_id_seq; Type: SEQUENCE OWNED BY; Schema: public; Owner: postgres
--

ALTER SEQUENCE public.adminsideserviceprovider_serviceproviderplan_id_seq OWNED BY public.adminsideserviceprovider_serviceproviderplan.id;


--
-- Name: adminsideserviceprovider_terminatecontractdetails; Type: TABLE; Schema: public; Owner: postgres
--

CREATE TABLE public.adminsideserviceprovider_terminatecontractdetails (
    id integer NOT NULL,
    contract_type character varying(255) NOT NULL,
    contract_date character varying(255) NOT NULL,
    zone character varying(255) NOT NULL,
    monthly_charge character varying(255) NOT NULL,
    outstanding_balance character varying(255) NOT NULL,
    cancellation_date character varying(255) NOT NULL,
    cancellation_charge character varying(255) NOT NULL,
    admin_fee character varying(255) NOT NULL,
    additional_charge character varying(255) NOT NULL,
    comment text NOT NULL,
    created_at timestamp with time zone NOT NULL,
    updated_at timestamp with time zone NOT NULL,
    customercontract_id integer NOT NULL
);


ALTER TABLE public.adminsideserviceprovider_terminatecontractdetails OWNER TO postgres;

--
-- Name: adminsideserviceprovider_terminatecontractdetails_id_seq; Type: SEQUENCE; Schema: public; Owner: postgres
--

CREATE SEQUENCE public.adminsideserviceprovider_terminatecontractdetails_id_seq
    START WITH 1
    INCREMENT BY 1
    NO MINVALUE
    NO MAXVALUE
    CACHE 1;


ALTER TABLE public.adminsideserviceprovider_terminatecontractdetails_id_seq OWNER TO postgres;

--
-- Name: adminsideserviceprovider_terminatecontractdetails_id_seq; Type: SEQUENCE OWNED BY; Schema: public; Owner: postgres
--

ALTER SEQUENCE public.adminsideserviceprovider_terminatecontractdetails_id_seq OWNED BY public.adminsideserviceprovider_terminatecontractdetails.id;


--
-- Name: adminsideserviceprovider_ticketscategories; Type: TABLE; Schema: public; Owner: postgres
--

CREATE TABLE public.adminsideserviceprovider_ticketscategories (
    id integer NOT NULL,
    category_title character varying(255) NOT NULL,
    created_at timestamp with time zone NOT NULL,
    updated_at timestamp with time zone NOT NULL
);


ALTER TABLE public.adminsideserviceprovider_ticketscategories OWNER TO postgres;

--
-- Name: adminsideserviceprovider_ticketscategories_id_seq; Type: SEQUENCE; Schema: public; Owner: postgres
--

CREATE SEQUENCE public.adminsideserviceprovider_ticketscategories_id_seq
    START WITH 1
    INCREMENT BY 1
    NO MINVALUE
    NO MAXVALUE
    CACHE 1;


ALTER TABLE public.adminsideserviceprovider_ticketscategories_id_seq OWNER TO postgres;

--
-- Name: adminsideserviceprovider_ticketscategories_id_seq; Type: SEQUENCE OWNED BY; Schema: public; Owner: postgres
--

ALTER SEQUENCE public.adminsideserviceprovider_ticketscategories_id_seq OWNED BY public.adminsideserviceprovider_ticketscategories.id;


--
-- Name: adminsideserviceprovider_ticketscategorywithserviceprovider; Type: TABLE; Schema: public; Owner: postgres
--

CREATE TABLE public.adminsideserviceprovider_ticketscategorywithserviceprovider (
    id integer NOT NULL,
    created_at timestamp with time zone NOT NULL,
    updated_at timestamp with time zone NOT NULL,
    service_provider_id integer NOT NULL,
    ticket_category_id integer NOT NULL
);


ALTER TABLE public.adminsideserviceprovider_ticketscategorywithserviceprovider OWNER TO postgres;

--
-- Name: adminsideserviceprovider_ticketscategorywithserviceprovi_id_seq; Type: SEQUENCE; Schema: public; Owner: postgres
--

CREATE SEQUENCE public.adminsideserviceprovider_ticketscategorywithserviceprovi_id_seq
    START WITH 1
    INCREMENT BY 1
    NO MINVALUE
    NO MAXVALUE
    CACHE 1;


ALTER TABLE public.adminsideserviceprovider_ticketscategorywithserviceprovi_id_seq OWNER TO postgres;

--
-- Name: adminsideserviceprovider_ticketscategorywithserviceprovi_id_seq; Type: SEQUENCE OWNED BY; Schema: public; Owner: postgres
--

ALTER SEQUENCE public.adminsideserviceprovider_ticketscategorywithserviceprovi_id_seq OWNED BY public.adminsideserviceprovider_ticketscategorywithserviceprovider.id;


--
-- Name: agentpanel_agent; Type: TABLE; Schema: public; Owner: postgres
--

CREATE TABLE public.agentpanel_agent (
    id integer NOT NULL,
    first_name character varying(255) NOT NULL,
    last_name character varying(255) NOT NULL,
    email_address character varying(255) NOT NULL,
    phone bigint NOT NULL,
    status character varying(150) NOT NULL,
    created_at timestamp with time zone NOT NULL,
    updated_at timestamp with time zone NOT NULL,
    user_id integer NOT NULL
);


ALTER TABLE public.agentpanel_agent OWNER TO postgres;

--
-- Name: agentpanel_agent_id_seq; Type: SEQUENCE; Schema: public; Owner: postgres
--

CREATE SEQUENCE public.agentpanel_agent_id_seq
    START WITH 1
    INCREMENT BY 1
    NO MINVALUE
    NO MAXVALUE
    CACHE 1;


ALTER TABLE public.agentpanel_agent_id_seq OWNER TO postgres;

--
-- Name: agentpanel_agent_id_seq; Type: SEQUENCE OWNED BY; Schema: public; Owner: postgres
--

ALTER SEQUENCE public.agentpanel_agent_id_seq OWNED BY public.agentpanel_agent.id;


--
-- Name: auth_group; Type: TABLE; Schema: public; Owner: postgres
--

CREATE TABLE public.auth_group (
    id integer NOT NULL,
    name character varying(80) NOT NULL
);


ALTER TABLE public.auth_group OWNER TO postgres;

--
-- Name: auth_group_id_seq; Type: SEQUENCE; Schema: public; Owner: postgres
--

CREATE SEQUENCE public.auth_group_id_seq
    START WITH 1
    INCREMENT BY 1
    NO MINVALUE
    NO MAXVALUE
    CACHE 1;


ALTER TABLE public.auth_group_id_seq OWNER TO postgres;

--
-- Name: auth_group_id_seq; Type: SEQUENCE OWNED BY; Schema: public; Owner: postgres
--

ALTER SEQUENCE public.auth_group_id_seq OWNED BY public.auth_group.id;


--
-- Name: auth_group_permissions; Type: TABLE; Schema: public; Owner: postgres
--

CREATE TABLE public.auth_group_permissions (
    id integer NOT NULL,
    group_id integer NOT NULL,
    permission_id integer NOT NULL
);


ALTER TABLE public.auth_group_permissions OWNER TO postgres;

--
-- Name: auth_group_permissions_id_seq; Type: SEQUENCE; Schema: public; Owner: postgres
--

CREATE SEQUENCE public.auth_group_permissions_id_seq
    START WITH 1
    INCREMENT BY 1
    NO MINVALUE
    NO MAXVALUE
    CACHE 1;


ALTER TABLE public.auth_group_permissions_id_seq OWNER TO postgres;

--
-- Name: auth_group_permissions_id_seq; Type: SEQUENCE OWNED BY; Schema: public; Owner: postgres
--

ALTER SEQUENCE public.auth_group_permissions_id_seq OWNED BY public.auth_group_permissions.id;


--
-- Name: auth_permission; Type: TABLE; Schema: public; Owner: postgres
--

CREATE TABLE public.auth_permission (
    id integer NOT NULL,
    name character varying(255) NOT NULL,
    content_type_id integer NOT NULL,
    codename character varying(100) NOT NULL
);


ALTER TABLE public.auth_permission OWNER TO postgres;

--
-- Name: auth_permission_id_seq; Type: SEQUENCE; Schema: public; Owner: postgres
--

CREATE SEQUENCE public.auth_permission_id_seq
    START WITH 1
    INCREMENT BY 1
    NO MINVALUE
    NO MAXVALUE
    CACHE 1;


ALTER TABLE public.auth_permission_id_seq OWNER TO postgres;

--
-- Name: auth_permission_id_seq; Type: SEQUENCE OWNED BY; Schema: public; Owner: postgres
--

ALTER SEQUENCE public.auth_permission_id_seq OWNED BY public.auth_permission.id;


--
-- Name: auth_user; Type: TABLE; Schema: public; Owner: postgres
--

CREATE TABLE public.auth_user (
    id integer NOT NULL,
    password character varying(128) NOT NULL,
    last_login timestamp with time zone,
    is_superuser boolean NOT NULL,
    username character varying(150) NOT NULL,
    first_name character varying(30) NOT NULL,
    last_name character varying(30) NOT NULL,
    email character varying(254) NOT NULL,
    is_staff boolean NOT NULL,
    is_active boolean NOT NULL,
    date_joined timestamp with time zone NOT NULL
);


ALTER TABLE public.auth_user OWNER TO postgres;

--
-- Name: auth_user_groups; Type: TABLE; Schema: public; Owner: postgres
--

CREATE TABLE public.auth_user_groups (
    id integer NOT NULL,
    user_id integer NOT NULL,
    group_id integer NOT NULL
);


ALTER TABLE public.auth_user_groups OWNER TO postgres;

--
-- Name: auth_user_groups_id_seq; Type: SEQUENCE; Schema: public; Owner: postgres
--

CREATE SEQUENCE public.auth_user_groups_id_seq
    START WITH 1
    INCREMENT BY 1
    NO MINVALUE
    NO MAXVALUE
    CACHE 1;


ALTER TABLE public.auth_user_groups_id_seq OWNER TO postgres;

--
-- Name: auth_user_groups_id_seq; Type: SEQUENCE OWNED BY; Schema: public; Owner: postgres
--

ALTER SEQUENCE public.auth_user_groups_id_seq OWNED BY public.auth_user_groups.id;


--
-- Name: auth_user_id_seq; Type: SEQUENCE; Schema: public; Owner: postgres
--

CREATE SEQUENCE public.auth_user_id_seq
    START WITH 1
    INCREMENT BY 1
    NO MINVALUE
    NO MAXVALUE
    CACHE 1;


ALTER TABLE public.auth_user_id_seq OWNER TO postgres;

--
-- Name: auth_user_id_seq; Type: SEQUENCE OWNED BY; Schema: public; Owner: postgres
--

ALTER SEQUENCE public.auth_user_id_seq OWNED BY public.auth_user.id;


--
-- Name: auth_user_user_permissions; Type: TABLE; Schema: public; Owner: postgres
--

CREATE TABLE public.auth_user_user_permissions (
    id integer NOT NULL,
    user_id integer NOT NULL,
    permission_id integer NOT NULL
);


ALTER TABLE public.auth_user_user_permissions OWNER TO postgres;

--
-- Name: auth_user_user_permissions_id_seq; Type: SEQUENCE; Schema: public; Owner: postgres
--

CREATE SEQUENCE public.auth_user_user_permissions_id_seq
    START WITH 1
    INCREMENT BY 1
    NO MINVALUE
    NO MAXVALUE
    CACHE 1;


ALTER TABLE public.auth_user_user_permissions_id_seq OWNER TO postgres;

--
-- Name: auth_user_user_permissions_id_seq; Type: SEQUENCE OWNED BY; Schema: public; Owner: postgres
--

ALTER SEQUENCE public.auth_user_user_permissions_id_seq OWNED BY public.auth_user_user_permissions.id;


--
-- Name: crmadmin_callcost; Type: TABLE; Schema: public; Owner: postgres
--

CREATE TABLE public.crmadmin_callcost (
    id integer NOT NULL,
    source character varying(255) NOT NULL,
    destination character varying(255) NOT NULL,
    call_cost character varying(255) NOT NULL,
    start_date character varying(255) NOT NULL,
    end_date character varying(255) NOT NULL,
    status character varying(150) NOT NULL,
    created_at timestamp with time zone NOT NULL,
    updated_at timestamp with time zone NOT NULL,
    user_id integer NOT NULL
);


ALTER TABLE public.crmadmin_callcost OWNER TO postgres;

--
-- Name: crmadmin_callcost_id_seq; Type: SEQUENCE; Schema: public; Owner: postgres
--

CREATE SEQUENCE public.crmadmin_callcost_id_seq
    START WITH 1
    INCREMENT BY 1
    NO MINVALUE
    NO MAXVALUE
    CACHE 1;


ALTER TABLE public.crmadmin_callcost_id_seq OWNER TO postgres;

--
-- Name: crmadmin_callcost_id_seq; Type: SEQUENCE OWNED BY; Schema: public; Owner: postgres
--

ALTER SEQUENCE public.crmadmin_callcost_id_seq OWNED BY public.crmadmin_callcost.id;


--
-- Name: crmadmin_manageserviceprice; Type: TABLE; Schema: public; Owner: postgres
--

CREATE TABLE public.crmadmin_manageserviceprice (
    id integer NOT NULL,
    service_name character varying(255) NOT NULL,
    service_price double precision NOT NULL,
    service_desc text NOT NULL,
    service_logo character varying(100) NOT NULL,
    status character varying(15) NOT NULL,
    special_offer character varying(255) NOT NULL,
    created_at timestamp with time zone NOT NULL,
    updated_at timestamp with time zone NOT NULL,
    service_category_id integer NOT NULL
);


ALTER TABLE public.crmadmin_manageserviceprice OWNER TO postgres;

--
-- Name: crmadmin_manageserviceprice_id_seq; Type: SEQUENCE; Schema: public; Owner: postgres
--

CREATE SEQUENCE public.crmadmin_manageserviceprice_id_seq
    START WITH 1
    INCREMENT BY 1
    NO MINVALUE
    NO MAXVALUE
    CACHE 1;


ALTER TABLE public.crmadmin_manageserviceprice_id_seq OWNER TO postgres;

--
-- Name: crmadmin_manageserviceprice_id_seq; Type: SEQUENCE OWNED BY; Schema: public; Owner: postgres
--

ALTER SEQUENCE public.crmadmin_manageserviceprice_id_seq OWNED BY public.crmadmin_manageserviceprice.id;


--
-- Name: crmadmin_manageservicespricecategory; Type: TABLE; Schema: public; Owner: postgres
--

CREATE TABLE public.crmadmin_manageservicespricecategory (
    id integer NOT NULL,
    service_category_name character varying(255) NOT NULL,
    status character varying(15) NOT NULL,
    created_at timestamp with time zone NOT NULL,
    updated_at timestamp with time zone NOT NULL
);


ALTER TABLE public.crmadmin_manageservicespricecategory OWNER TO postgres;

--
-- Name: crmadmin_manageservicespricecategory_id_seq; Type: SEQUENCE; Schema: public; Owner: postgres
--

CREATE SEQUENCE public.crmadmin_manageservicespricecategory_id_seq
    START WITH 1
    INCREMENT BY 1
    NO MINVALUE
    NO MAXVALUE
    CACHE 1;


ALTER TABLE public.crmadmin_manageservicespricecategory_id_seq OWNER TO postgres;

--
-- Name: crmadmin_manageservicespricecategory_id_seq; Type: SEQUENCE OWNED BY; Schema: public; Owner: postgres
--

ALTER SEQUENCE public.crmadmin_manageservicespricecategory_id_seq OWNED BY public.crmadmin_manageservicespricecategory.id;


--
-- Name: crmadmin_services; Type: TABLE; Schema: public; Owner: postgres
--

CREATE TABLE public.crmadmin_services (
    id integer NOT NULL,
    title character varying(255) NOT NULL,
    price double precision NOT NULL,
    phone_service boolean NOT NULL,
    internet_service boolean NOT NULL,
    created_at timestamp with time zone NOT NULL,
    updated_at timestamp with time zone NOT NULL
);


ALTER TABLE public.crmadmin_services OWNER TO postgres;

--
-- Name: crmadmin_services_id_seq; Type: SEQUENCE; Schema: public; Owner: postgres
--

CREATE SEQUENCE public.crmadmin_services_id_seq
    START WITH 1
    INCREMENT BY 1
    NO MINVALUE
    NO MAXVALUE
    CACHE 1;


ALTER TABLE public.crmadmin_services_id_seq OWNER TO postgres;

--
-- Name: crmadmin_services_id_seq; Type: SEQUENCE OWNED BY; Schema: public; Owner: postgres
--

ALTER SEQUENCE public.crmadmin_services_id_seq OWNED BY public.crmadmin_services.id;


--
-- Name: crmadmin_userimage; Type: TABLE; Schema: public; Owner: postgres
--

CREATE TABLE public.crmadmin_userimage (
    id integer NOT NULL,
    avatardata character varying(100) NOT NULL,
    created_at timestamp with time zone NOT NULL,
    updated_at timestamp with time zone NOT NULL,
    user_id integer NOT NULL
);


ALTER TABLE public.crmadmin_userimage OWNER TO postgres;

--
-- Name: crmadmin_userimage_id_seq; Type: SEQUENCE; Schema: public; Owner: postgres
--

CREATE SEQUENCE public.crmadmin_userimage_id_seq
    START WITH 1
    INCREMENT BY 1
    NO MINVALUE
    NO MAXVALUE
    CACHE 1;


ALTER TABLE public.crmadmin_userimage_id_seq OWNER TO postgres;

--
-- Name: crmadmin_userimage_id_seq; Type: SEQUENCE OWNED BY; Schema: public; Owner: postgres
--

ALTER SEQUENCE public.crmadmin_userimage_id_seq OWNED BY public.crmadmin_userimage.id;


--
-- Name: crmadmin_userprofile; Type: TABLE; Schema: public; Owner: postgres
--

CREATE TABLE public.crmadmin_userprofile (
    id integer NOT NULL,
    login_type character varying(50) NOT NULL,
    "commissions_in_USD" double precision NOT NULL,
    commissions_in_percent double precision NOT NULL,
    role character varying(50) NOT NULL,
    extentions character varying(255) NOT NULL,
    user_id integer NOT NULL
);


ALTER TABLE public.crmadmin_userprofile OWNER TO postgres;

--
-- Name: crmadmin_userprofile_id_seq; Type: SEQUENCE; Schema: public; Owner: postgres
--

CREATE SEQUENCE public.crmadmin_userprofile_id_seq
    START WITH 1
    INCREMENT BY 1
    NO MINVALUE
    NO MAXVALUE
    CACHE 1;


ALTER TABLE public.crmadmin_userprofile_id_seq OWNER TO postgres;

--
-- Name: crmadmin_userprofile_id_seq; Type: SEQUENCE OWNED BY; Schema: public; Owner: postgres
--

ALTER SEQUENCE public.crmadmin_userprofile_id_seq OWNED BY public.crmadmin_userprofile.id;


--
-- Name: customer_billing_bankingdetails; Type: TABLE; Schema: public; Owner: postgres
--

CREATE TABLE public.customer_billing_bankingdetails (
    id integer NOT NULL,
    branch_id character varying(255) NOT NULL,
    institution_no character varying(255) NOT NULL,
    account_no character varying(255) NOT NULL,
    account_name character varying(255) NOT NULL,
    bank_name character varying(100),
    user_id integer NOT NULL
);


ALTER TABLE public.customer_billing_bankingdetails OWNER TO postgres;

--
-- Name: customer_billing_bankingdetails_id_seq; Type: SEQUENCE; Schema: public; Owner: postgres
--

CREATE SEQUENCE public.customer_billing_bankingdetails_id_seq
    START WITH 1
    INCREMENT BY 1
    NO MINVALUE
    NO MAXVALUE
    CACHE 1;


ALTER TABLE public.customer_billing_bankingdetails_id_seq OWNER TO postgres;

--
-- Name: customer_billing_bankingdetails_id_seq; Type: SEQUENCE OWNED BY; Schema: public; Owner: postgres
--

ALTER SEQUENCE public.customer_billing_bankingdetails_id_seq OWNED BY public.customer_billing_bankingdetails.id;


--
-- Name: customer_billing_billingdetailscustomer; Type: TABLE; Schema: public; Owner: postgres
--

CREATE TABLE public.customer_billing_billingdetailscustomer (
    id integer NOT NULL,
    contract_type character varying(255) NOT NULL,
    billing_day character varying(255) NOT NULL,
    payment_mode character varying(50) NOT NULL,
    payment_method character varying(50) NOT NULL,
    year_pre_payment character varying(255),
    billing_from character varying(255) NOT NULL,
    billing_to character varying(255) NOT NULL,
    created_at timestamp with time zone NOT NULL,
    updated_at timestamp with time zone NOT NULL,
    salesperson_id integer NOT NULL,
    user_id integer NOT NULL
);


ALTER TABLE public.customer_billing_billingdetailscustomer OWNER TO postgres;

--
-- Name: customer_billing_billingdetailscustomer_id_seq; Type: SEQUENCE; Schema: public; Owner: postgres
--

CREATE SEQUENCE public.customer_billing_billingdetailscustomer_id_seq
    START WITH 1
    INCREMENT BY 1
    NO MINVALUE
    NO MAXVALUE
    CACHE 1;


ALTER TABLE public.customer_billing_billingdetailscustomer_id_seq OWNER TO postgres;

--
-- Name: customer_billing_billingdetailscustomer_id_seq; Type: SEQUENCE OWNED BY; Schema: public; Owner: postgres
--

ALTER SEQUENCE public.customer_billing_billingdetailscustomer_id_seq OWNED BY public.customer_billing_billingdetailscustomer.id;


--
-- Name: customer_billing_creditcard; Type: TABLE; Schema: public; Owner: postgres
--

CREATE TABLE public.customer_billing_creditcard (
    id integer NOT NULL,
    card_type character varying(20) NOT NULL,
    name character varying(255) NOT NULL,
    number character varying(50) NOT NULL,
    month integer NOT NULL,
    year integer NOT NULL,
    cvv integer NOT NULL,
    user_id integer NOT NULL,
    "primary" boolean NOT NULL
);


ALTER TABLE public.customer_billing_creditcard OWNER TO postgres;

--
-- Name: customer_billing_creditcard_id_seq; Type: SEQUENCE; Schema: public; Owner: postgres
--

CREATE SEQUENCE public.customer_billing_creditcard_id_seq
    START WITH 1
    INCREMENT BY 1
    NO MINVALUE
    NO MAXVALUE
    CACHE 1;


ALTER TABLE public.customer_billing_creditcard_id_seq OWNER TO postgres;

--
-- Name: customer_billing_creditcard_id_seq; Type: SEQUENCE OWNED BY; Schema: public; Owner: postgres
--

ALTER SEQUENCE public.customer_billing_creditcard_id_seq OWNED BY public.customer_billing_creditcard.id;


--
-- Name: customer_billing_paypaldetails; Type: TABLE; Schema: public; Owner: postgres
--

CREATE TABLE public.customer_billing_paypaldetails (
    id integer NOT NULL,
    account_id character varying(255) NOT NULL,
    user_id integer NOT NULL
);


ALTER TABLE public.customer_billing_paypaldetails OWNER TO postgres;

--
-- Name: customer_billing_paypaldetails_id_seq; Type: SEQUENCE; Schema: public; Owner: postgres
--

CREATE SEQUENCE public.customer_billing_paypaldetails_id_seq
    START WITH 1
    INCREMENT BY 1
    NO MINVALUE
    NO MAXVALUE
    CACHE 1;


ALTER TABLE public.customer_billing_paypaldetails_id_seq OWNER TO postgres;

--
-- Name: customer_billing_paypaldetails_id_seq; Type: SEQUENCE OWNED BY; Schema: public; Owner: postgres
--

ALTER SEQUENCE public.customer_billing_paypaldetails_id_seq OWNED BY public.customer_billing_paypaldetails.id;


--
-- Name: django_admin_log; Type: TABLE; Schema: public; Owner: postgres
--

CREATE TABLE public.django_admin_log (
    id integer NOT NULL,
    action_time timestamp with time zone NOT NULL,
    object_id text,
    object_repr character varying(200) NOT NULL,
    action_flag smallint NOT NULL,
    change_message text NOT NULL,
    content_type_id integer,
    user_id integer NOT NULL,
    CONSTRAINT django_admin_log_action_flag_check CHECK ((action_flag >= 0))
);


ALTER TABLE public.django_admin_log OWNER TO postgres;

--
-- Name: django_admin_log_id_seq; Type: SEQUENCE; Schema: public; Owner: postgres
--

CREATE SEQUENCE public.django_admin_log_id_seq
    START WITH 1
    INCREMENT BY 1
    NO MINVALUE
    NO MAXVALUE
    CACHE 1;


ALTER TABLE public.django_admin_log_id_seq OWNER TO postgres;

--
-- Name: django_admin_log_id_seq; Type: SEQUENCE OWNED BY; Schema: public; Owner: postgres
--

ALTER SEQUENCE public.django_admin_log_id_seq OWNED BY public.django_admin_log.id;


--
-- Name: django_content_type; Type: TABLE; Schema: public; Owner: postgres
--

CREATE TABLE public.django_content_type (
    id integer NOT NULL,
    app_label character varying(100) NOT NULL,
    model character varying(100) NOT NULL
);


ALTER TABLE public.django_content_type OWNER TO postgres;

--
-- Name: django_content_type_id_seq; Type: SEQUENCE; Schema: public; Owner: postgres
--

CREATE SEQUENCE public.django_content_type_id_seq
    START WITH 1
    INCREMENT BY 1
    NO MINVALUE
    NO MAXVALUE
    CACHE 1;


ALTER TABLE public.django_content_type_id_seq OWNER TO postgres;

--
-- Name: django_content_type_id_seq; Type: SEQUENCE OWNED BY; Schema: public; Owner: postgres
--

ALTER SEQUENCE public.django_content_type_id_seq OWNED BY public.django_content_type.id;


--
-- Name: django_migrations; Type: TABLE; Schema: public; Owner: postgres
--

CREATE TABLE public.django_migrations (
    id integer NOT NULL,
    app character varying(255) NOT NULL,
    name character varying(255) NOT NULL,
    applied timestamp with time zone NOT NULL
);


ALTER TABLE public.django_migrations OWNER TO postgres;

--
-- Name: django_migrations_id_seq; Type: SEQUENCE; Schema: public; Owner: postgres
--

CREATE SEQUENCE public.django_migrations_id_seq
    START WITH 1
    INCREMENT BY 1
    NO MINVALUE
    NO MAXVALUE
    CACHE 1;


ALTER TABLE public.django_migrations_id_seq OWNER TO postgres;

--
-- Name: django_migrations_id_seq; Type: SEQUENCE OWNED BY; Schema: public; Owner: postgres
--

ALTER SEQUENCE public.django_migrations_id_seq OWNED BY public.django_migrations.id;


--
-- Name: django_session; Type: TABLE; Schema: public; Owner: postgres
--

CREATE TABLE public.django_session (
    session_key character varying(40) NOT NULL,
    session_data text NOT NULL,
    expire_date timestamp with time zone NOT NULL
);


ALTER TABLE public.django_session OWNER TO postgres;

--
-- Name: egciptvhome_customerapplyforservice; Type: TABLE; Schema: public; Owner: postgres
--

CREATE TABLE public.egciptvhome_customerapplyforservice (
    id integer NOT NULL,
    first_name character varying(255) NOT NULL,
    last_name character varying(255) NOT NULL,
    email_address character varying(255) NOT NULL,
    company_name character varying(255),
    phone bigint NOT NULL,
    cell_number bigint NOT NULL,
    call_time character varying(255),
    installation_time character varying(255),
    hear_about_us character varying(255),
    existing_service_provider character varying(255),
    service_date_time character varying(255),
    cancellation_date_with_current_provider character varying(255),
    terms_of_service character varying(255),
    referred_ac_no character varying(255),
    referred_by character varying(255),
    promo_code character varying(255),
    message text NOT NULL,
    service_address_1 character varying(255) NOT NULL,
    service_address_2 character varying(255) NOT NULL,
    service_apt_suite character varying(255) NOT NULL,
    service_postcode character varying(255) NOT NULL,
    applied_ip_address character varying(255) NOT NULL,
    previous_invoice character varying(100),
    created_at timestamp with time zone NOT NULL,
    updated_at timestamp with time zone NOT NULL,
    menu_category_id integer NOT NULL,
    plan_id integer NOT NULL,
    service_city_id integer NOT NULL,
    service_country_id integer NOT NULL,
    service_province_id integer NOT NULL
);


ALTER TABLE public.egciptvhome_customerapplyforservice OWNER TO postgres;

--
-- Name: egciptvhome_customerapplyforservice_id_seq; Type: SEQUENCE; Schema: public; Owner: postgres
--

CREATE SEQUENCE public.egciptvhome_customerapplyforservice_id_seq
    START WITH 1
    INCREMENT BY 1
    NO MINVALUE
    NO MAXVALUE
    CACHE 1;


ALTER TABLE public.egciptvhome_customerapplyforservice_id_seq OWNER TO postgres;

--
-- Name: egciptvhome_customerapplyforservice_id_seq; Type: SEQUENCE OWNED BY; Schema: public; Owner: postgres
--

ALTER SEQUENCE public.egciptvhome_customerapplyforservice_id_seq OWNED BY public.egciptvhome_customerapplyforservice.id;


--
-- Name: egciptvhome_customerapplyforservicebilling; Type: TABLE; Schema: public; Owner: postgres
--

CREATE TABLE public.egciptvhome_customerapplyforservicebilling (
    id integer NOT NULL,
    billing_address_1 character varying(255),
    billing_address_2 character varying(255),
    billing_apt_suite character varying(255),
    billing_postcode character varying(255),
    billing_city_id integer,
    billing_country_id integer,
    billing_province_id integer,
    customer_apply_for_service_id integer NOT NULL
);


ALTER TABLE public.egciptvhome_customerapplyforservicebilling OWNER TO postgres;

--
-- Name: egciptvhome_customerapplyforservicebilling_id_seq; Type: SEQUENCE; Schema: public; Owner: postgres
--

CREATE SEQUENCE public.egciptvhome_customerapplyforservicebilling_id_seq
    START WITH 1
    INCREMENT BY 1
    NO MINVALUE
    NO MAXVALUE
    CACHE 1;


ALTER TABLE public.egciptvhome_customerapplyforservicebilling_id_seq OWNER TO postgres;

--
-- Name: egciptvhome_customerapplyforservicebilling_id_seq; Type: SEQUENCE OWNED BY; Schema: public; Owner: postgres
--

ALTER SEQUENCE public.egciptvhome_customerapplyforservicebilling_id_seq OWNED BY public.egciptvhome_customerapplyforservicebilling.id;


--
-- Name: egciptvhome_otherdetails; Type: TABLE; Schema: public; Owner: postgres
--

CREATE TABLE public.egciptvhome_otherdetails (
    id integer NOT NULL,
    key character varying(255) NOT NULL,
    value text NOT NULL,
    address character varying(255) NOT NULL,
    city character varying(255) NOT NULL,
    province character varying(255) NOT NULL,
    country character varying(255) NOT NULL,
    zip character varying(255) NOT NULL,
    fax character varying(255) NOT NULL,
    phone character varying(255) NOT NULL,
    email character varying(255) NOT NULL,
    created_at timestamp with time zone NOT NULL,
    updated_at timestamp with time zone NOT NULL
);


ALTER TABLE public.egciptvhome_otherdetails OWNER TO postgres;

--
-- Name: egciptvhome_otherdetails_id_seq; Type: SEQUENCE; Schema: public; Owner: postgres
--

CREATE SEQUENCE public.egciptvhome_otherdetails_id_seq
    START WITH 1
    INCREMENT BY 1
    NO MINVALUE
    NO MAXVALUE
    CACHE 1;


ALTER TABLE public.egciptvhome_otherdetails_id_seq OWNER TO postgres;

--
-- Name: egciptvhome_otherdetails_id_seq; Type: SEQUENCE OWNED BY; Schema: public; Owner: postgres
--

ALTER SEQUENCE public.egciptvhome_otherdetails_id_seq OWNED BY public.egciptvhome_otherdetails.id;


--
-- Name: rateareacode_ratewithareacode; Type: TABLE; Schema: public; Owner: postgres
--

CREATE TABLE public.rateareacode_ratewithareacode (
    id integer NOT NULL,
    area_code character varying(255) NOT NULL,
    rate double precision NOT NULL,
    status character varying(150) NOT NULL,
    created_at timestamp with time zone NOT NULL,
    updated_at timestamp with time zone NOT NULL,
    country_id integer NOT NULL,
    province_id integer NOT NULL
);


ALTER TABLE public.rateareacode_ratewithareacode OWNER TO postgres;

--
-- Name: rateareacode_ratewithareacode_id_seq; Type: SEQUENCE; Schema: public; Owner: postgres
--

CREATE SEQUENCE public.rateareacode_ratewithareacode_id_seq
    START WITH 1
    INCREMENT BY 1
    NO MINVALUE
    NO MAXVALUE
    CACHE 1;


ALTER TABLE public.rateareacode_ratewithareacode_id_seq OWNER TO postgres;

--
-- Name: rateareacode_ratewithareacode_id_seq; Type: SEQUENCE OWNED BY; Schema: public; Owner: postgres
--

ALTER SEQUENCE public.rateareacode_ratewithareacode_id_seq OWNED BY public.rateareacode_ratewithareacode.id;


--
-- Name: ratecustomerbillingwithcdr_customerbillingdetails; Type: TABLE; Schema: public; Owner: postgres
--

CREATE TABLE public.ratecustomerbillingwithcdr_customerbillingdetails (
    id integer NOT NULL,
    customer_service_contract text NOT NULL,
    call_cost text NOT NULL,
    previous_balance text NOT NULL,
    current_balance text NOT NULL,
    due_amount text NOT NULL,
    payment_status character varying(150) NOT NULL,
    created_at timestamp with time zone NOT NULL,
    updated_at timestamp with time zone NOT NULL,
    user_id integer NOT NULL
);


ALTER TABLE public.ratecustomerbillingwithcdr_customerbillingdetails OWNER TO postgres;

--
-- Name: ratecustomerbillingwithcdr_customerbillingdetails_id_seq; Type: SEQUENCE; Schema: public; Owner: postgres
--

CREATE SEQUENCE public.ratecustomerbillingwithcdr_customerbillingdetails_id_seq
    START WITH 1
    INCREMENT BY 1
    NO MINVALUE
    NO MAXVALUE
    CACHE 1;


ALTER TABLE public.ratecustomerbillingwithcdr_customerbillingdetails_id_seq OWNER TO postgres;

--
-- Name: ratecustomerbillingwithcdr_customerbillingdetails_id_seq; Type: SEQUENCE OWNED BY; Schema: public; Owner: postgres
--

ALTER SEQUENCE public.ratecustomerbillingwithcdr_customerbillingdetails_id_seq OWNED BY public.ratecustomerbillingwithcdr_customerbillingdetails.id;


--
-- Name: ratecustomerbillingwithcdr_customerbillingdetailswithedited; Type: TABLE; Schema: public; Owner: postgres
--

CREATE TABLE public.ratecustomerbillingwithcdr_customerbillingdetailswithedited (
    id integer NOT NULL,
    reduce_payment text NOT NULL,
    paid_payment text NOT NULL,
    created_at timestamp with time zone NOT NULL,
    updated_at timestamp with time zone NOT NULL,
    customer_billing_details_id integer NOT NULL,
    user_id integer NOT NULL
);


ALTER TABLE public.ratecustomerbillingwithcdr_customerbillingdetailswithedited OWNER TO postgres;

--
-- Name: ratecustomerbillingwithcdr_customerbillingdetailswithedi_id_seq; Type: SEQUENCE; Schema: public; Owner: postgres
--

CREATE SEQUENCE public.ratecustomerbillingwithcdr_customerbillingdetailswithedi_id_seq
    START WITH 1
    INCREMENT BY 1
    NO MINVALUE
    NO MAXVALUE
    CACHE 1;


ALTER TABLE public.ratecustomerbillingwithcdr_customerbillingdetailswithedi_id_seq OWNER TO postgres;

--
-- Name: ratecustomerbillingwithcdr_customerbillingdetailswithedi_id_seq; Type: SEQUENCE OWNED BY; Schema: public; Owner: postgres
--

ALTER SEQUENCE public.ratecustomerbillingwithcdr_customerbillingdetailswithedi_id_seq OWNED BY public.ratecustomerbillingwithcdr_customerbillingdetailswithedited.id;


--
-- Name: ratecustomerbillingwithcdr_voiplongdistancerate; Type: TABLE; Schema: public; Owner: postgres
--

CREATE TABLE public.ratecustomerbillingwithcdr_voiplongdistancerate (
    id integer NOT NULL,
    country character varying(255),
    prefix character varying(255),
    rate character varying(255),
    created_at timestamp with time zone NOT NULL,
    updated_at timestamp with time zone NOT NULL
);


ALTER TABLE public.ratecustomerbillingwithcdr_voiplongdistancerate OWNER TO postgres;

--
-- Name: ratecustomerbillingwithcdr_voiplongdistancerate_id_seq; Type: SEQUENCE; Schema: public; Owner: postgres
--

CREATE SEQUENCE public.ratecustomerbillingwithcdr_voiplongdistancerate_id_seq
    START WITH 1
    INCREMENT BY 1
    NO MINVALUE
    NO MAXVALUE
    CACHE 1;


ALTER TABLE public.ratecustomerbillingwithcdr_voiplongdistancerate_id_seq OWNER TO postgres;

--
-- Name: ratecustomerbillingwithcdr_voiplongdistancerate_id_seq; Type: SEQUENCE OWNED BY; Schema: public; Owner: postgres
--

ALTER SEQUENCE public.ratecustomerbillingwithcdr_voiplongdistancerate_id_seq OWNED BY public.ratecustomerbillingwithcdr_voiplongdistancerate.id;


--
-- Name: settingcontractsheet_contractsheet; Type: TABLE; Schema: public; Owner: postgres
--

CREATE TABLE public.settingcontractsheet_contractsheet (
    id integer NOT NULL,
    title1 text NOT NULL,
    title2 text NOT NULL,
    title3 text NOT NULL,
    title4 text NOT NULL,
    title5 text NOT NULL,
    title6 text NOT NULL,
    title7 text NOT NULL,
    title8 text NOT NULL,
    title9 text NOT NULL,
    title10 text NOT NULL,
    title11 text NOT NULL,
    title12 text NOT NULL,
    title13 text NOT NULL,
    title14 text NOT NULL,
    title15 text NOT NULL,
    title16 text NOT NULL,
    title17 text NOT NULL,
    title18 text NOT NULL,
    title19 text NOT NULL,
    title20 text NOT NULL,
    created_at timestamp with time zone NOT NULL,
    updated_at timestamp with time zone NOT NULL,
    user_id integer NOT NULL
);


ALTER TABLE public.settingcontractsheet_contractsheet OWNER TO postgres;

--
-- Name: settingcontractsheet_contractsheet_id_seq; Type: SEQUENCE; Schema: public; Owner: postgres
--

CREATE SEQUENCE public.settingcontractsheet_contractsheet_id_seq
    START WITH 1
    INCREMENT BY 1
    NO MINVALUE
    NO MAXVALUE
    CACHE 1;


ALTER TABLE public.settingcontractsheet_contractsheet_id_seq OWNER TO postgres;

--
-- Name: settingcontractsheet_contractsheet_id_seq; Type: SEQUENCE OWNED BY; Schema: public; Owner: postgres
--

ALTER SEQUENCE public.settingcontractsheet_contractsheet_id_seq OWNED BY public.settingcontractsheet_contractsheet.id;


--
-- Name: sitefrontendbyadmin_backgroundimage; Type: TABLE; Schema: public; Owner: postgres
--

CREATE TABLE public.sitefrontendbyadmin_backgroundimage (
    id integer NOT NULL,
    image character varying(100),
    created_at timestamp with time zone NOT NULL,
    updated_at timestamp with time zone NOT NULL
);


ALTER TABLE public.sitefrontendbyadmin_backgroundimage OWNER TO postgres;

--
-- Name: sitefrontendbyadmin_backgroundimage_id_seq; Type: SEQUENCE; Schema: public; Owner: postgres
--

CREATE SEQUENCE public.sitefrontendbyadmin_backgroundimage_id_seq
    START WITH 1
    INCREMENT BY 1
    NO MINVALUE
    NO MAXVALUE
    CACHE 1;


ALTER TABLE public.sitefrontendbyadmin_backgroundimage_id_seq OWNER TO postgres;

--
-- Name: sitefrontendbyadmin_backgroundimage_id_seq; Type: SEQUENCE OWNED BY; Schema: public; Owner: postgres
--

ALTER SEQUENCE public.sitefrontendbyadmin_backgroundimage_id_seq OWNED BY public.sitefrontendbyadmin_backgroundimage.id;


--
-- Name: sitefrontendbyadmin_faq; Type: TABLE; Schema: public; Owner: postgres
--

CREATE TABLE public.sitefrontendbyadmin_faq (
    id integer NOT NULL,
    questions text NOT NULL,
    answers text NOT NULL,
    docs character varying(100),
    link character varying(255) NOT NULL,
    status character varying(15) NOT NULL,
    created_at timestamp with time zone NOT NULL,
    updated_at timestamp with time zone NOT NULL
);


ALTER TABLE public.sitefrontendbyadmin_faq OWNER TO postgres;

--
-- Name: sitefrontendbyadmin_faq_id_seq; Type: SEQUENCE; Schema: public; Owner: postgres
--

CREATE SEQUENCE public.sitefrontendbyadmin_faq_id_seq
    START WITH 1
    INCREMENT BY 1
    NO MINVALUE
    NO MAXVALUE
    CACHE 1;


ALTER TABLE public.sitefrontendbyadmin_faq_id_seq OWNER TO postgres;

--
-- Name: sitefrontendbyadmin_faq_id_seq; Type: SEQUENCE OWNED BY; Schema: public; Owner: postgres
--

ALTER SEQUENCE public.sitefrontendbyadmin_faq_id_seq OWNED BY public.sitefrontendbyadmin_faq.id;


--
-- Name: sitefrontendbyadmin_followus; Type: TABLE; Schema: public; Owner: postgres
--

CREATE TABLE public.sitefrontendbyadmin_followus (
    id integer NOT NULL,
    url text NOT NULL,
    fa_fa_icon text NOT NULL,
    status character varying(15) NOT NULL,
    created_at timestamp with time zone NOT NULL,
    updated_at timestamp with time zone NOT NULL
);


ALTER TABLE public.sitefrontendbyadmin_followus OWNER TO postgres;

--
-- Name: sitefrontendbyadmin_followus_id_seq; Type: SEQUENCE; Schema: public; Owner: postgres
--

CREATE SEQUENCE public.sitefrontendbyadmin_followus_id_seq
    START WITH 1
    INCREMENT BY 1
    NO MINVALUE
    NO MAXVALUE
    CACHE 1;


ALTER TABLE public.sitefrontendbyadmin_followus_id_seq OWNER TO postgres;

--
-- Name: sitefrontendbyadmin_followus_id_seq; Type: SEQUENCE OWNED BY; Schema: public; Owner: postgres
--

ALTER SEQUENCE public.sitefrontendbyadmin_followus_id_seq OWNED BY public.sitefrontendbyadmin_followus.id;


--
-- Name: sitefrontendbyadmin_menucategory; Type: TABLE; Schema: public; Owner: postgres
--

CREATE TABLE public.sitefrontendbyadmin_menucategory (
    id integer NOT NULL,
    status character varying(15) NOT NULL,
    created_at timestamp with time zone NOT NULL,
    updated_at timestamp with time zone NOT NULL,
    service_category_id integer NOT NULL,
    service_parent_category_id integer NOT NULL,
    service_sub_parent_category_name_id integer NOT NULL
);


ALTER TABLE public.sitefrontendbyadmin_menucategory OWNER TO postgres;

--
-- Name: sitefrontendbyadmin_menucategory_id_seq; Type: SEQUENCE; Schema: public; Owner: postgres
--

CREATE SEQUENCE public.sitefrontendbyadmin_menucategory_id_seq
    START WITH 1
    INCREMENT BY 1
    NO MINVALUE
    NO MAXVALUE
    CACHE 1;


ALTER TABLE public.sitefrontendbyadmin_menucategory_id_seq OWNER TO postgres;

--
-- Name: sitefrontendbyadmin_menucategory_id_seq; Type: SEQUENCE OWNED BY; Schema: public; Owner: postgres
--

ALTER SEQUENCE public.sitefrontendbyadmin_menucategory_id_seq OWNED BY public.sitefrontendbyadmin_menucategory.id;


--
-- Name: sitefrontendbyadmin_menuparentcategory; Type: TABLE; Schema: public; Owner: postgres
--

CREATE TABLE public.sitefrontendbyadmin_menuparentcategory (
    id integer NOT NULL,
    service_parent_category_name character varying(255) NOT NULL,
    created_at timestamp with time zone NOT NULL,
    updated_at timestamp with time zone NOT NULL,
    status character varying(15) NOT NULL
);


ALTER TABLE public.sitefrontendbyadmin_menuparentcategory OWNER TO postgres;

--
-- Name: sitefrontendbyadmin_menuparentcategory_id_seq; Type: SEQUENCE; Schema: public; Owner: postgres
--

CREATE SEQUENCE public.sitefrontendbyadmin_menuparentcategory_id_seq
    START WITH 1
    INCREMENT BY 1
    NO MINVALUE
    NO MAXVALUE
    CACHE 1;


ALTER TABLE public.sitefrontendbyadmin_menuparentcategory_id_seq OWNER TO postgres;

--
-- Name: sitefrontendbyadmin_menuparentcategory_id_seq; Type: SEQUENCE OWNED BY; Schema: public; Owner: postgres
--

ALTER SEQUENCE public.sitefrontendbyadmin_menuparentcategory_id_seq OWNED BY public.sitefrontendbyadmin_menuparentcategory.id;


--
-- Name: sitefrontendbyadmin_menusubparentcategory; Type: TABLE; Schema: public; Owner: postgres
--

CREATE TABLE public.sitefrontendbyadmin_menusubparentcategory (
    id integer NOT NULL,
    service_sub_parent_category_name character varying(255) NOT NULL,
    created_at timestamp with time zone NOT NULL,
    updated_at timestamp with time zone NOT NULL,
    service_parent_category_id integer NOT NULL,
    status character varying(15) NOT NULL
);


ALTER TABLE public.sitefrontendbyadmin_menusubparentcategory OWNER TO postgres;

--
-- Name: sitefrontendbyadmin_menusubparentcategory_id_seq; Type: SEQUENCE; Schema: public; Owner: postgres
--

CREATE SEQUENCE public.sitefrontendbyadmin_menusubparentcategory_id_seq
    START WITH 1
    INCREMENT BY 1
    NO MINVALUE
    NO MAXVALUE
    CACHE 1;


ALTER TABLE public.sitefrontendbyadmin_menusubparentcategory_id_seq OWNER TO postgres;

--
-- Name: sitefrontendbyadmin_menusubparentcategory_id_seq; Type: SEQUENCE OWNED BY; Schema: public; Owner: postgres
--

ALTER SEQUENCE public.sitefrontendbyadmin_menusubparentcategory_id_seq OWNED BY public.sitefrontendbyadmin_menusubparentcategory.id;


--
-- Name: sitefrontendbyadmin_network_status; Type: TABLE; Schema: public; Owner: postgres
--

CREATE TABLE public.sitefrontendbyadmin_network_status (
    id integer NOT NULL,
    questions text NOT NULL,
    answers text NOT NULL,
    docs character varying(100),
    link character varying(255) NOT NULL,
    status character varying(15) NOT NULL,
    created_at timestamp with time zone NOT NULL,
    updated_at timestamp with time zone NOT NULL
);


ALTER TABLE public.sitefrontendbyadmin_network_status OWNER TO postgres;

--
-- Name: sitefrontendbyadmin_network_status_id_seq; Type: SEQUENCE; Schema: public; Owner: postgres
--

CREATE SEQUENCE public.sitefrontendbyadmin_network_status_id_seq
    START WITH 1
    INCREMENT BY 1
    NO MINVALUE
    NO MAXVALUE
    CACHE 1;


ALTER TABLE public.sitefrontendbyadmin_network_status_id_seq OWNER TO postgres;

--
-- Name: sitefrontendbyadmin_network_status_id_seq; Type: SEQUENCE OWNED BY; Schema: public; Owner: postgres
--

ALTER SEQUENCE public.sitefrontendbyadmin_network_status_id_seq OWNED BY public.sitefrontendbyadmin_network_status.id;


--
-- Name: sitefrontendbyadmin_serviceandfeature; Type: TABLE; Schema: public; Owner: postgres
--

CREATE TABLE public.sitefrontendbyadmin_serviceandfeature (
    id integer NOT NULL,
    details text NOT NULL,
    service_feature_logo character varying(100) NOT NULL,
    created_at timestamp with time zone NOT NULL,
    updated_at timestamp with time zone NOT NULL,
    service_category_id integer NOT NULL,
    service_parent_category_id integer NOT NULL,
    service_sub_parent_category_name_id integer NOT NULL,
    status character varying(15) NOT NULL
);


ALTER TABLE public.sitefrontendbyadmin_serviceandfeature OWNER TO postgres;

--
-- Name: sitefrontendbyadmin_serviceandfeature_id_seq; Type: SEQUENCE; Schema: public; Owner: postgres
--

CREATE SEQUENCE public.sitefrontendbyadmin_serviceandfeature_id_seq
    START WITH 1
    INCREMENT BY 1
    NO MINVALUE
    NO MAXVALUE
    CACHE 1;


ALTER TABLE public.sitefrontendbyadmin_serviceandfeature_id_seq OWNER TO postgres;

--
-- Name: sitefrontendbyadmin_serviceandfeature_id_seq; Type: SEQUENCE OWNED BY; Schema: public; Owner: postgres
--

ALTER SEQUENCE public.sitefrontendbyadmin_serviceandfeature_id_seq OWNED BY public.sitefrontendbyadmin_serviceandfeature.id;


--
-- Name: sitefrontendbyadmin_slider; Type: TABLE; Schema: public; Owner: postgres
--

CREATE TABLE public.sitefrontendbyadmin_slider (
    id integer NOT NULL,
    slider_name character varying(255) NOT NULL,
    details text NOT NULL,
    image character varying(100) NOT NULL,
    url character varying(255) NOT NULL,
    status character varying(15) NOT NULL,
    created_at timestamp with time zone NOT NULL,
    updated_at timestamp with time zone NOT NULL
);


ALTER TABLE public.sitefrontendbyadmin_slider OWNER TO postgres;

--
-- Name: sitefrontendbyadmin_slider_id_seq; Type: SEQUENCE; Schema: public; Owner: postgres
--

CREATE SEQUENCE public.sitefrontendbyadmin_slider_id_seq
    START WITH 1
    INCREMENT BY 1
    NO MINVALUE
    NO MAXVALUE
    CACHE 1;


ALTER TABLE public.sitefrontendbyadmin_slider_id_seq OWNER TO postgres;

--
-- Name: sitefrontendbyadmin_slider_id_seq; Type: SEQUENCE OWNED BY; Schema: public; Owner: postgres
--

ALTER SEQUENCE public.sitefrontendbyadmin_slider_id_seq OWNED BY public.sitefrontendbyadmin_slider.id;


--
-- Name: sitefrontendbyadmin_specialoffers; Type: TABLE; Schema: public; Owner: postgres
--

CREATE TABLE public.sitefrontendbyadmin_specialoffers (
    id integer NOT NULL,
    details text NOT NULL,
    features text NOT NULL,
    actual_price character varying(255) NOT NULL,
    offers_price character varying(255) NOT NULL,
    created_at timestamp with time zone NOT NULL,
    updated_at timestamp with time zone NOT NULL
);


ALTER TABLE public.sitefrontendbyadmin_specialoffers OWNER TO postgres;

--
-- Name: sitefrontendbyadmin_specialoffers_id_seq; Type: SEQUENCE; Schema: public; Owner: postgres
--

CREATE SEQUENCE public.sitefrontendbyadmin_specialoffers_id_seq
    START WITH 1
    INCREMENT BY 1
    NO MINVALUE
    NO MAXVALUE
    CACHE 1;


ALTER TABLE public.sitefrontendbyadmin_specialoffers_id_seq OWNER TO postgres;

--
-- Name: sitefrontendbyadmin_specialoffers_id_seq; Type: SEQUENCE OWNED BY; Schema: public; Owner: postgres
--

ALTER SEQUENCE public.sitefrontendbyadmin_specialoffers_id_seq OWNED BY public.sitefrontendbyadmin_specialoffers.id;


--
-- Name: sitefrontendbyadmin_specialoffersdoc; Type: TABLE; Schema: public; Owner: postgres
--

CREATE TABLE public.sitefrontendbyadmin_specialoffersdoc (
    id integer NOT NULL,
    special_offers_doc_name character varying(255) NOT NULL,
    special_offers_doc character varying(100) NOT NULL,
    status character varying(15) NOT NULL,
    created_at timestamp with time zone NOT NULL,
    updated_at timestamp with time zone NOT NULL,
    special_offers_id integer NOT NULL
);


ALTER TABLE public.sitefrontendbyadmin_specialoffersdoc OWNER TO postgres;

--
-- Name: sitefrontendbyadmin_specialoffersdoc_id_seq; Type: SEQUENCE; Schema: public; Owner: postgres
--

CREATE SEQUENCE public.sitefrontendbyadmin_specialoffersdoc_id_seq
    START WITH 1
    INCREMENT BY 1
    NO MINVALUE
    NO MAXVALUE
    CACHE 1;


ALTER TABLE public.sitefrontendbyadmin_specialoffersdoc_id_seq OWNER TO postgres;

--
-- Name: sitefrontendbyadmin_specialoffersdoc_id_seq; Type: SEQUENCE OWNED BY; Schema: public; Owner: postgres
--

ALTER SEQUENCE public.sitefrontendbyadmin_specialoffersdoc_id_seq OWNED BY public.sitefrontendbyadmin_specialoffersdoc.id;


--
-- Name: sitefrontendbyadmin_specialoffersparentcategory; Type: TABLE; Schema: public; Owner: postgres
--

CREATE TABLE public.sitefrontendbyadmin_specialoffersparentcategory (
    id integer NOT NULL,
    special_offers_parent_category_name character varying(255) NOT NULL,
    "desc" text NOT NULL,
    status character varying(15) NOT NULL,
    created_at timestamp with time zone NOT NULL,
    updated_at timestamp with time zone NOT NULL
);


ALTER TABLE public.sitefrontendbyadmin_specialoffersparentcategory OWNER TO postgres;

--
-- Name: sitefrontendbyadmin_specialoffersparentcategory_id_seq; Type: SEQUENCE; Schema: public; Owner: postgres
--

CREATE SEQUENCE public.sitefrontendbyadmin_specialoffersparentcategory_id_seq
    START WITH 1
    INCREMENT BY 1
    NO MINVALUE
    NO MAXVALUE
    CACHE 1;


ALTER TABLE public.sitefrontendbyadmin_specialoffersparentcategory_id_seq OWNER TO postgres;

--
-- Name: sitefrontendbyadmin_specialoffersparentcategory_id_seq; Type: SEQUENCE OWNED BY; Schema: public; Owner: postgres
--

ALTER SEQUENCE public.sitefrontendbyadmin_specialoffersparentcategory_id_seq OWNED BY public.sitefrontendbyadmin_specialoffersparentcategory.id;


--
-- Name: sitefrontendbyadmin_specialoffersplans; Type: TABLE; Schema: public; Owner: postgres
--

CREATE TABLE public.sitefrontendbyadmin_specialoffersplans (
    id integer NOT NULL,
    actual_price character varying(255) NOT NULL,
    offers_price character varying(255) NOT NULL,
    created_at timestamp with time zone NOT NULL,
    updated_at timestamp with time zone NOT NULL,
    service_price_id integer NOT NULL,
    special_offers_id integer NOT NULL
);


ALTER TABLE public.sitefrontendbyadmin_specialoffersplans OWNER TO postgres;

--
-- Name: sitefrontendbyadmin_specialoffersplans_id_seq; Type: SEQUENCE; Schema: public; Owner: postgres
--

CREATE SEQUENCE public.sitefrontendbyadmin_specialoffersplans_id_seq
    START WITH 1
    INCREMENT BY 1
    NO MINVALUE
    NO MAXVALUE
    CACHE 1;


ALTER TABLE public.sitefrontendbyadmin_specialoffersplans_id_seq OWNER TO postgres;

--
-- Name: sitefrontendbyadmin_specialoffersplans_id_seq; Type: SEQUENCE OWNED BY; Schema: public; Owner: postgres
--

ALTER SEQUENCE public.sitefrontendbyadmin_specialoffersplans_id_seq OWNED BY public.sitefrontendbyadmin_specialoffersplans.id;


--
-- Name: sitefrontendbyadmin_specialoffersplanshardware; Type: TABLE; Schema: public; Owner: postgres
--

CREATE TABLE public.sitefrontendbyadmin_specialoffersplanshardware (
    id integer NOT NULL,
    actual_price character varying(255) NOT NULL,
    offers_price character varying(255) NOT NULL,
    created_at timestamp with time zone NOT NULL,
    updated_at timestamp with time zone NOT NULL,
    service_price_id integer NOT NULL,
    special_offers_id integer NOT NULL
);


ALTER TABLE public.sitefrontendbyadmin_specialoffersplanshardware OWNER TO postgres;

--
-- Name: sitefrontendbyadmin_specialoffersplanshardware_id_seq; Type: SEQUENCE; Schema: public; Owner: postgres
--

CREATE SEQUENCE public.sitefrontendbyadmin_specialoffersplanshardware_id_seq
    START WITH 1
    INCREMENT BY 1
    NO MINVALUE
    NO MAXVALUE
    CACHE 1;


ALTER TABLE public.sitefrontendbyadmin_specialoffersplanshardware_id_seq OWNER TO postgres;

--
-- Name: sitefrontendbyadmin_specialoffersplanshardware_id_seq; Type: SEQUENCE OWNED BY; Schema: public; Owner: postgres
--

ALTER SEQUENCE public.sitefrontendbyadmin_specialoffersplanshardware_id_seq OWNED BY public.sitefrontendbyadmin_specialoffersplanshardware.id;


--
-- Name: sitefrontendbyadmin_specialoffersplanswithhardwarerates; Type: TABLE; Schema: public; Owner: postgres
--

CREATE TABLE public.sitefrontendbyadmin_specialoffersplanswithhardwarerates (
    id integer NOT NULL,
    hw_qty character varying(255) NOT NULL,
    device_buy character varying(255) NOT NULL,
    device_rental character varying(255) NOT NULL,
    montly_rent character varying(255) NOT NULL,
    offer_price character varying(255) NOT NULL,
    created_at timestamp with time zone NOT NULL,
    updated_at timestamp with time zone NOT NULL,
    hw_id integer NOT NULL,
    service_plan_id integer NOT NULL,
    service_price_id integer NOT NULL,
    special_offers_id integer NOT NULL
);


ALTER TABLE public.sitefrontendbyadmin_specialoffersplanswithhardwarerates OWNER TO postgres;

--
-- Name: sitefrontendbyadmin_specialoffersplanswithhardwarerates_id_seq; Type: SEQUENCE; Schema: public; Owner: postgres
--

CREATE SEQUENCE public.sitefrontendbyadmin_specialoffersplanswithhardwarerates_id_seq
    START WITH 1
    INCREMENT BY 1
    NO MINVALUE
    NO MAXVALUE
    CACHE 1;


ALTER TABLE public.sitefrontendbyadmin_specialoffersplanswithhardwarerates_id_seq OWNER TO postgres;

--
-- Name: sitefrontendbyadmin_specialoffersplanswithhardwarerates_id_seq; Type: SEQUENCE OWNED BY; Schema: public; Owner: postgres
--

ALTER SEQUENCE public.sitefrontendbyadmin_specialoffersplanswithhardwarerates_id_seq OWNED BY public.sitefrontendbyadmin_specialoffersplanswithhardwarerates.id;


--
-- Name: sitefrontendbyadmin_specialofferssubparentcategory; Type: TABLE; Schema: public; Owner: postgres
--

CREATE TABLE public.sitefrontendbyadmin_specialofferssubparentcategory (
    id integer NOT NULL,
    special_offers_sub_parent_category_name character varying(255) NOT NULL,
    "desc" text NOT NULL,
    status character varying(15) NOT NULL,
    created_at timestamp with time zone NOT NULL,
    updated_at timestamp with time zone NOT NULL,
    special_offers_parent_category_id integer NOT NULL
);


ALTER TABLE public.sitefrontendbyadmin_specialofferssubparentcategory OWNER TO postgres;

--
-- Name: sitefrontendbyadmin_specialofferssubparentcategory_id_seq; Type: SEQUENCE; Schema: public; Owner: postgres
--

CREATE SEQUENCE public.sitefrontendbyadmin_specialofferssubparentcategory_id_seq
    START WITH 1
    INCREMENT BY 1
    NO MINVALUE
    NO MAXVALUE
    CACHE 1;


ALTER TABLE public.sitefrontendbyadmin_specialofferssubparentcategory_id_seq OWNER TO postgres;

--
-- Name: sitefrontendbyadmin_specialofferssubparentcategory_id_seq; Type: SEQUENCE OWNED BY; Schema: public; Owner: postgres
--

ALTER SEQUENCE public.sitefrontendbyadmin_specialofferssubparentcategory_id_seq OWNED BY public.sitefrontendbyadmin_specialofferssubparentcategory.id;


--
-- Name: sitefrontendbyadmin_specialoffersundercategory; Type: TABLE; Schema: public; Owner: postgres
--

CREATE TABLE public.sitefrontendbyadmin_specialoffersundercategory (
    id integer NOT NULL,
    special_offers_combo_name character varying(255) NOT NULL,
    special_offers_type_name character varying(255) NOT NULL,
    telecom_name character varying(255) NOT NULL,
    telecom_logo character varying(100) NOT NULL,
    status character varying(15) NOT NULL,
    created_at timestamp with time zone NOT NULL,
    updated_at timestamp with time zone NOT NULL,
    city_id integer NOT NULL,
    province_id integer NOT NULL,
    special_offers_id integer NOT NULL,
    special_offers_parent_category_id integer NOT NULL,
    special_offers_sub_parent_category_id integer NOT NULL
);


ALTER TABLE public.sitefrontendbyadmin_specialoffersundercategory OWNER TO postgres;

--
-- Name: sitefrontendbyadmin_specialoffersundercategory_id_seq; Type: SEQUENCE; Schema: public; Owner: postgres
--

CREATE SEQUENCE public.sitefrontendbyadmin_specialoffersundercategory_id_seq
    START WITH 1
    INCREMENT BY 1
    NO MINVALUE
    NO MAXVALUE
    CACHE 1;


ALTER TABLE public.sitefrontendbyadmin_specialoffersundercategory_id_seq OWNER TO postgres;

--
-- Name: sitefrontendbyadmin_specialoffersundercategory_id_seq; Type: SEQUENCE OWNED BY; Schema: public; Owner: postgres
--

ALTER SEQUENCE public.sitefrontendbyadmin_specialoffersundercategory_id_seq OWNED BY public.sitefrontendbyadmin_specialoffersundercategory.id;


--
-- Name: sitefrontendbyadmin_weblogo; Type: TABLE; Schema: public; Owner: postgres
--

CREATE TABLE public.sitefrontendbyadmin_weblogo (
    id integer NOT NULL,
    image character varying(100),
    created_at timestamp with time zone NOT NULL,
    updated_at timestamp with time zone NOT NULL
);


ALTER TABLE public.sitefrontendbyadmin_weblogo OWNER TO postgres;

--
-- Name: sitefrontendbyadmin_weblogo_id_seq; Type: SEQUENCE; Schema: public; Owner: postgres
--

CREATE SEQUENCE public.sitefrontendbyadmin_weblogo_id_seq
    START WITH 1
    INCREMENT BY 1
    NO MINVALUE
    NO MAXVALUE
    CACHE 1;


ALTER TABLE public.sitefrontendbyadmin_weblogo_id_seq OWNER TO postgres;

--
-- Name: sitefrontendbyadmin_weblogo_id_seq; Type: SEQUENCE OWNED BY; Schema: public; Owner: postgres
--

ALTER SEQUENCE public.sitefrontendbyadmin_weblogo_id_seq OWNED BY public.sitefrontendbyadmin_weblogo.id;


--
-- Name: id; Type: DEFAULT; Schema: public; Owner: postgres
--

ALTER TABLE ONLY public.adminnumberprovider_numbermnptocustomer ALTER COLUMN id SET DEFAULT nextval('public.adminnumberprovider_numbermnptocustomer_id_seq'::regclass);


--
-- Name: id; Type: DEFAULT; Schema: public; Owner: postgres
--

ALTER TABLE ONLY public.adminnumberprovider_numberprovincecustomermap ALTER COLUMN id SET DEFAULT nextval('public.adminnumberprovider_numberprovincecustomermap_id_seq'::regclass);


--
-- Name: id; Type: DEFAULT; Schema: public; Owner: postgres
--

ALTER TABLE ONLY public.adminnumberprovider_numberprovincemap ALTER COLUMN id SET DEFAULT nextval('public.adminnumberprovider_numberprovincemap_id_seq'::regclass);


--
-- Name: id; Type: DEFAULT; Schema: public; Owner: postgres
--

ALTER TABLE ONLY public.adminsidecustomer_accountaddresscustomer ALTER COLUMN id SET DEFAULT nextval('public.adminsidecustomer_accountaddresscustomer_id_seq'::regclass);


--
-- Name: id; Type: DEFAULT; Schema: public; Owner: postgres
--

ALTER TABLE ONLY public.adminsidecustomer_billingaddresscustomer ALTER COLUMN id SET DEFAULT nextval('public.adminsidecustomer_billingaddresscustomer_id_seq'::regclass);


--
-- Name: id; Type: DEFAULT; Schema: public; Owner: postgres
--

ALTER TABLE ONLY public.adminsidecustomer_city ALTER COLUMN id SET DEFAULT nextval('public.adminsidecustomer_city_id_seq'::regclass);


--
-- Name: id; Type: DEFAULT; Schema: public; Owner: postgres
--

ALTER TABLE ONLY public.adminsidecustomer_country ALTER COLUMN id SET DEFAULT nextval('public.adminsidecustomer_country_id_seq'::regclass);


--
-- Name: id; Type: DEFAULT; Schema: public; Owner: postgres
--

ALTER TABLE ONLY public.adminsidecustomer_customer ALTER COLUMN id SET DEFAULT nextval('public.adminsidecustomer_customer_id_seq'::regclass);


--
-- Name: id; Type: DEFAULT; Schema: public; Owner: postgres
--

ALTER TABLE ONLY public.adminsidecustomer_customeraccountstatus ALTER COLUMN id SET DEFAULT nextval('public.adminsidecustomer_customeraccountstatus_id_seq'::regclass);


--
-- Name: id; Type: DEFAULT; Schema: public; Owner: postgres
--

ALTER TABLE ONLY public.adminsidecustomer_customercomment ALTER COLUMN id SET DEFAULT nextval('public.adminsidecustomer_customercomment_id_seq'::regclass);


--
-- Name: id; Type: DEFAULT; Schema: public; Owner: postgres
--

ALTER TABLE ONLY public.adminsidecustomer_customerinvoicemap ALTER COLUMN id SET DEFAULT nextval('public.adminsidecustomer_customerinvoicemap_id_seq'::regclass);


--
-- Name: id; Type: DEFAULT; Schema: public; Owner: postgres
--

ALTER TABLE ONLY public.adminsidecustomer_customerusermap ALTER COLUMN id SET DEFAULT nextval('public.adminsidecustomer_customerusermap_id_seq'::regclass);


--
-- Name: id; Type: DEFAULT; Schema: public; Owner: postgres
--

ALTER TABLE ONLY public.adminsidecustomer_cutomerattachmentmap ALTER COLUMN id SET DEFAULT nextval('public.adminsidecustomer_cutomerattachmentmap_id_seq'::regclass);


--
-- Name: id; Type: DEFAULT; Schema: public; Owner: postgres
--

ALTER TABLE ONLY public.adminsidecustomer_province ALTER COLUMN id SET DEFAULT nextval('public.adminsidecustomer_province_id_seq'::regclass);


--
-- Name: id; Type: DEFAULT; Schema: public; Owner: postgres
--

ALTER TABLE ONLY public.adminsidecustomer_sales_tax ALTER COLUMN id SET DEFAULT nextval('public.adminsidecustomer_sales_tax_id_seq'::regclass);


--
-- Name: id; Type: DEFAULT; Schema: public; Owner: postgres
--

ALTER TABLE ONLY public.adminsideserviceprovider_contractbasedhardwarewithmac ALTER COLUMN id SET DEFAULT nextval('public.adminsideserviceprovider_contractbasedhardwarewithmac_id_seq'::regclass);


--
-- Name: id; Type: DEFAULT; Schema: public; Owner: postgres
--

ALTER TABLE ONLY public.adminsideserviceprovider_customerservicecontract ALTER COLUMN id SET DEFAULT nextval('public.adminsideserviceprovider_customerservicecontract_id_seq'::regclass);


--
-- Name: id; Type: DEFAULT; Schema: public; Owner: postgres
--

ALTER TABLE ONLY public.adminsideserviceprovider_customerticketscategoriesmap ALTER COLUMN id SET DEFAULT nextval('public.adminsideserviceprovider_customerticketscategoriesmap_id_seq'::regclass);


--
-- Name: id; Type: DEFAULT; Schema: public; Owner: postgres
--

ALTER TABLE ONLY public.adminsideserviceprovider_customerwithservice ALTER COLUMN id SET DEFAULT nextval('public.adminsideserviceprovider_customerwithservice_id_seq'::regclass);


--
-- Name: id; Type: DEFAULT; Schema: public; Owner: postgres
--

ALTER TABLE ONLY public.adminsideserviceprovider_hardware ALTER COLUMN id SET DEFAULT nextval('public.adminsideserviceprovider_hardware_id_seq'::regclass);


--
-- Name: id; Type: DEFAULT; Schema: public; Owner: postgres
--

ALTER TABLE ONLY public.adminsideserviceprovider_manageservicepricedoc ALTER COLUMN id SET DEFAULT nextval('public.adminsideserviceprovider_manageservicepricedoc_id_seq'::regclass);


--
-- Name: id; Type: DEFAULT; Schema: public; Owner: postgres
--

ALTER TABLE ONLY public.adminsideserviceprovider_serviceplanwithhardware ALTER COLUMN id SET DEFAULT nextval('public.adminsideserviceprovider_serviceplanwithhardware_id_seq'::regclass);


--
-- Name: id; Type: DEFAULT; Schema: public; Owner: postgres
--

ALTER TABLE ONLY public.adminsideserviceprovider_serviceprovider ALTER COLUMN id SET DEFAULT nextval('public.adminsideserviceprovider_serviceprovider_id_seq'::regclass);


--
-- Name: id; Type: DEFAULT; Schema: public; Owner: postgres
--

ALTER TABLE ONLY public.adminsideserviceprovider_serviceprovidercitymap ALTER COLUMN id SET DEFAULT nextval('public.adminsideserviceprovider_serviceprovidercitymap_id_seq'::regclass);


--
-- Name: id; Type: DEFAULT; Schema: public; Owner: postgres
--

ALTER TABLE ONLY public.adminsideserviceprovider_serviceproviderplan ALTER COLUMN id SET DEFAULT nextval('public.adminsideserviceprovider_serviceproviderplan_id_seq'::regclass);


--
-- Name: id; Type: DEFAULT; Schema: public; Owner: postgres
--

ALTER TABLE ONLY public.adminsideserviceprovider_terminatecontractdetails ALTER COLUMN id SET DEFAULT nextval('public.adminsideserviceprovider_terminatecontractdetails_id_seq'::regclass);


--
-- Name: id; Type: DEFAULT; Schema: public; Owner: postgres
--

ALTER TABLE ONLY public.adminsideserviceprovider_ticketscategories ALTER COLUMN id SET DEFAULT nextval('public.adminsideserviceprovider_ticketscategories_id_seq'::regclass);


--
-- Name: id; Type: DEFAULT; Schema: public; Owner: postgres
--

ALTER TABLE ONLY public.adminsideserviceprovider_ticketscategorywithserviceprovider ALTER COLUMN id SET DEFAULT nextval('public.adminsideserviceprovider_ticketscategorywithserviceprovi_id_seq'::regclass);


--
-- Name: id; Type: DEFAULT; Schema: public; Owner: postgres
--

ALTER TABLE ONLY public.agentpanel_agent ALTER COLUMN id SET DEFAULT nextval('public.agentpanel_agent_id_seq'::regclass);


--
-- Name: id; Type: DEFAULT; Schema: public; Owner: postgres
--

ALTER TABLE ONLY public.auth_group ALTER COLUMN id SET DEFAULT nextval('public.auth_group_id_seq'::regclass);


--
-- Name: id; Type: DEFAULT; Schema: public; Owner: postgres
--

ALTER TABLE ONLY public.auth_group_permissions ALTER COLUMN id SET DEFAULT nextval('public.auth_group_permissions_id_seq'::regclass);


--
-- Name: id; Type: DEFAULT; Schema: public; Owner: postgres
--

ALTER TABLE ONLY public.auth_permission ALTER COLUMN id SET DEFAULT nextval('public.auth_permission_id_seq'::regclass);


--
-- Name: id; Type: DEFAULT; Schema: public; Owner: postgres
--

ALTER TABLE ONLY public.auth_user ALTER COLUMN id SET DEFAULT nextval('public.auth_user_id_seq'::regclass);


--
-- Name: id; Type: DEFAULT; Schema: public; Owner: postgres
--

ALTER TABLE ONLY public.auth_user_groups ALTER COLUMN id SET DEFAULT nextval('public.auth_user_groups_id_seq'::regclass);


--
-- Name: id; Type: DEFAULT; Schema: public; Owner: postgres
--

ALTER TABLE ONLY public.auth_user_user_permissions ALTER COLUMN id SET DEFAULT nextval('public.auth_user_user_permissions_id_seq'::regclass);


--
-- Name: id; Type: DEFAULT; Schema: public; Owner: postgres
--

ALTER TABLE ONLY public.crmadmin_callcost ALTER COLUMN id SET DEFAULT nextval('public.crmadmin_callcost_id_seq'::regclass);


--
-- Name: id; Type: DEFAULT; Schema: public; Owner: postgres
--

ALTER TABLE ONLY public.crmadmin_manageserviceprice ALTER COLUMN id SET DEFAULT nextval('public.crmadmin_manageserviceprice_id_seq'::regclass);


--
-- Name: id; Type: DEFAULT; Schema: public; Owner: postgres
--

ALTER TABLE ONLY public.crmadmin_manageservicespricecategory ALTER COLUMN id SET DEFAULT nextval('public.crmadmin_manageservicespricecategory_id_seq'::regclass);


--
-- Name: id; Type: DEFAULT; Schema: public; Owner: postgres
--

ALTER TABLE ONLY public.crmadmin_services ALTER COLUMN id SET DEFAULT nextval('public.crmadmin_services_id_seq'::regclass);


--
-- Name: id; Type: DEFAULT; Schema: public; Owner: postgres
--

ALTER TABLE ONLY public.crmadmin_userimage ALTER COLUMN id SET DEFAULT nextval('public.crmadmin_userimage_id_seq'::regclass);


--
-- Name: id; Type: DEFAULT; Schema: public; Owner: postgres
--

ALTER TABLE ONLY public.crmadmin_userprofile ALTER COLUMN id SET DEFAULT nextval('public.crmadmin_userprofile_id_seq'::regclass);


--
-- Name: id; Type: DEFAULT; Schema: public; Owner: postgres
--

ALTER TABLE ONLY public.customer_billing_bankingdetails ALTER COLUMN id SET DEFAULT nextval('public.customer_billing_bankingdetails_id_seq'::regclass);


--
-- Name: id; Type: DEFAULT; Schema: public; Owner: postgres
--

ALTER TABLE ONLY public.customer_billing_billingdetailscustomer ALTER COLUMN id SET DEFAULT nextval('public.customer_billing_billingdetailscustomer_id_seq'::regclass);


--
-- Name: id; Type: DEFAULT; Schema: public; Owner: postgres
--

ALTER TABLE ONLY public.customer_billing_creditcard ALTER COLUMN id SET DEFAULT nextval('public.customer_billing_creditcard_id_seq'::regclass);


--
-- Name: id; Type: DEFAULT; Schema: public; Owner: postgres
--

ALTER TABLE ONLY public.customer_billing_paypaldetails ALTER COLUMN id SET DEFAULT nextval('public.customer_billing_paypaldetails_id_seq'::regclass);


--
-- Name: id; Type: DEFAULT; Schema: public; Owner: postgres
--

ALTER TABLE ONLY public.django_admin_log ALTER COLUMN id SET DEFAULT nextval('public.django_admin_log_id_seq'::regclass);


--
-- Name: id; Type: DEFAULT; Schema: public; Owner: postgres
--

ALTER TABLE ONLY public.django_content_type ALTER COLUMN id SET DEFAULT nextval('public.django_content_type_id_seq'::regclass);


--
-- Name: id; Type: DEFAULT; Schema: public; Owner: postgres
--

ALTER TABLE ONLY public.django_migrations ALTER COLUMN id SET DEFAULT nextval('public.django_migrations_id_seq'::regclass);


--
-- Name: id; Type: DEFAULT; Schema: public; Owner: postgres
--

ALTER TABLE ONLY public.egciptvhome_customerapplyforservice ALTER COLUMN id SET DEFAULT nextval('public.egciptvhome_customerapplyforservice_id_seq'::regclass);


--
-- Name: id; Type: DEFAULT; Schema: public; Owner: postgres
--

ALTER TABLE ONLY public.egciptvhome_customerapplyforservicebilling ALTER COLUMN id SET DEFAULT nextval('public.egciptvhome_customerapplyforservicebilling_id_seq'::regclass);


--
-- Name: id; Type: DEFAULT; Schema: public; Owner: postgres
--

ALTER TABLE ONLY public.egciptvhome_otherdetails ALTER COLUMN id SET DEFAULT nextval('public.egciptvhome_otherdetails_id_seq'::regclass);


--
-- Name: id; Type: DEFAULT; Schema: public; Owner: postgres
--

ALTER TABLE ONLY public.rateareacode_ratewithareacode ALTER COLUMN id SET DEFAULT nextval('public.rateareacode_ratewithareacode_id_seq'::regclass);


--
-- Name: id; Type: DEFAULT; Schema: public; Owner: postgres
--

ALTER TABLE ONLY public.ratecustomerbillingwithcdr_customerbillingdetails ALTER COLUMN id SET DEFAULT nextval('public.ratecustomerbillingwithcdr_customerbillingdetails_id_seq'::regclass);


--
-- Name: id; Type: DEFAULT; Schema: public; Owner: postgres
--

ALTER TABLE ONLY public.ratecustomerbillingwithcdr_customerbillingdetailswithedited ALTER COLUMN id SET DEFAULT nextval('public.ratecustomerbillingwithcdr_customerbillingdetailswithedi_id_seq'::regclass);


--
-- Name: id; Type: DEFAULT; Schema: public; Owner: postgres
--

ALTER TABLE ONLY public.ratecustomerbillingwithcdr_voiplongdistancerate ALTER COLUMN id SET DEFAULT nextval('public.ratecustomerbillingwithcdr_voiplongdistancerate_id_seq'::regclass);


--
-- Name: id; Type: DEFAULT; Schema: public; Owner: postgres
--

ALTER TABLE ONLY public.settingcontractsheet_contractsheet ALTER COLUMN id SET DEFAULT nextval('public.settingcontractsheet_contractsheet_id_seq'::regclass);


--
-- Name: id; Type: DEFAULT; Schema: public; Owner: postgres
--

ALTER TABLE ONLY public.sitefrontendbyadmin_backgroundimage ALTER COLUMN id SET DEFAULT nextval('public.sitefrontendbyadmin_backgroundimage_id_seq'::regclass);


--
-- Name: id; Type: DEFAULT; Schema: public; Owner: postgres
--

ALTER TABLE ONLY public.sitefrontendbyadmin_faq ALTER COLUMN id SET DEFAULT nextval('public.sitefrontendbyadmin_faq_id_seq'::regclass);


--
-- Name: id; Type: DEFAULT; Schema: public; Owner: postgres
--

ALTER TABLE ONLY public.sitefrontendbyadmin_followus ALTER COLUMN id SET DEFAULT nextval('public.sitefrontendbyadmin_followus_id_seq'::regclass);


--
-- Name: id; Type: DEFAULT; Schema: public; Owner: postgres
--

ALTER TABLE ONLY public.sitefrontendbyadmin_menucategory ALTER COLUMN id SET DEFAULT nextval('public.sitefrontendbyadmin_menucategory_id_seq'::regclass);


--
-- Name: id; Type: DEFAULT; Schema: public; Owner: postgres
--

ALTER TABLE ONLY public.sitefrontendbyadmin_menuparentcategory ALTER COLUMN id SET DEFAULT nextval('public.sitefrontendbyadmin_menuparentcategory_id_seq'::regclass);


--
-- Name: id; Type: DEFAULT; Schema: public; Owner: postgres
--

ALTER TABLE ONLY public.sitefrontendbyadmin_menusubparentcategory ALTER COLUMN id SET DEFAULT nextval('public.sitefrontendbyadmin_menusubparentcategory_id_seq'::regclass);


--
-- Name: id; Type: DEFAULT; Schema: public; Owner: postgres
--

ALTER TABLE ONLY public.sitefrontendbyadmin_network_status ALTER COLUMN id SET DEFAULT nextval('public.sitefrontendbyadmin_network_status_id_seq'::regclass);


--
-- Name: id; Type: DEFAULT; Schema: public; Owner: postgres
--

ALTER TABLE ONLY public.sitefrontendbyadmin_serviceandfeature ALTER COLUMN id SET DEFAULT nextval('public.sitefrontendbyadmin_serviceandfeature_id_seq'::regclass);


--
-- Name: id; Type: DEFAULT; Schema: public; Owner: postgres
--

ALTER TABLE ONLY public.sitefrontendbyadmin_slider ALTER COLUMN id SET DEFAULT nextval('public.sitefrontendbyadmin_slider_id_seq'::regclass);


--
-- Name: id; Type: DEFAULT; Schema: public; Owner: postgres
--

ALTER TABLE ONLY public.sitefrontendbyadmin_specialoffers ALTER COLUMN id SET DEFAULT nextval('public.sitefrontendbyadmin_specialoffers_id_seq'::regclass);


--
-- Name: id; Type: DEFAULT; Schema: public; Owner: postgres
--

ALTER TABLE ONLY public.sitefrontendbyadmin_specialoffersdoc ALTER COLUMN id SET DEFAULT nextval('public.sitefrontendbyadmin_specialoffersdoc_id_seq'::regclass);


--
-- Name: id; Type: DEFAULT; Schema: public; Owner: postgres
--

ALTER TABLE ONLY public.sitefrontendbyadmin_specialoffersparentcategory ALTER COLUMN id SET DEFAULT nextval('public.sitefrontendbyadmin_specialoffersparentcategory_id_seq'::regclass);


--
-- Name: id; Type: DEFAULT; Schema: public; Owner: postgres
--

ALTER TABLE ONLY public.sitefrontendbyadmin_specialoffersplans ALTER COLUMN id SET DEFAULT nextval('public.sitefrontendbyadmin_specialoffersplans_id_seq'::regclass);


--
-- Name: id; Type: DEFAULT; Schema: public; Owner: postgres
--

ALTER TABLE ONLY public.sitefrontendbyadmin_specialoffersplanshardware ALTER COLUMN id SET DEFAULT nextval('public.sitefrontendbyadmin_specialoffersplanshardware_id_seq'::regclass);


--
-- Name: id; Type: DEFAULT; Schema: public; Owner: postgres
--

ALTER TABLE ONLY public.sitefrontendbyadmin_specialoffersplanswithhardwarerates ALTER COLUMN id SET DEFAULT nextval('public.sitefrontendbyadmin_specialoffersplanswithhardwarerates_id_seq'::regclass);


--
-- Name: id; Type: DEFAULT; Schema: public; Owner: postgres
--

ALTER TABLE ONLY public.sitefrontendbyadmin_specialofferssubparentcategory ALTER COLUMN id SET DEFAULT nextval('public.sitefrontendbyadmin_specialofferssubparentcategory_id_seq'::regclass);


--
-- Name: id; Type: DEFAULT; Schema: public; Owner: postgres
--

ALTER TABLE ONLY public.sitefrontendbyadmin_specialoffersundercategory ALTER COLUMN id SET DEFAULT nextval('public.sitefrontendbyadmin_specialoffersundercategory_id_seq'::regclass);


--
-- Name: id; Type: DEFAULT; Schema: public; Owner: postgres
--

ALTER TABLE ONLY public.sitefrontendbyadmin_weblogo ALTER COLUMN id SET DEFAULT nextval('public.sitefrontendbyadmin_weblogo_id_seq'::regclass);


--
-- Data for Name: adminnumberprovider_numbermnptocustomer; Type: TABLE DATA; Schema: public; Owner: postgres
--

COPY public.adminnumberprovider_numbermnptocustomer (id, number, approve_upload_data, created_at, updated_at, user_id) FROM stdin;
\.


--
-- Name: adminnumberprovider_numbermnptocustomer_id_seq; Type: SEQUENCE SET; Schema: public; Owner: postgres
--

SELECT pg_catalog.setval('public.adminnumberprovider_numbermnptocustomer_id_seq', 1, false);


--
-- Data for Name: adminnumberprovider_numberprovincecustomermap; Type: TABLE DATA; Schema: public; Owner: postgres
--

COPY public.adminnumberprovider_numberprovincecustomermap (id, created_at, updated_at, number_id, user_id) FROM stdin;
\.


--
-- Name: adminnumberprovider_numberprovincecustomermap_id_seq; Type: SEQUENCE SET; Schema: public; Owner: postgres
--

SELECT pg_catalog.setval('public.adminnumberprovider_numberprovincecustomermap_id_seq', 1, false);


--
-- Data for Name: adminnumberprovider_numberprovincemap; Type: TABLE DATA; Schema: public; Owner: postgres
--

COPY public.adminnumberprovider_numberprovincemap (id, did_id, npa, nxx, xxxx, tier, ratecenters, number, setup_rate, monthly_rate, per_minute_rate, created_at, updated_at, country_id, province_id) FROM stdin;
\.


--
-- Name: adminnumberprovider_numberprovincemap_id_seq; Type: SEQUENCE SET; Schema: public; Owner: postgres
--

SELECT pg_catalog.setval('public.adminnumberprovider_numberprovincemap_id_seq', 1, false);


--
-- Data for Name: adminsidecustomer_accountaddresscustomer; Type: TABLE DATA; Schema: public; Owner: postgres
--

COPY public.adminsidecustomer_accountaddresscustomer (id, address_1, address_2, created_at, updated_at, city_id, country_id, province_id, user_id, postal) FROM stdin;
3	Bandel	Hooghly	2019-11-13 16:14:00.188661+05:30	2019-11-19 22:22:08.806026+05:30	1	1	3	6	712123
\.


--
-- Name: adminsidecustomer_accountaddresscustomer_id_seq; Type: SEQUENCE SET; Schema: public; Owner: postgres
--

SELECT pg_catalog.setval('public.adminsidecustomer_accountaddresscustomer_id_seq', 3, true);


--
-- Data for Name: adminsidecustomer_billingaddresscustomer; Type: TABLE DATA; Schema: public; Owner: postgres
--

COPY public.adminsidecustomer_billingaddresscustomer (id, billing_address_1, billing_address_2, created_at, updated_at, billing_city_id, billing_country_id, billing_province_id, user_id, postal) FROM stdin;
2	Bandel	Hooghly	2019-11-13 16:14:00.210717+05:30	2019-11-19 22:22:08.809114+05:30	1	1	3	6	712123
\.


--
-- Name: adminsidecustomer_billingaddresscustomer_id_seq; Type: SEQUENCE SET; Schema: public; Owner: postgres
--

SELECT pg_catalog.setval('public.adminsidecustomer_billingaddresscustomer_id_seq', 2, true);


--
-- Data for Name: adminsidecustomer_city; Type: TABLE DATA; Schema: public; Owner: postgres
--

COPY public.adminsidecustomer_city (id, city_name, created_at, updated_at, province_id_id) FROM stdin;
1	Kolkata	2019-11-13 12:40:05.830187+05:30	2019-11-13 12:40:05.830314+05:30	3
2	Gwahati	2019-11-13 12:40:19.974148+05:30	2019-11-13 12:40:19.974205+05:30	3
3	 Acme	2018-08-10 12:03:41.447673+05:30	2018-08-10 12:03:41.447673+05:30	4
4	Airdrie	2018-08-10 12:03:43.713803+05:30	2018-08-10 12:03:43.714803+05:30	4
5	Alberta Beach	2018-08-10 12:03:44.826867+05:30	2018-08-10 12:03:44.826867+05:30	4
6	Alix	2018-08-10 12:03:45.947931+05:30	2018-08-10 12:03:45.947931+05:30	4
7	Alliance	2018-08-10 12:03:47.50702+05:30	2018-08-10 12:03:47.50702+05:30	4
8	Amisk	2018-08-10 12:03:48.597082+05:30	2018-08-10 12:03:48.597082+05:30	4
9	Andrew	2018-08-10 12:03:49.685145+05:30	2018-08-10 12:03:49.685145+05:30	4
10	Argentia Beach	2018-08-10 12:03:50.818209+05:30	2018-08-10 12:03:50.818209+05:30	4
11	Arrowwood	2018-08-10 12:03:51.988276+05:30	2018-08-10 12:03:51.988276+05:30	4
12	Athabasca	2018-08-10 12:03:53.141342+05:30	2018-08-10 12:03:53.141342+05:30	4
13	Banff	2018-08-10 12:03:54.804437+05:30	2018-08-10 12:03:54.804437+05:30	4
14	Barnwell	2018-08-10 12:03:55.885499+05:30	2018-08-10 12:03:55.885499+05:30	4
15	Barons	2018-08-10 12:03:57.935616+05:30	2018-08-10 12:03:57.935616+05:30	4
16	Barrhead	2018-08-10 12:03:59.142686+05:30	2018-08-10 12:03:59.142686+05:30	4
17	Bashaw	2018-08-10 12:04:00.758778+05:30	2018-08-10 12:04:00.758778+05:30	4
18	Bassano	2018-08-10 12:04:01.85184+05:30	2018-08-10 12:04:01.85184+05:30	4
19	Bawlf	2018-08-10 12:04:02.961904+05:30	2018-08-10 12:04:02.961904+05:30	4
20	Beaumont	2018-08-10 12:04:04.084968+05:30	2018-08-10 12:04:04.084968+05:30	4
21	Beaverlodge	2018-08-10 12:04:05.16203+05:30	2018-08-10 12:04:05.16203+05:30	4
22	Beiseker	2018-08-10 12:04:06.240091+05:30	2018-08-10 12:04:06.240091+05:30	4
23	Bentley	2018-08-10 12:04:07.319153+05:30	2018-08-10 12:04:07.319153+05:30	4
24	Berwyn	2018-08-10 12:04:08.402215+05:30	2018-08-10 12:04:08.402215+05:30	4
25	Betula Beach	2018-08-10 12:04:09.497278+05:30	2018-08-10 12:04:09.497278+05:30	4
26	Big Valley	2018-08-10 12:04:10.574339+05:30	2018-08-10 12:04:10.574339+05:30	4
27	Birch Cove	2018-08-10 12:04:11.655401+05:30	2018-08-10 12:04:11.655401+05:30	4
28	Birchcliff	2018-08-10 12:04:12.766465+05:30	2018-08-10 12:04:12.766465+05:30	4
29	Bittern Lake	2018-08-10 12:04:13.854527+05:30	2018-08-10 12:04:13.854527+05:30	4
30	Black Diamond	2018-08-10 12:04:14.936589+05:30	2018-08-10 12:04:14.936589+05:30	4
31	Blackfalds	2018-08-10 12:04:16.022651+05:30	2018-08-10 12:04:16.022651+05:30	4
32	Bon Accord	2018-08-10 12:04:17.103713+05:30	2018-08-10 12:04:17.103713+05:30	4
33	Bondiss	2018-08-10 12:04:18.199776+05:30	2018-08-10 12:04:18.199776+05:30	4
34	Bonnyville	2018-08-10 12:04:19.300838+05:30	2018-08-10 12:04:19.300838+05:30	4
35	Bonnyville Beach	2018-08-10 12:04:20.3799+05:30	2018-08-10 12:04:20.3799+05:30	4
36	Botha	2018-08-10 12:04:21.458962+05:30	2018-08-10 12:04:21.458962+05:30	4
37	Bow Island	2018-08-10 12:04:22.578026+05:30	2018-08-10 12:04:22.578026+05:30	4
38	Bowden	2018-08-10 12:04:23.676089+05:30	2018-08-10 12:04:23.676089+05:30	4
39	Boyle	2018-08-10 12:04:24.781152+05:30	2018-08-10 12:04:24.781152+05:30	4
40	Breton	2018-08-10 12:04:25.863214+05:30	2018-08-10 12:04:25.863214+05:30	4
41	Brooks	2018-08-10 12:04:26.971277+05:30	2018-08-10 12:04:26.971277+05:30	4
42	Bruderheim	2018-08-10 12:04:28.100342+05:30	2018-08-10 12:04:28.100342+05:30	4
43	Burdett	2018-08-10 12:04:29.283409+05:30	2018-08-10 12:04:29.283409+05:30	4
44	Burnstick Lake	2018-08-10 12:04:30.896502+05:30	2018-08-10 12:04:30.896502+05:30	4
45	Calgary	2018-08-10 12:04:32.025566+05:30	2018-08-10 12:04:32.025566+05:30	4
46	Calmar	2018-08-10 12:04:33.167632+05:30	2018-08-10 12:04:33.167632+05:30	4
47	Camrose	2018-08-10 12:04:34.310697+05:30	2018-08-10 12:04:34.310697+05:30	4
48	Carbon	2018-08-10 12:04:35.40376+05:30	2018-08-10 12:04:35.40376+05:30	4
49	Cardston	2018-08-10 12:04:36.480821+05:30	2018-08-10 12:04:36.480821+05:30	4
50	Carmangay	2018-08-10 12:04:38.118915+05:30	2018-08-10 12:04:38.118915+05:30	4
51	Caroline	2018-08-10 12:04:39.763009+05:30	2018-08-10 12:04:39.763009+05:30	4
52	Carstairs	2018-08-10 12:04:40.932076+05:30	2018-08-10 12:04:40.932076+05:30	4
53	Castle Island	2018-08-10 12:04:42.06314+05:30	2018-08-10 12:04:42.06314+05:30	4
54	Castor	2018-08-10 12:04:43.159203+05:30	2018-08-10 12:04:43.159203+05:30	4
55	Cereal	2018-08-10 12:04:44.285268+05:30	2018-08-10 12:04:44.285268+05:30	4
56	Champion	2018-08-10 12:04:45.967364+05:30	2018-08-10 12:04:45.967364+05:30	4
57	Chauvin	2018-08-10 12:04:47.574456+05:30	2018-08-10 12:04:47.574456+05:30	4
58	Chestermere	2018-08-10 12:04:48.663518+05:30	2018-08-10 12:04:48.663518+05:30	4
59	Chipman	2018-08-10 12:04:49.74258+05:30	2018-08-10 12:04:49.74258+05:30	4
60	Claresholm	2018-08-10 12:04:50.844643+05:30	2018-08-10 12:04:50.845643+05:30	4
61	Clive	2018-08-10 12:04:51.935705+05:30	2018-08-10 12:04:51.935705+05:30	4
62	Clyde	2018-08-10 12:04:53.036768+05:30	2018-08-10 12:04:53.036768+05:30	4
63	Coaldale	2018-08-10 12:04:54.177833+05:30	2018-08-10 12:04:54.177833+05:30	4
64	Coalhurst	2018-08-10 12:04:55.325899+05:30	2018-08-10 12:04:55.325899+05:30	4
65	Cochrane	2018-08-10 12:04:56.408961+05:30	2018-08-10 12:04:56.408961+05:30	4
66	Cold Lake	2018-08-10 12:04:57.529025+05:30	2018-08-10 12:04:57.529025+05:30	4
67	Consort	2018-08-10 12:04:58.623088+05:30	2018-08-10 12:04:58.623088+05:30	4
68	Coronation	2018-08-10 12:04:59.725151+05:30	2018-08-10 12:04:59.725151+05:30	4
69	Coutts	2018-08-10 12:05:00.811213+05:30	2018-08-10 12:05:00.811213+05:30	4
70	Cowley	2018-08-10 12:05:02.021282+05:30	2018-08-10 12:05:02.021282+05:30	4
71	Cremona	2018-08-10 12:05:03.199349+05:30	2018-08-10 12:05:03.199349+05:30	4
72	Crossfield	2018-08-10 12:05:04.277411+05:30	2018-08-10 12:05:04.277411+05:30	4
73	Crowsnest Pass	2018-08-10 12:05:05.368473+05:30	2018-08-10 12:05:05.368473+05:30	4
74	Crystal Springs	2018-08-10 12:05:06.523539+05:30	2018-08-10 12:05:06.523539+05:30	4
75	Czar	2018-08-10 12:05:07.602601+05:30	2018-08-10 12:05:07.602601+05:30	4
76	Daysland	2018-08-10 12:05:08.690663+05:30	2018-08-10 12:05:08.690663+05:30	4
77	Delburne	2018-08-10 12:05:09.779726+05:30	2018-08-10 12:05:09.779726+05:30	4
78	Delia	2018-08-10 12:05:11.400818+05:30	2018-08-10 12:05:11.400818+05:30	4
79	Derwent	2018-08-10 12:05:12.535883+05:30	2018-08-10 12:05:12.535883+05:30	4
80	Devon	2018-08-10 12:05:13.616945+05:30	2018-08-10 12:05:13.616945+05:30	4
81	Dewberry	2018-08-10 12:05:14.698007+05:30	2018-08-10 12:05:14.698007+05:30	4
82	Didsbury	2018-08-10 12:05:15.783069+05:30	2018-08-10 12:05:15.783069+05:30	4
83	Donalda	2018-08-10 12:05:17.363159+05:30	2018-08-10 12:05:17.363159+05:30	4
84	Donnelly	2018-08-10 12:05:18.446221+05:30	2018-08-10 12:05:18.446221+05:30	4
85	Drayton Valley	2018-08-10 12:05:19.525283+05:30	2018-08-10 12:05:19.525283+05:30	4
86	Drumheller	2018-08-10 12:05:20.630346+05:30	2018-08-10 12:05:20.630346+05:30	4
87	Duchess	2018-08-10 12:05:21.763411+05:30	2018-08-10 12:05:21.763411+05:30	4
88	Eckville	2018-08-10 12:05:22.851473+05:30	2018-08-10 12:05:22.851473+05:30	4
89	Edberg	2018-08-10 12:05:23.998539+05:30	2018-08-10 12:05:23.998539+05:30	4
90	Edgerton	2018-08-10 12:05:25.168606+05:30	2018-08-10 12:05:25.168606+05:30	4
91	Edmonton	2018-08-10 12:05:26.269669+05:30	2018-08-10 12:05:26.269669+05:30	4
92	Edson	2018-08-10 12:05:27.348731+05:30	2018-08-10 12:05:27.348731+05:30	4
93	Elk Point	2018-08-10 12:05:28.435793+05:30	2018-08-10 12:05:28.435793+05:30	4
94	Elnora	2018-08-10 12:05:29.514855+05:30	2018-08-10 12:05:29.514855+05:30	4
95	Empress	2018-08-10 12:05:30.615917+05:30	2018-08-10 12:05:30.615917+05:30	4
96	Fairview	2018-08-10 12:05:31.766983+05:30	2018-08-10 12:05:31.766983+05:30	4
97	Falher	2018-08-10 12:05:32.854045+05:30	2018-08-10 12:05:32.854045+05:30	4
98	Ferintosh	2018-08-10 12:05:33.934107+05:30	2018-08-10 12:05:33.934107+05:30	4
99	Foremost	2018-08-10 12:05:35.02517+05:30	2018-08-10 12:05:35.02517+05:30	4
100	Forestburg	2018-08-10 12:05:36.121232+05:30	2018-08-10 12:05:36.121232+05:30	4
101	Fort Macleod	2018-08-10 12:05:37.269298+05:30	2018-08-10 12:05:37.269298+05:30	4
102	Fort Saskatchewan	2018-08-10 12:05:38.475367+05:30	2018-08-10 12:05:38.475367+05:30	4
103	Fox Creek	2018-08-10 12:05:40.10346+05:30	2018-08-10 12:05:40.10346+05:30	4
104	Gadsby	2018-08-10 12:05:41.729553+05:30	2018-08-10 12:05:41.729553+05:30	4
105	Galahad	2018-08-10 12:05:42.833616+05:30	2018-08-10 12:05:42.833616+05:30	4
106	Ghost Lake	2018-08-10 12:05:43.922679+05:30	2018-08-10 12:05:43.922679+05:30	4
107	Gibbons	2018-08-10 12:05:45.032742+05:30	2018-08-10 12:05:45.032742+05:30	4
108	Girouxville	2018-08-10 12:05:46.687837+05:30	2018-08-10 12:05:46.687837+05:30	4
109	Glendon	2018-08-10 12:05:48.270927+05:30	2018-08-10 12:05:48.270927+05:30	4
110	Glenwood	2018-08-10 12:05:49.383991+05:30	2018-08-10 12:05:49.383991+05:30	4
111	Golden Days	2018-08-10 12:05:50.468053+05:30	2018-08-10 12:05:50.468053+05:30	4
112	Grande Cache	2018-08-10 12:05:51.63412+05:30	2018-08-10 12:05:51.63412+05:30	4
113	Grande Prairie	2018-08-10 12:05:52.843189+05:30	2018-08-10 12:05:52.843189+05:30	4
114	Grandview	2018-08-10 12:05:54.471282+05:30	2018-08-10 12:05:54.471282+05:30	4
115	Granum	2018-08-10 12:05:55.624348+05:30	2018-08-10 12:05:55.624348+05:30	4
116	Grimshaw	2018-08-10 12:05:56.781414+05:30	2018-08-10 12:05:56.781414+05:30	4
117	Gull Lake	2018-08-10 12:05:57.93348+05:30	2018-08-10 12:05:57.93348+05:30	4
118	Half Moon Bay	2018-08-10 12:05:59.076545+05:30	2018-08-10 12:05:59.076545+05:30	4
119	Halkirk	2018-08-10 12:06:00.258613+05:30	2018-08-10 12:06:00.258613+05:30	4
120	Hanna	2018-08-10 12:06:01.912708+05:30	2018-08-10 12:06:01.912708+05:30	4
121	Hardisty	2018-08-10 12:06:03.054773+05:30	2018-08-10 12:06:03.054773+05:30	4
122	Hay Lakes	2018-08-10 12:06:04.246841+05:30	2018-08-10 12:06:04.246841+05:30	4
123	Heisler	2018-08-10 12:06:05.869934+05:30	2018-08-10 12:06:05.869934+05:30	4
124	High Level	2018-08-10 12:06:07.034+05:30	2018-08-10 12:06:07.034+05:30	4
125	High Prairie	2018-08-10 12:06:08.211068+05:30	2018-08-10 12:06:08.211068+05:30	4
126	High River	2018-08-10 12:06:09.352133+05:30	2018-08-10 12:06:09.352133+05:30	4
127	Hillspring	2018-08-10 12:06:10.475197+05:30	2018-08-10 12:06:10.475197+05:30	4
128	Hines Creek	2018-08-10 12:06:11.670266+05:30	2018-08-10 12:06:11.670266+05:30	4
129	Hinton	2018-08-10 12:06:12.805331+05:30	2018-08-10 12:06:12.805331+05:30	4
130	Holden	2018-08-10 12:06:13.919394+05:30	2018-08-10 12:06:13.919394+05:30	4
131	Horseshoe Bay	2018-08-10 12:06:15.018457+05:30	2018-08-10 12:06:15.018457+05:30	4
132	Hughenden	2018-08-10 12:06:16.100519+05:30	2018-08-10 12:06:16.100519+05:30	4
133	Hussar	2018-08-10 12:06:17.241584+05:30	2018-08-10 12:06:17.241584+05:30	4
134	Hythe	2018-08-10 12:06:18.355648+05:30	2018-08-10 12:06:18.355648+05:30	4
135	Innisfail	2018-08-10 12:06:19.513714+05:30	2018-08-10 12:06:19.513714+05:30	4
136	Innisfree	2018-08-10 12:06:20.627778+05:30	2018-08-10 12:06:20.627778+05:30	4
137	Irma	2018-08-10 12:06:21.792845+05:30	2018-08-10 12:06:21.792845+05:30	4
138	Irricana	2018-08-10 12:06:23.433938+05:30	2018-08-10 12:06:23.433938+05:30	4
139	Island Lake	2018-08-10 12:06:24.539002+05:30	2018-08-10 12:06:24.539002+05:30	4
140	Island Lake South	2018-08-10 12:06:25.664066+05:30	2018-08-10 12:06:25.664066+05:30	4
141	Itaska Beach	2018-08-10 12:06:27.327161+05:30	2018-08-10 12:06:27.327161+05:30	4
142	Jarvis Bay	2018-08-10 12:06:28.482227+05:30	2018-08-10 12:06:28.482227+05:30	4
143	Kapasiwin	2018-08-10 12:06:29.57329+05:30	2018-08-10 12:06:29.57329+05:30	4
144	Killam	2018-08-10 12:06:30.698354+05:30	2018-08-10 12:06:30.698354+05:30	4
145	Kinuso	2018-08-10 12:06:31.84642+05:30	2018-08-10 12:06:31.84642+05:30	4
146	Kitscoty	2018-08-10 12:06:33.006486+05:30	2018-08-10 12:06:33.006486+05:30	4
147	Lac la Biche	2018-08-10 12:06:34.674581+05:30	2018-08-10 12:06:34.674581+05:30	4
148	Lacombe	2018-08-10 12:06:35.854649+05:30	2018-08-10 12:06:35.854649+05:30	4
149	Lakeview	2018-08-10 12:06:37.034716+05:30	2018-08-10 12:06:37.034716+05:30	4
150	Lamont	2018-08-10 12:06:38.714813+05:30	2018-08-10 12:06:38.714813+05:30	4
151	Larkspur	2018-08-10 12:06:39.912881+05:30	2018-08-10 12:06:39.912881+05:30	4
152	Leduc	2018-08-10 12:06:42.118007+05:30	2018-08-10 12:06:42.118007+05:30	4
153	Legal	2018-08-10 12:06:43.285074+05:30	2018-08-10 12:06:43.285074+05:30	4
154	Lethbridge	2018-08-10 12:06:44.490143+05:30	2018-08-10 12:06:44.490143+05:30	4
155	Linden	2018-08-10 12:06:46.696269+05:30	2018-08-10 12:06:46.696269+05:30	4
156	Lloydminster	2018-08-10 12:06:47.859336+05:30	2018-08-10 12:06:47.859336+05:30	4
157	Lloydminster (Alberta part)	2018-08-10 12:06:49.497429+05:30	2018-08-10 12:06:49.497429+05:30	4
158	Lloydminster (Part)	2018-08-10 12:06:50.646495+05:30	2018-08-10 12:06:50.646495+05:30	4
159	Lloydminster (Saskatchewan part)	2018-08-10 12:06:51.821562+05:30	2018-08-10 12:06:51.821562+05:30	4
160	Lomond	2018-08-10 12:06:53.485657+05:30	2018-08-10 12:06:53.485657+05:30	4
161	Longview	2018-08-10 12:06:54.665725+05:30	2018-08-10 12:06:54.665725+05:30	4
162	Lougheed	2018-08-10 12:06:55.831792+05:30	2018-08-10 12:06:55.831792+05:30	4
163	Ma-Me-O Beach	2018-08-10 12:06:56.957856+05:30	2018-08-10 12:06:56.957856+05:30	4
164	Magrath	2018-08-10 12:06:58.088921+05:30	2018-08-10 12:06:58.088921+05:30	4
165	Manning	2018-08-10 12:06:59.216985+05:30	2018-08-10 12:06:59.216985+05:30	4
166	Mannville	2018-08-10 12:07:00.410053+05:30	2018-08-10 12:07:00.410053+05:30	4
167	Marwayne	2018-08-10 12:07:01.57512+05:30	2018-08-10 12:07:01.57512+05:30	4
168	Mayerthorpe	2018-08-10 12:07:02.739187+05:30	2018-08-10 12:07:02.739187+05:30	4
169	McLennan	2018-08-10 12:07:03.906253+05:30	2018-08-10 12:07:03.906253+05:30	4
170	Medicine Hat	2018-08-10 12:07:05.006316+05:30	2018-08-10 12:07:05.006316+05:30	4
171	Mewatha Beach	2018-08-10 12:07:06.144381+05:30	2018-08-10 12:07:06.144381+05:30	4
172	Milk River	2018-08-10 12:07:07.326449+05:30	2018-08-10 12:07:07.326449+05:30	4
173	Millet	2018-08-10 12:07:08.540518+05:30	2018-08-10 12:07:08.540518+05:30	4
174	Milo	2018-08-10 12:07:09.646582+05:30	2018-08-10 12:07:09.646582+05:30	4
175	Minburn	2018-08-10 12:07:10.778646+05:30	2018-08-10 12:07:10.778646+05:30	4
176	Mirror	2018-08-10 12:07:11.911711+05:30	2018-08-10 12:07:11.911711+05:30	4
177	Morinville	2018-08-10 12:07:13.545805+05:30	2018-08-10 12:07:13.545805+05:30	4
178	Morrin	2018-08-10 12:07:14.69287+05:30	2018-08-10 12:07:14.69287+05:30	4
179	Mundare	2018-08-10 12:07:15.866937+05:30	2018-08-10 12:07:15.866937+05:30	4
180	Munson	2018-08-10 12:07:17.529033+05:30	2018-08-10 12:07:17.529033+05:30	4
181	Myrnam	2018-08-10 12:07:19.685156+05:30	2018-08-10 12:07:19.685156+05:30	4
182	Nakamun Park	2018-08-10 12:07:20.816221+05:30	2018-08-10 12:07:20.816221+05:30	4
183	Nampa	2018-08-10 12:07:21.945285+05:30	2018-08-10 12:07:21.945285+05:30	4
184	Nanton	2018-08-10 12:07:23.103351+05:30	2018-08-10 12:07:23.103351+05:30	4
185	New Norway	2018-08-10 12:07:24.267418+05:30	2018-08-10 12:07:24.267418+05:30	4
186	New Sarepta	2018-08-10 12:07:25.441485+05:30	2018-08-10 12:07:25.441485+05:30	4
187	Nobleford	2018-08-10 12:07:27.067578+05:30	2018-08-10 12:07:27.067578+05:30	4
188	Norglenwold	2018-08-10 12:07:28.706672+05:30	2018-08-10 12:07:28.706672+05:30	4
189	Norris Beach	2018-08-10 12:07:29.874739+05:30	2018-08-10 12:07:29.874739+05:30	4
190	Okotoks	2018-08-10 12:07:31.508832+05:30	2018-08-10 12:07:31.508832+05:30	4
191	Olds	2018-08-10 12:07:33.208929+05:30	2018-08-10 12:07:33.208929+05:30	4
192	Onoway	2018-08-10 12:07:34.896026+05:30	2018-08-10 12:07:34.896026+05:30	4
193	Oyen	2018-08-10 12:07:36.626125+05:30	2018-08-10 12:07:36.626125+05:30	4
194	Paradise Valley	2018-08-10 12:07:37.783191+05:30	2018-08-10 12:07:37.783191+05:30	4
195	Parkland Beach	2018-08-10 12:07:38.968259+05:30	2018-08-10 12:07:38.968259+05:30	4
196	Peace River	2018-08-10 12:07:41.187386+05:30	2018-08-10 12:07:41.187386+05:30	4
197	Pelican Narrows	2018-08-10 12:07:42.342452+05:30	2018-08-10 12:07:42.342452+05:30	4
198	Penhold	2018-08-10 12:07:43.511519+05:30	2018-08-10 12:07:43.511519+05:30	4
199	Picture Butte	2018-08-10 12:07:44.699587+05:30	2018-08-10 12:07:44.699587+05:30	4
200	Pincher Creek	2018-08-10 12:07:45.860653+05:30	2018-08-10 12:07:45.860653+05:30	4
201	Plamondon	2018-08-10 12:07:47.066722+05:30	2018-08-10 12:07:47.066722+05:30	4
202	Point Alison	2018-08-10 12:07:48.25479+05:30	2018-08-10 12:07:48.25479+05:30	4
203	Ponoka	2018-08-10 12:07:49.401856+05:30	2018-08-10 12:07:49.401856+05:30	4
204	Poplar Bay	2018-08-10 12:07:50.620925+05:30	2018-08-10 12:07:50.620925+05:30	4
205	Provost	2018-08-10 12:07:52.310022+05:30	2018-08-10 12:07:52.310022+05:30	4
206	Rainbow Lake	2018-08-10 12:07:53.478089+05:30	2018-08-10 12:07:53.478089+05:30	4
207	Raymond	2018-08-10 12:07:54.636155+05:30	2018-08-10 12:07:54.636155+05:30	4
208	Red Deer	2018-08-10 12:07:55.799221+05:30	2018-08-10 12:07:55.799221+05:30	4
209	Redcliff	2018-08-10 12:07:56.950287+05:30	2018-08-10 12:07:56.950287+05:30	4
210	Redwater	2018-08-10 12:07:58.107354+05:30	2018-08-10 12:07:58.107354+05:30	4
211	Rimbey	2018-08-10 12:07:59.763448+05:30	2018-08-10 12:07:59.763448+05:30	4
212	Rochon Sands	2018-08-10 12:08:00.939515+05:30	2018-08-10 12:08:00.939515+05:30	4
213	Rocky Mountain House	2018-08-10 12:08:02.570609+05:30	2018-08-10 12:08:02.570609+05:30	4
214	Rockyford	2018-08-10 12:08:03.719675+05:30	2018-08-10 12:08:03.719675+05:30	4
215	Rosalind	2018-08-10 12:08:05.339767+05:30	2018-08-10 12:08:05.339767+05:30	4
216	Rosemary	2018-08-10 12:08:06.499834+05:30	2018-08-10 12:08:06.499834+05:30	4
217	Ross Haven	2018-08-10 12:08:07.641899+05:30	2018-08-10 12:08:07.641899+05:30	4
218	Rycroft	2018-08-10 12:08:08.774964+05:30	2018-08-10 12:08:08.774964+05:30	4
219	Ryley	2018-08-10 12:08:09.947031+05:30	2018-08-10 12:08:09.947031+05:30	4
220	Sandy Beach	2018-08-10 12:08:11.112097+05:30	2018-08-10 12:08:11.112097+05:30	4
221	Sangudo	2018-08-10 12:08:12.760192+05:30	2018-08-10 12:08:12.760192+05:30	4
222	Seba Beach	2018-08-10 12:08:13.912257+05:30	2018-08-10 12:08:13.912257+05:30	4
223	Sedgewick	2018-08-10 12:08:15.088325+05:30	2018-08-10 12:08:15.088325+05:30	4
224	Sexsmith	2018-08-10 12:08:16.22239+05:30	2018-08-10 12:08:16.22239+05:30	4
225	Silver Beach	2018-08-10 12:08:17.44546+05:30	2018-08-10 12:08:17.44546+05:30	4
226	Silver Sands	2018-08-10 12:08:18.606526+05:30	2018-08-10 12:08:18.606526+05:30	4
227	Slave Lake	2018-08-10 12:08:19.754592+05:30	2018-08-10 12:08:19.754592+05:30	4
228	Smoky Lake	2018-08-10 12:08:20.909658+05:30	2018-08-10 12:08:20.909658+05:30	4
229	South Baptiste	2018-08-10 12:08:22.104726+05:30	2018-08-10 12:08:22.104726+05:30	4
230	South View	2018-08-10 12:08:23.280793+05:30	2018-08-10 12:08:23.280793+05:30	4
231	Spirit River	2018-08-10 12:08:24.391857+05:30	2018-08-10 12:08:24.392857+05:30	4
232	Spring Lake	2018-08-10 12:08:26.036951+05:30	2018-08-10 12:08:26.036951+05:30	4
233	Spruce Grove	2018-08-10 12:08:27.213018+05:30	2018-08-10 12:08:27.213018+05:30	4
234	St. Albert	2018-08-10 12:08:28.361084+05:30	2018-08-10 12:08:28.361084+05:30	4
235	St. Paul	2018-08-10 12:08:29.50815+05:30	2018-08-10 12:08:29.50815+05:30	4
236	Standard	2018-08-10 12:08:31.155244+05:30	2018-08-10 12:08:31.155244+05:30	4
237	Stavely	2018-08-10 12:08:32.351312+05:30	2018-08-10 12:08:32.351312+05:30	4
238	Stettler	2018-08-10 12:08:33.54038+05:30	2018-08-10 12:08:33.54038+05:30	4
239	Stirling	2018-08-10 12:08:34.650444+05:30	2018-08-10 12:08:34.650444+05:30	4
240	Stony Plain	2018-08-10 12:08:35.730505+05:30	2018-08-10 12:08:35.730505+05:30	4
241	Strathmore	2018-08-10 12:08:36.850569+05:30	2018-08-10 12:08:36.850569+05:30	4
242	Strome	2018-08-10 12:08:38.009636+05:30	2018-08-10 12:08:38.009636+05:30	4
243	Sunbreaker Cove	2018-08-10 12:08:39.1257+05:30	2018-08-10 12:08:39.1257+05:30	4
244	Sundance Beach	2018-08-10 12:08:40.71279+05:30	2018-08-10 12:08:40.71379+05:30	4
245	Sundre	2018-08-10 12:08:43.804967+05:30	2018-08-10 12:08:43.804967+05:30	4
246	Sunrise Beach	2018-08-10 12:08:44.892029+05:30	2018-08-10 12:08:44.892029+05:30	4
247	Sunset Beach	2018-08-10 12:08:45.971091+05:30	2018-08-10 12:08:45.971091+05:30	4
248	Sunset Point	2018-08-10 12:08:47.103156+05:30	2018-08-10 12:08:47.103156+05:30	4
249	Swan Hills	2018-08-10 12:08:48.181218+05:30	2018-08-10 12:08:48.181218+05:30	4
250	Sylvan Lake	2018-08-10 12:08:49.27628+05:30	2018-08-10 12:08:49.27628+05:30	4
251	Taber	2018-08-10 12:08:50.373343+05:30	2018-08-10 12:08:50.373343+05:30	4
252	Thorhild	2018-08-10 12:08:51.471406+05:30	2018-08-10 12:08:51.471406+05:30	4
253	Thorsby	2018-08-10 12:08:52.663474+05:30	2018-08-10 12:08:52.663474+05:30	4
254	Three Hills	2018-08-10 12:08:53.836541+05:30	2018-08-10 12:08:53.836541+05:30	4
255	Tilley	2018-08-10 12:08:54.917603+05:30	2018-08-10 12:08:54.917603+05:30	4
256	Tofield	2018-08-10 12:08:56.042667+05:30	2018-08-10 12:08:56.042667+05:30	4
257	Trochu	2018-08-10 12:08:57.629758+05:30	2018-08-10 12:08:57.629758+05:30	4
258	Turner Valley	2018-08-10 12:08:59.290853+05:30	2018-08-10 12:08:59.291853+05:30	4
259	Two Hills	2018-08-10 12:09:00.499922+05:30	2018-08-10 12:09:00.499922+05:30	4
260	Val Quentin	2018-08-10 12:09:02.142016+05:30	2018-08-10 12:09:02.142016+05:30	4
261	Valleyview	2018-08-10 12:09:03.370086+05:30	2018-08-10 12:09:03.370086+05:30	4
262	Vauxhall	2018-08-10 12:09:04.455148+05:30	2018-08-10 12:09:04.455148+05:30	4
263	Vegreville	2018-08-10 12:09:05.554211+05:30	2018-08-10 12:09:05.554211+05:30	4
264	Vermilion	2018-08-10 12:09:06.647274+05:30	2018-08-10 12:09:06.647274+05:30	4
265	Veteran	2018-08-10 12:09:07.756337+05:30	2018-08-10 12:09:07.756337+05:30	4
266	Viking	2018-08-10 12:09:08.908403+05:30	2018-08-10 12:09:08.908403+05:30	4
267	Vilna	2018-08-10 12:09:10.567498+05:30	2018-08-10 12:09:10.567498+05:30	4
268	Vulcan	2018-08-10 12:09:12.267595+05:30	2018-08-10 12:09:12.267595+05:30	4
269	Wabamun	2018-08-10 12:09:13.462664+05:30	2018-08-10 12:09:13.462664+05:30	4
270	Wainwright	2018-08-10 12:09:14.672733+05:30	2018-08-10 12:09:14.672733+05:30	4
271	Waiparous	2018-08-10 12:09:15.868801+05:30	2018-08-10 12:09:15.868801+05:30	4
272	Warburg	2018-08-10 12:09:18.044926+05:30	2018-08-10 12:09:18.044926+05:30	4
273	Warner	2018-08-10 12:09:19.662018+05:30	2018-08-10 12:09:19.662018+05:30	4
274	Waskatenau	2018-08-10 12:09:20.771082+05:30	2018-08-10 12:09:20.771082+05:30	4
275	Wembley	2018-08-10 12:09:21.934148+05:30	2018-08-10 12:09:21.934148+05:30	4
276	West Baptiste	2018-08-10 12:09:23.560241+05:30	2018-08-10 12:09:23.560241+05:30	4
277	West Cove	2018-08-10 12:09:24.639303+05:30	2018-08-10 12:09:24.639303+05:30	4
278	Westlock	2018-08-10 12:09:25.720365+05:30	2018-08-10 12:09:25.720365+05:30	4
279	Wetaskiwin	2018-08-10 12:09:26.877431+05:30	2018-08-10 12:09:26.877431+05:30	4
280	Whispering Hills	2018-08-10 12:09:28.045498+05:30	2018-08-10 12:09:28.045498+05:30	4
281	White Gull	2018-08-10 12:09:29.633589+05:30	2018-08-10 12:09:29.633589+05:30	4
282	White Sands	2018-08-10 12:09:30.71565+05:30	2018-08-10 12:09:30.71565+05:30	4
283	Whitecourt	2018-08-10 12:09:31.797712+05:30	2018-08-10 12:09:31.797712+05:30	4
284	Willingdon	2018-08-10 12:09:32.917776+05:30	2018-08-10 12:09:32.917776+05:30	4
285	Wood Buffalo	2018-08-10 12:09:34.050841+05:30	2018-08-10 12:09:34.050841+05:30	4
286	Yellowstone	2018-08-10 12:09:35.220908+05:30	2018-08-10 12:09:35.220908+05:30	4
287	Youngstown	2018-08-10 12:09:36.376974+05:30	2018-08-10 12:09:36.376974+05:30	4
288	Abbotsford	2018-08-10 12:12:05.556507+05:30	2018-12-18 16:00:54.539776+05:30	5
289	Abbotsford - Mission	2018-08-10 12:12:07.1856+05:30	2018-08-10 12:12:07.1856+05:30	5
290	Alert Bay	2018-08-10 12:12:08.282663+05:30	2018-08-10 12:12:08.282663+05:30	5
291	Anmore	2018-08-10 12:12:09.387726+05:30	2018-08-10 12:12:09.387726+05:30	5
292	Armstrong	2018-08-10 12:12:10.497789+05:30	2018-08-10 12:12:10.497789+05:30	5
293	Ashcroft	2018-08-10 12:12:11.593852+05:30	2018-08-10 12:12:11.593852+05:30	5
294	Belcarra	2018-08-10 12:12:12.683914+05:30	2018-08-10 12:12:12.683914+05:30	5
295	Burnaby	2018-08-10 12:12:13.775977+05:30	2018-08-10 12:12:13.775977+05:30	5
296	Burns Lake	2018-08-10 12:12:14.857039+05:30	2018-08-10 12:12:14.857039+05:30	5
297	Cache Creek	2018-08-10 12:12:15.974103+05:30	2018-08-10 12:12:15.974103+05:30	5
298	Campbell River	2018-08-10 12:12:17.15817+05:30	2018-08-10 12:12:17.15817+05:30	5
299	Canal Flats	2018-08-10 12:12:18.237232+05:30	2018-08-10 12:12:18.237232+05:30	5
300	Castlegar	2018-08-10 12:12:19.315294+05:30	2018-08-10 12:12:19.315294+05:30	5
301	Chase	2018-08-10 12:12:20.393355+05:30	2018-08-10 12:12:20.393355+05:30	5
302	Chilliwack	2018-08-10 12:12:21.471417+05:30	2018-08-10 12:12:21.471417+05:30	5
303	Clinton	2018-08-10 12:12:22.550479+05:30	2018-08-10 12:12:22.550479+05:30	5
304	Colwood	2018-08-10 12:12:23.860554+05:30	2018-08-10 12:12:23.860554+05:30	5
305	Comox	2018-08-10 12:12:24.970617+05:30	2018-08-10 12:12:24.970617+05:30	5
306	Coquitlam	2018-08-10 12:12:26.118683+05:30	2018-08-10 12:12:26.118683+05:30	5
307	Courtenay	2018-08-10 12:12:27.29375+05:30	2018-08-10 12:12:27.29375+05:30	5
308	Cranbrook	2018-08-10 12:12:28.431815+05:30	2018-08-10 12:12:28.431815+05:30	5
309	Creston	2018-08-10 12:12:29.590881+05:30	2018-08-10 12:12:29.590881+05:30	5
310	Cumberland	2018-08-10 12:12:31.221975+05:30	2018-08-10 12:12:31.221975+05:30	5
311	Dawson Creek	2018-08-10 12:12:32.383041+05:30	2018-08-10 12:12:32.383041+05:30	5
312	Duncan	2018-08-10 12:12:33.497105+05:30	2018-08-10 12:12:33.497105+05:30	5
313	Enderby	2018-08-10 12:12:35.091196+05:30	2018-08-10 12:12:35.091196+05:30	5
314	Fernie	2018-08-10 12:12:36.667286+05:30	2018-08-10 12:12:36.668286+05:30	5
315	Fort Nelson	2018-08-10 12:12:37.78735+05:30	2018-08-10 12:12:37.78735+05:30	5
316	Fort St. John	2018-08-10 12:12:38.932416+05:30	2018-08-10 12:12:38.932416+05:30	5
317	Fraser Lake	2018-08-10 12:12:40.04748+05:30	2018-08-10 12:12:40.04748+05:30	5
318	Fruitvale	2018-08-10 12:12:41.138542+05:30	2018-08-10 12:12:41.138542+05:30	5
319	Gibsons	2018-08-10 12:12:42.235605+05:30	2018-08-10 12:12:42.235605+05:30	5
320	Gold River	2018-08-10 12:12:43.321667+05:30	2018-08-10 12:12:43.321667+05:30	5
321	Golden	2018-08-10 12:12:44.888756+05:30	2018-08-10 12:12:44.888756+05:30	5
322	Grand Forks	2018-08-10 12:12:45.968818+05:30	2018-08-10 12:12:45.968818+05:30	5
323	Granisle	2018-08-10 12:12:47.05088+05:30	2018-08-10 12:12:47.05088+05:30	5
324	Greenwood	2018-08-10 12:12:48.169944+05:30	2018-08-10 12:12:48.169944+05:30	5
325	Harrison Hot Springs	2018-08-10 12:12:50.36307+05:30	2018-08-10 12:12:50.36307+05:30	5
326	Hazelton	2018-08-10 12:12:54.141286+05:30	2018-08-10 12:12:54.141286+05:30	5
327	Kamloops	2018-08-10 12:12:55.96739+05:30	2018-08-10 12:12:55.96739+05:30	5
328	Kaslo	2018-08-10 12:12:57.666487+05:30	2018-08-10 12:12:57.666487+05:30	5
329	Kelowna	2018-08-10 12:12:58.852555+05:30	2018-08-10 12:12:58.852555+05:30	5
330	Keremeos	2018-08-10 12:13:02.576768+05:30	2018-08-10 12:13:02.576768+05:30	5
331	Kimberley	2018-08-10 12:13:03.82784+05:30	2018-08-10 12:13:03.82784+05:30	5
332	Kitimat	2018-08-10 12:13:06.059967+05:30	2018-08-10 12:13:06.059967+05:30	5
333	Ladysmith	2018-08-10 12:13:07.820068+05:30	2018-08-10 12:13:07.820068+05:30	5
334	Lake Cowichan	2018-08-10 12:13:09.524166+05:30	2018-08-10 12:13:09.524166+05:30	5
335	Langford	2018-08-10 12:13:12.252322+05:30	2018-08-10 12:13:12.252322+05:30	5
336	Langley	2018-08-10 12:13:14.976477+05:30	2018-08-10 12:13:14.976477+05:30	5
337	Lions Bay	2018-08-10 12:13:17.201605+05:30	2018-08-10 12:13:17.201605+05:30	5
338	Lumby	2018-08-10 12:13:19.419732+05:30	2018-08-10 12:13:19.419732+05:30	5
339	Lytton	2018-08-10 12:13:21.099828+05:30	2018-08-10 12:13:21.099828+05:30	5
340	Masset	2018-08-10 12:13:23.339956+05:30	2018-08-10 12:13:23.339956+05:30	5
341	McBride	2018-08-10 12:13:25.072055+05:30	2018-08-10 12:13:25.072055+05:30	5
342	Merritt	2018-08-10 12:13:27.825212+05:30	2018-08-10 12:13:27.825212+05:30	5
343	Midway	2018-08-10 12:13:31.706434+05:30	2018-08-10 12:13:31.706434+05:30	5
344	Montrose	2018-08-10 12:13:33.451534+05:30	2018-08-10 12:13:33.451534+05:30	5
345	Nakusp	2018-08-10 12:13:35.147631+05:30	2018-08-10 12:13:35.147631+05:30	5
346	Nanaimo	2018-08-10 12:13:36.234693+05:30	2018-08-10 12:13:36.234693+05:30	5
347	Nelson	2018-08-10 12:13:37.314755+05:30	2018-08-10 12:13:37.314755+05:30	5
348	New Denver	2018-08-10 12:13:38.394817+05:30	2018-08-10 12:13:38.394817+05:30	5
349	New Westminster	2018-08-10 12:13:39.477879+05:30	2018-08-10 12:13:39.477879+05:30	5
350	North Vancouver	2018-08-10 12:13:40.558941+05:30	2018-08-10 12:13:40.558941+05:30	5
351	Oliver	2018-08-10 12:13:41.639002+05:30	2018-08-10 12:13:41.639002+05:30	5
352	Osoyoos	2018-08-10 12:13:42.735065+05:30	2018-08-10 12:13:42.735065+05:30	5
353	Parksville	2018-08-10 12:13:43.851129+05:30	2018-08-10 12:13:43.851129+05:30	5
354	Pemberton	2018-08-10 12:13:45.006195+05:30	2018-08-10 12:13:45.006195+05:30	5
355	Penticton	2018-08-10 12:13:46.128259+05:30	2018-08-10 12:13:46.128259+05:30	5
356	Pitt Meadows	2018-08-10 12:13:47.219322+05:30	2018-08-10 12:13:47.219322+05:30	5
357	Port Alice	2018-08-10 12:13:48.303384+05:30	2018-08-10 12:13:48.303384+05:30	5
358	Port Clements	2018-08-10 12:13:49.384445+05:30	2018-08-10 12:13:49.384445+05:30	5
359	Port Coquitlam	2018-08-10 12:13:50.466507+05:30	2018-08-10 12:13:50.466507+05:30	5
360	Port McNeill	2018-08-10 12:13:51.547569+05:30	2018-08-10 12:13:51.547569+05:30	5
361	Port Moody	2018-08-10 12:13:52.650632+05:30	2018-08-10 12:13:52.651632+05:30	5
362	Pouce Coupe	2018-08-10 12:13:53.730694+05:30	2018-08-10 12:13:53.730694+05:30	5
363	Powell River	2018-08-10 12:13:54.810756+05:30	2018-08-10 12:13:54.810756+05:30	5
364	Prince George	2018-08-10 12:13:55.917819+05:30	2018-08-10 12:13:55.917819+05:30	5
365	Prince Rupert	2018-08-10 12:13:57.042883+05:30	2018-08-10 12:13:57.042883+05:30	5
366	Princeton	2018-08-10 12:13:58.251953+05:30	2018-08-10 12:13:58.252953+05:30	5
367	Qualicum Beach	2018-08-10 12:13:59.355016+05:30	2018-08-10 12:13:59.355016+05:30	5
368	Queen Charlotte	2018-08-10 12:14:00.541084+05:30	2018-08-10 12:14:00.541084+05:30	5
369	Quesnel	2018-08-10 12:14:02.74821+05:30	2018-08-10 12:14:02.74821+05:30	5
370	Radium Hot Springs	2018-08-10 12:14:03.831272+05:30	2018-08-10 12:14:03.832272+05:30	5
371	Revelstoke	2018-08-10 12:14:04.917334+05:30	2018-08-10 12:14:04.917334+05:30	5
372	Richmond	2018-08-10 12:14:05.997396+05:30	2018-08-10 12:14:05.997396+05:30	5
373	Rossland	2018-08-10 12:14:07.077457+05:30	2018-08-10 12:14:07.077457+05:30	5
374	Salmo	2018-08-10 12:14:08.157519+05:30	2018-08-10 12:14:08.157519+05:30	5
375	Salmon Arm	2018-08-10 12:14:09.259582+05:30	2018-08-10 12:14:09.259582+05:30	5
376	Sayward	2018-08-10 12:14:10.341644+05:30	2018-08-10 12:14:10.341644+05:30	5
377	Sidney	2018-08-10 12:14:11.451708+05:30	2018-08-10 12:14:11.451708+05:30	5
378	Silverton	2018-08-10 12:14:12.533769+05:30	2018-08-10 12:14:12.533769+05:30	5
379	Slocan	2018-08-10 12:14:13.641833+05:30	2018-08-10 12:14:13.641833+05:30	5
380	Smithers	2018-08-10 12:14:14.8199+05:30	2018-08-10 12:14:14.8199+05:30	5
381	Squamish	2018-08-10 12:14:16.425992+05:30	2018-08-10 12:14:16.425992+05:30	5
382	Sun Peaks Mountain	2018-08-10 12:14:17.511054+05:30	2018-08-10 12:14:17.511054+05:30	5
383	Surrey	2018-08-10 12:14:18.592116+05:30	2018-08-10 12:14:18.592116+05:30	5
384	Tahsis	2018-08-10 12:14:19.697179+05:30	2018-08-10 12:14:19.697179+05:30	5
385	Telkwa	2018-08-10 12:14:20.781241+05:30	2018-08-10 12:14:20.781241+05:30	5
386	Terrace	2018-08-10 12:14:21.861303+05:30	2018-08-10 12:14:21.861303+05:30	5
387	Trail	2018-08-10 12:14:22.962366+05:30	2018-08-10 12:14:22.962366+05:30	5
388	Valemount	2018-08-10 12:14:24.230438+05:30	2018-08-10 12:14:24.230438+05:30	5
389	Vancouver	2018-08-10 12:14:25.316501+05:30	2018-08-10 12:14:25.316501+05:30	5
390	Victoria	2018-08-10 12:14:26.443565+05:30	2018-08-10 12:14:26.443565+05:30	5
391	View Royal	2018-08-10 12:14:27.536628+05:30	2018-08-10 12:14:27.536628+05:30	5
392	Warfield	2018-08-10 12:14:28.638691+05:30	2018-08-10 12:14:28.638691+05:30	5
393	White Rock	2018-08-10 12:14:29.777756+05:30	2018-08-10 12:14:29.777756+05:30	5
394	Williams Lake	2018-08-10 12:14:31.367847+05:30	2018-08-10 12:14:31.367847+05:30	5
395	Zeballos	2018-08-10 12:14:32.450909+05:30	2018-08-10 12:14:32.450909+05:30	5
396	Altona	2018-08-10 12:20:45.838265+05:30	2018-08-10 12:20:45.838265+05:30	6
397	Arborg	2018-08-10 12:20:47.011332+05:30	2018-08-10 12:20:47.012332+05:30	6
398	Beausejour	2018-08-10 12:20:48.2014+05:30	2018-08-10 12:20:48.2014+05:30	6
399	Benito	2018-08-10 12:20:49.358467+05:30	2018-08-10 12:20:49.358467+05:30	6
400	Binscarth	2018-08-10 12:20:51.539591+05:30	2018-08-10 12:20:51.539591+05:30	6
401	Birtle	2018-08-10 12:20:52.718659+05:30	2018-08-10 12:20:52.718659+05:30	6
402	Boissevain	2018-08-10 12:20:53.909727+05:30	2018-08-10 12:20:53.909727+05:30	6
403	Bowsman	2018-08-10 12:20:55.066793+05:30	2018-08-10 12:20:55.066793+05:30	6
404	Brandon	2018-08-10 12:20:56.75789+05:30	2018-08-10 12:20:56.75889+05:30	6
405	Carberry	2018-08-10 12:20:57.924957+05:30	2018-08-10 12:20:57.924957+05:30	6
406	Carman	2018-08-10 12:20:59.540049+05:30	2018-08-10 12:20:59.540049+05:30	6
407	Cartwright	2018-08-10 12:21:00.702115+05:30	2018-08-10 12:21:00.702115+05:30	6
408	Churchill	2018-08-10 12:21:02.449215+05:30	2018-08-10 12:21:02.449215+05:30	6
409	Crystal City	2018-08-10 12:21:04.211316+05:30	2018-08-10 12:21:04.211316+05:30	6
410	Dauphin	2018-08-10 12:21:06.38244+05:30	2018-08-10 12:21:06.38244+05:30	6
411	Deloraine	2018-08-10 12:21:08.12154+05:30	2018-08-10 12:21:08.12154+05:30	6
412	Dunnottar	2018-08-10 12:21:09.312608+05:30	2018-08-10 12:21:09.312608+05:30	6
413	Elkhorn	2018-08-10 12:21:10.482675+05:30	2018-08-10 12:21:10.482675+05:30	6
414	Emerson	2018-08-10 12:21:12.643798+05:30	2018-08-10 12:21:12.643798+05:30	6
415	Erickson	2018-08-10 12:21:13.758862+05:30	2018-08-10 12:21:13.758862+05:30	6
416	Ethelbert	2018-08-10 12:21:14.883927+05:30	2018-08-10 12:21:14.883927+05:30	6
417	Flin Flon (Part)	2018-08-10 12:21:16.572023+05:30	2018-08-10 12:21:16.572023+05:30	6
418	Garson	2018-08-10 12:21:17.778092+05:30	2018-08-10 12:21:17.778092+05:30	6
419	Gilbert Plains	2018-08-10 12:21:18.877155+05:30	2018-08-10 12:21:18.877155+05:30	6
420	Gillam	2018-08-10 12:21:20.481247+05:30	2018-08-10 12:21:20.481247+05:30	6
421	Gimli	2018-08-10 12:21:22.151342+05:30	2018-08-10 12:21:22.151342+05:30	6
422	Gladstone	2018-08-10 12:21:24.875498+05:30	2018-08-10 12:21:24.876498+05:30	6
423	Glenboro	2018-08-10 12:21:26.025564+05:30	2018-08-10 12:21:26.025564+05:30	6
424	Grand Rapids	2018-08-10 12:21:27.679658+05:30	2018-08-10 12:21:27.679658+05:30	6
425	Grandview	2018-08-10 12:21:28.896728+05:30	2018-08-10 12:21:28.896728+05:30	6
426	Gretna	2018-08-10 12:21:29.999791+05:30	2018-08-10 12:21:29.999791+05:30	6
427	Hamiota	2018-08-10 12:21:31.673887+05:30	2018-08-10 12:21:31.673887+05:30	6
428	Hartney	2018-08-10 12:21:32.866955+05:30	2018-08-10 12:21:32.866955+05:30	6
429	Killarney	2018-08-10 12:21:34.538051+05:30	2018-08-10 12:21:34.538051+05:30	6
430	Lac du Bonnet	2018-08-10 12:21:35.694117+05:30	2018-08-10 12:21:35.694117+05:30	6
431	Leaf Rapids	2018-08-10 12:21:37.386214+05:30	2018-08-10 12:21:37.386214+05:30	6
432	Lynn Lake	2018-08-10 12:21:43.209547+05:30	2018-08-10 12:21:43.209547+05:30	6
433	MacGregor	2018-08-10 12:21:44.365613+05:30	2018-08-10 12:21:44.365613+05:30	6
434	Manitou	2018-08-10 12:21:45.984705+05:30	2018-08-10 12:21:45.984705+05:30	6
435	McCreary	2018-08-10 12:21:47.143772+05:30	2018-08-10 12:21:47.143772+05:30	6
436	Melita	2018-08-10 12:21:48.308838+05:30	2018-08-10 12:21:48.308838+05:30	6
437	Minitonas	2018-08-10 12:21:50.471962+05:30	2018-08-10 12:21:50.471962+05:30	6
438	Minnedosa	2018-08-10 12:21:51.561024+05:30	2018-08-10 12:21:51.561024+05:30	6
439	Morden	2018-08-10 12:21:53.198118+05:30	2018-08-10 12:21:53.198118+05:30	6
440	Morris	2018-08-10 12:21:55.347241+05:30	2018-08-10 12:21:55.347241+05:30	6
441	Neepawa	2018-08-10 12:21:58.001393+05:30	2018-08-10 12:21:58.001393+05:30	6
442	Niverville	2018-08-10 12:22:00.109513+05:30	2018-08-10 12:22:00.109513+05:30	6
443	Notre Dame de Lourdes	2018-08-10 12:22:01.317582+05:30	2018-08-10 12:22:01.317582+05:30	6
444	Oak Lake	2018-08-10 12:22:02.49665+05:30	2018-08-10 12:22:02.49665+05:30	6
445	Pilot Mound	2018-08-10 12:22:03.641715+05:30	2018-08-10 12:22:03.642715+05:30	6
446	Plum Coulee	2018-08-10 12:22:05.325812+05:30	2018-08-10 12:22:05.326812+05:30	6
447	Portage la Prairie	2018-08-10 12:22:06.51688+05:30	2018-08-10 12:22:06.51688+05:30	6
448	Powerview-Pine Falls	2018-08-10 12:22:08.689004+05:30	2018-08-10 12:22:08.689004+05:30	6
449	Rapid City	2018-08-10 12:22:10.877129+05:30	2018-08-10 12:22:10.877129+05:30	6
450	Rivers	2018-08-10 12:22:12.012194+05:30	2018-08-10 12:22:12.012194+05:30	6
451	Riverton	2018-08-10 12:22:14.193319+05:30	2018-08-10 12:22:14.193319+05:30	6
452	Roblin	2018-08-10 12:22:15.353385+05:30	2018-08-10 12:22:15.353385+05:30	6
453	Rossburn	2018-08-10 12:22:17.582513+05:30	2018-08-10 12:22:17.582513+05:30	6
454	Russell	2018-08-10 12:22:18.75458+05:30	2018-08-10 12:22:18.75558+05:30	6
455	Selkirk	2018-08-10 12:22:19.952648+05:30	2018-08-10 12:22:19.952648+05:30	6
456	Shoal Lake	2018-08-10 12:22:21.135716+05:30	2018-08-10 12:22:21.135716+05:30	6
457	Snow Lake	2018-08-10 12:22:22.809812+05:30	2018-08-10 12:22:22.809812+05:30	6
458	Somerset	2018-08-10 12:22:25.980993+05:30	2018-08-10 12:22:25.980993+05:30	6
459	Souris	2018-08-10 12:22:27.686091+05:30	2018-08-10 12:22:27.686091+05:30	6
460	St-Lazare	2018-08-10 12:22:28.866158+05:30	2018-08-10 12:22:28.866158+05:30	6
461	St-Pierre-Jolys	2018-08-10 12:22:30.063227+05:30	2018-08-10 12:22:30.063227+05:30	6
462	St. Claude	2018-08-10 12:22:32.908389+05:30	2018-08-10 12:22:32.908389+05:30	6
463	Ste. Anne	2018-08-10 12:22:34.114458+05:30	2018-08-10 12:22:34.114458+05:30	6
464	Ste. Rose du Lac	2018-08-10 12:22:35.802555+05:30	2018-08-10 12:22:35.802555+05:30	6
465	Steinbach	2018-08-10 12:22:37.46765+05:30	2018-08-10 12:22:37.46765+05:30	6
466	Stonewall	2018-08-10 12:22:39.204749+05:30	2018-08-10 12:22:39.204749+05:30	6
467	Swan River	2018-08-10 12:22:40.394817+05:30	2018-08-10 12:22:40.394817+05:30	6
468	Teulon	2018-08-10 12:22:42.069913+05:30	2018-08-10 12:22:42.069913+05:30	6
469	The Pas	2018-08-10 12:22:43.249981+05:30	2018-08-10 12:22:43.249981+05:30	6
470	Thompson	2018-08-10 12:22:45.459107+05:30	2018-08-10 12:22:45.459107+05:30	6
471	Treherne	2018-08-10 12:22:46.598172+05:30	2018-08-10 12:22:46.598172+05:30	6
472	Virden	2018-08-10 12:22:50.417391+05:30	2018-08-10 12:22:50.417391+05:30	6
473	Waskada	2018-08-10 12:22:53.606573+05:30	2018-08-10 12:22:53.606573+05:30	6
474	Wawanesa	2018-08-10 12:22:55.908705+05:30	2018-08-10 12:22:55.909705+05:30	6
475	Winkler	2018-08-10 12:22:57.075772+05:30	2018-08-10 12:22:57.075772+05:30	6
476	Winnipeg	2018-08-10 12:22:58.26484+05:30	2018-08-10 12:22:58.26484+05:30	6
477	Winnipeg Beach	2018-08-10 12:22:59.900933+05:30	2018-08-10 12:22:59.900933+05:30	6
478	Winnipegosis	2018-08-10 12:23:02.050056+05:30	2018-08-10 12:23:02.050056+05:30	6
479	Alma	2018-08-10 12:25:43.253276+05:30	2018-08-10 12:25:43.253276+05:30	7
480	Aroostook	2018-08-10 12:25:44.383341+05:30	2018-08-10 12:25:44.383341+05:30	7
481	Atholville	2018-08-10 12:25:45.521406+05:30	2018-08-10 12:25:45.521406+05:30	7
482	Baker Brook	2018-08-10 12:25:46.671472+05:30	2018-08-10 12:25:46.671472+05:30	7
483	Balmoral	2018-08-10 12:25:47.793536+05:30	2018-08-10 12:25:47.793536+05:30	7
484	Bas-Caraquet	2018-08-10 12:25:48.933601+05:30	2018-08-10 12:25:48.933601+05:30	7
485	Bath	2018-08-10 12:25:50.144671+05:30	2018-08-10 12:25:50.144671+05:30	7
486	Bathurst	2018-08-10 12:25:51.268735+05:30	2018-08-10 12:25:51.268735+05:30	7
487	Belledune	2018-08-10 12:25:52.434802+05:30	2018-08-10 12:25:52.434802+05:30	7
488	Beresford	2018-08-10 12:25:54.566923+05:30	2018-08-10 12:25:54.566923+05:30	7
489	Bertrand	2018-08-10 12:25:56.178016+05:30	2018-08-10 12:25:56.178016+05:30	7
490	Blacks Harbour	2018-08-10 12:25:57.30308+05:30	2018-08-10 12:25:57.30308+05:30	7
491	Blackville	2018-08-10 12:25:58.444145+05:30	2018-08-10 12:25:58.444145+05:30	7
492	Bouctouche	2018-08-10 12:25:59.606212+05:30	2018-08-10 12:25:59.606212+05:30	7
493	Bristol	2018-08-10 12:26:00.729276+05:30	2018-08-10 12:26:00.729276+05:30	7
494	Cambridge-Narrows	2018-08-10 12:26:01.915344+05:30	2018-08-10 12:26:01.915344+05:30	7
495	Campbellton	2018-08-10 12:26:03.119413+05:30	2018-08-10 12:26:03.119413+05:30	7
496	Campbellton (New-Brunswick part)	2018-08-10 12:26:04.811509+05:30	2018-08-10 12:26:04.811509+05:30	7
497	Campbellton (Quebec part)	2018-08-10 12:26:05.928573+05:30	2018-08-10 12:26:05.928573+05:30	7
498	Canterbury	2018-08-10 12:26:07.602669+05:30	2018-08-10 12:26:07.602669+05:30	7
499	Cap-Pele	2018-08-10 12:26:08.751735+05:30	2018-08-10 12:26:08.751735+05:30	7
500	Caraquet	2018-08-10 12:26:09.8968+05:30	2018-08-10 12:26:09.8978+05:30	7
501	Centreville	2018-08-10 12:26:11.014864+05:30	2018-08-10 12:26:11.014864+05:30	7
502	Charlo	2018-08-10 12:26:12.146929+05:30	2018-08-10 12:26:12.146929+05:30	7
503	Chipman	2018-08-10 12:26:13.436003+05:30	2018-08-10 12:26:13.436003+05:30	7
504	Clair	2018-08-10 12:26:14.61507+05:30	2018-08-10 12:26:14.61507+05:30	7
505	Dalhousie	2018-08-10 12:26:15.784137+05:30	2018-08-10 12:26:15.784137+05:30	7
506	Dieppe	2018-08-10 12:26:16.924202+05:30	2018-08-10 12:26:16.924202+05:30	7
507	Doaktown	2018-08-10 12:26:18.043266+05:30	2018-08-10 12:26:18.043266+05:30	7
508	Dorchester	2018-08-10 12:26:19.16333+05:30	2018-08-10 12:26:19.16333+05:30	7
509	Drummond	2018-08-10 12:26:20.280394+05:30	2018-08-10 12:26:20.280394+05:30	7
510	Edmundston	2018-08-10 12:26:21.397458+05:30	2018-08-10 12:26:21.397458+05:30	7
511	Eel River Crossing	2018-08-10 12:26:22.542524+05:30	2018-08-10 12:26:22.542524+05:30	7
512	Florenceville	2018-08-10 12:26:23.692589+05:30	2018-08-10 12:26:23.692589+05:30	7
513	Florenceville-Bristol	2018-08-10 12:26:24.890658+05:30	2018-08-10 12:26:24.890658+05:30	7
514	Fredericton	2018-08-10 12:26:26.045724+05:30	2018-08-10 12:26:26.045724+05:30	7
515	Fredericton Junction	2018-08-10 12:26:27.238792+05:30	2018-08-10 12:26:27.238792+05:30	7
516	Gagetown	2018-08-10 12:26:28.882886+05:30	2018-08-10 12:26:28.882886+05:30	7
517	Grand Bay-Westfield	2018-08-10 12:26:30.492978+05:30	2018-08-10 12:26:30.492978+05:30	7
518	Grand Falls / Grand-Sault	2018-08-10 12:26:31.675046+05:30	2018-08-10 12:26:31.675046+05:30	7
519	Grand Manan	2018-08-10 12:26:32.815111+05:30	2018-08-10 12:26:32.815111+05:30	7
520	Grande-Anse	2018-08-10 12:26:33.941176+05:30	2018-08-10 12:26:33.941176+05:30	7
521	Hampton	2018-08-10 12:26:35.110242+05:30	2018-08-10 12:26:35.110242+05:30	7
522	Hartland	2018-08-10 12:26:36.278309+05:30	2018-08-10 12:26:36.278309+05:30	7
523	Harvey	2018-08-10 12:26:37.941404+05:30	2018-08-10 12:26:37.941404+05:30	7
524	Hillsborough	2018-08-10 12:26:39.223478+05:30	2018-08-10 12:26:39.223478+05:30	7
525	Kedgwick	2018-08-10 12:26:40.342542+05:30	2018-08-10 12:26:40.342542+05:30	7
526	Lac Baker	2018-08-10 12:26:41.467606+05:30	2018-08-10 12:26:41.467606+05:30	7
527	Lamque	2018-08-10 12:26:42.597671+05:30	2018-08-10 12:26:42.597671+05:30	7
528	Le Goulet	2018-08-10 12:26:43.721735+05:30	2018-08-10 12:26:43.721735+05:30	7
529	Maisonnette	2018-08-10 12:26:44.879801+05:30	2018-08-10 12:26:44.879801+05:30	7
530	McAdam	2018-08-10 12:26:46.013866+05:30	2018-08-10 12:26:46.013866+05:30	7
531	Meductic	2018-08-10 12:26:47.156931+05:30	2018-08-10 12:26:47.156931+05:30	7
532	Memramcook	2018-08-10 12:26:48.274995+05:30	2018-08-10 12:26:48.274995+05:30	7
533	Millville	2018-08-10 12:26:49.419061+05:30	2018-08-10 12:26:49.419061+05:30	7
534	Minto	2018-08-10 12:26:50.541125+05:30	2018-08-10 12:26:50.541125+05:30	7
535	Miramichi	2018-08-10 12:26:51.722193+05:30	2018-08-10 12:26:51.722193+05:30	7
536	Moncton	2018-08-10 12:26:52.871258+05:30	2018-08-10 12:26:52.871258+05:30	7
537	Nackawic	2018-08-10 12:26:54.073327+05:30	2018-08-10 12:26:54.073327+05:30	7
538	Neguac	2018-08-10 12:26:55.299397+05:30	2018-08-10 12:26:55.299397+05:30	7
539	New Maryland	2018-08-10 12:26:56.475464+05:30	2018-08-10 12:26:56.475464+05:30	7
540	Nigadoo	2018-08-10 12:26:57.602529+05:30	2018-08-10 12:26:57.602529+05:30	7
541	Norton	2018-08-10 12:26:58.752595+05:30	2018-08-10 12:26:58.752595+05:30	7
542	Oromocto	2018-08-10 12:26:59.918661+05:30	2018-08-10 12:26:59.918661+05:30	7
543	Paquetville	2018-08-10 12:27:01.056726+05:30	2018-08-10 12:27:01.056726+05:30	7
544	Perth-Andover	2018-08-10 12:27:02.215793+05:30	2018-08-10 12:27:02.215793+05:30	7
545	Petit Rocher	2018-08-10 12:27:03.354858+05:30	2018-08-10 12:27:03.354858+05:30	7
546	Petitcodiac	2018-08-10 12:27:04.526925+05:30	2018-08-10 12:27:04.526925+05:30	7
547	Plaster Rock	2018-08-10 12:27:05.675991+05:30	2018-08-10 12:27:05.675991+05:30	7
548	Pointe-Verte	2018-08-10 12:27:06.816056+05:30	2018-08-10 12:27:06.816056+05:30	7
549	Port Elgin	2018-08-10 12:27:07.981123+05:30	2018-08-10 12:27:07.981123+05:30	7
550	Quispamsis	2018-08-10 12:27:09.100187+05:30	2018-08-10 12:27:09.100187+05:30	7
551	Rexton	2018-08-10 12:27:10.257253+05:30	2018-08-10 12:27:10.257253+05:30	7
552	Richibucto	2018-08-10 12:27:11.42732+05:30	2018-08-10 12:27:11.42732+05:30	7
553	Riverside-Albert	2018-08-10 12:27:12.590386+05:30	2018-08-10 12:27:12.590386+05:30	7
554	Riverview	2018-08-10 12:27:13.70945+05:30	2018-08-10 12:27:13.70945+05:30	7
555	Rivire-Verte	2018-08-10 12:27:14.829514+05:30	2018-08-10 12:27:14.829514+05:30	7
556	Rogersville	2018-08-10 12:27:15.946578+05:30	2018-08-10 12:27:15.946578+05:30	7
557	Rothesay	2018-08-10 12:27:17.092644+05:30	2018-08-10 12:27:17.092644+05:30	7
558	Sackville	2018-08-10 12:27:18.722737+05:30	2018-08-10 12:27:18.722737+05:30	7
559	Saint Andrews	2018-08-10 12:27:19.850801+05:30	2018-08-10 12:27:19.850801+05:30	7
560	Saint John	2018-08-10 12:27:20.969865+05:30	2018-08-10 12:27:20.969865+05:30	7
561	Saint-Antoine	2018-08-10 12:27:22.08993+05:30	2018-08-10 12:27:22.08993+05:30	7
562	Saint-Franois de Madawaska	2018-08-10 12:27:23.207993+05:30	2018-08-10 12:27:23.207993+05:30	7
563	Saint-Isidore	2018-08-10 12:27:24.340058+05:30	2018-08-10 12:27:24.340058+05:30	7
564	Saint-Louis de Kent	2018-08-10 12:27:25.489124+05:30	2018-08-10 12:27:25.489124+05:30	7
565	Saint-Lolin	2018-08-10 12:27:26.632189+05:30	2018-08-10 12:27:26.632189+05:30	7
566	Saint-Lonard	2018-08-10 12:27:27.771254+05:30	2018-08-10 12:27:27.771254+05:30	7
567	Saint-Quentin	2018-08-10 12:27:28.889318+05:30	2018-08-10 12:27:28.889318+05:30	7
568	Sainte-Anne-de-Madawaska	2018-08-10 12:27:30.015383+05:30	2018-08-10 12:27:30.015383+05:30	7
569	Sainte-Marie - Saint-Raphal	2018-08-10 12:27:31.152448+05:30	2018-08-10 12:27:31.152448+05:30	7
570	Salisbury	2018-08-10 12:27:32.268512+05:30	2018-08-10 12:27:32.268512+05:30	7
571	Shediac	2018-08-10 12:27:33.384576+05:30	2018-08-10 12:27:33.384576+05:30	7
572	Shippagan	2018-08-10 12:27:34.50764+05:30	2018-08-10 12:27:34.50764+05:30	7
573	St. Andr	2018-08-10 12:27:35.679707+05:30	2018-08-10 12:27:35.679707+05:30	7
574	St. George	2018-08-10 12:27:36.827772+05:30	2018-08-10 12:27:36.827772+05:30	7
575	St. Hilaire	2018-08-10 12:27:37.947837+05:30	2018-08-10 12:27:37.947837+05:30	7
576	St. Leonard	2018-08-10 12:27:39.0649+05:30	2018-08-10 12:27:39.0649+05:30	7
577	St. Martins	2018-08-10 12:27:40.182964+05:30	2018-08-10 12:27:40.182964+05:30	7
578	St. Stephen	2018-08-10 12:27:41.301028+05:30	2018-08-10 12:27:41.301028+05:30	7
579	Stanley	2018-08-10 12:27:42.490096+05:30	2018-08-10 12:27:42.490096+05:30	7
580	Sussex	2018-08-10 12:27:44.193194+05:30	2018-08-10 12:27:44.193194+05:30	7
581	Sussex Corner	2018-08-10 12:27:45.310258+05:30	2018-08-10 12:27:45.310258+05:30	7
582	Tide Head	2018-08-10 12:27:46.434322+05:30	2018-08-10 12:27:46.434322+05:30	7
583	Tracadie-Sheila	2018-08-10 12:27:47.552386+05:30	2018-08-10 12:27:47.552386+05:30	7
584	Tracy	2018-08-10 12:27:49.168478+05:30	2018-08-10 12:27:49.168478+05:30	7
585	Woodstock	2018-08-10 12:27:50.350546+05:30	2018-08-10 12:27:50.350546+05:30	7
586	Anchor Point	2018-08-10 12:30:18.094996+05:30	2018-08-10 12:30:18.094996+05:30	8
587	Appleton	2018-08-10 12:30:19.216061+05:30	2018-08-10 12:30:19.216061+05:30	8
588	Aquaforte	2018-08-10 12:30:21.356183+05:30	2018-08-10 12:30:21.356183+05:30	8
589	Arnold's Cove	2018-08-10 12:30:22.469247+05:30	2018-08-10 12:30:22.469247+05:30	8
590	Avondale	2018-08-10 12:30:24.637371+05:30	2018-08-10 12:30:24.637371+05:30	8
591	Badger	2018-08-10 12:30:25.807438+05:30	2018-08-10 12:30:25.807438+05:30	8
592	Baie Verte	2018-08-10 12:30:26.931502+05:30	2018-08-10 12:30:26.931502+05:30	8
593	Baine Harbour	2018-08-10 12:30:29.00162+05:30	2018-08-10 12:30:29.00162+05:30	8
594	Bauline	2018-08-10 12:30:30.655715+05:30	2018-08-10 12:30:30.655715+05:30	8
595	Bay Bulls	2018-08-10 12:30:31.846783+05:30	2018-08-10 12:30:31.846783+05:30	8
596	Bay de Verde	2018-08-10 12:30:33.01485+05:30	2018-08-10 12:30:33.01485+05:30	8
597	Bay L'Argent	2018-08-10 12:30:34.137914+05:30	2018-08-10 12:30:34.137914+05:30	8
598	Bay Roberts	2018-08-10 12:30:35.259978+05:30	2018-08-10 12:30:35.259978+05:30	8
599	Baytona	2018-08-10 12:30:37.3961+05:30	2018-08-10 12:30:37.3961+05:30	8
600	Beachside	2018-08-10 12:30:39.041194+05:30	2018-08-10 12:30:39.041194+05:30	8
601	Bellburns	2018-08-10 12:30:40.158258+05:30	2018-08-10 12:30:40.158258+05:30	8
602	Belleoram	2018-08-10 12:30:41.328325+05:30	2018-08-10 12:30:41.328325+05:30	8
603	Bide Arm	2018-08-10 12:30:43.413445+05:30	2018-08-10 12:30:43.413445+05:30	8
604	Birchy Bay	2018-08-10 12:30:45.047538+05:30	2018-08-10 12:30:45.047538+05:30	8
605	Bird Cove	2018-08-10 12:30:46.1286+05:30	2018-08-10 12:30:46.1286+05:30	8
606	Biscay Bay	2018-08-10 12:30:47.211662+05:30	2018-08-10 12:30:47.211662+05:30	8
607	Bishop's Cove	2018-08-10 12:30:48.297724+05:30	2018-08-10 12:30:48.297724+05:30	8
608	Bishop's Falls	2018-08-10 12:30:49.383786+05:30	2018-08-10 12:30:49.383786+05:30	8
609	Bonavista	2018-08-10 12:30:50.604856+05:30	2018-08-10 12:30:50.605856+05:30	8
610	Botwood	2018-08-10 12:30:52.286952+05:30	2018-08-10 12:30:52.286952+05:30	8
611	Branch	2018-08-10 12:30:53.874043+05:30	2018-08-10 12:30:53.874043+05:30	8
612	Brent's Cove	2018-08-10 12:30:54.974106+05:30	2018-08-10 12:30:54.974106+05:30	8
613	Brighton	2018-08-10 12:30:56.056168+05:30	2018-08-10 12:30:56.056168+05:30	8
614	Brigus	2018-08-10 12:30:57.14323+05:30	2018-08-10 12:30:57.14323+05:30	8
615	Bryant's Cove	2018-08-10 12:30:58.226292+05:30	2018-08-10 12:30:58.226292+05:30	8
616	Buchans	2018-08-10 12:30:59.307354+05:30	2018-08-10 12:30:59.307354+05:30	8
617	Burgeo	2018-08-10 12:31:00.389416+05:30	2018-08-10 12:31:00.389416+05:30	8
618	Burin	2018-08-10 12:31:01.472477+05:30	2018-08-10 12:31:01.472477+05:30	8
619	Burlington	2018-08-10 12:31:02.612543+05:30	2018-08-10 12:31:02.612543+05:30	8
620	Burnt Islands	2018-08-10 12:31:03.715606+05:30	2018-08-10 12:31:03.715606+05:30	8
621	Campbellton	2018-08-10 12:31:04.802668+05:30	2018-08-10 12:31:04.802668+05:30	8
622	Cape Broyle	2018-08-10 12:31:05.88473+05:30	2018-08-10 12:31:05.88473+05:30	8
623	Cape St. George	2018-08-10 12:31:06.966792+05:30	2018-08-10 12:31:06.966792+05:30	8
624	Carbonear	2018-08-10 12:31:08.053854+05:30	2018-08-10 12:31:08.053854+05:30	8
625	Carmanville	2018-08-10 12:31:09.141916+05:30	2018-08-10 12:31:09.141916+05:30	8
626	Cartwright	2018-08-10 12:31:10.281981+05:30	2018-08-10 12:31:10.281981+05:30	8
627	Labrador	2018-08-10 12:31:11.901074+05:30	2018-08-10 12:31:11.901074+05:30	8
628	Catalina	2018-08-10 12:31:13.107143+05:30	2018-08-10 12:31:13.107143+05:30	8
629	Centreville-Wareham-Trinity	2018-08-10 12:31:15.217264+05:30	2018-08-10 12:31:15.217264+05:30	8
630	Chance Cove	2018-08-10 12:31:16.307326+05:30	2018-08-10 12:31:16.307326+05:30	8
631	Change Islands	2018-08-10 12:31:17.449391+05:30	2018-08-10 12:31:17.449391+05:30	8
632	Channel-Port aux Basques	2018-08-10 12:31:19.067484+05:30	2018-08-10 12:31:19.067484+05:30	8
633	Chapel Arm	2018-08-10 12:31:20.243551+05:30	2018-08-10 12:31:20.243551+05:30	8
634	Charlottetown (Labrador)	2018-08-10 12:31:21.895646+05:30	2018-08-10 12:31:21.895646+05:30	8
635	Clarenville	2018-08-10 12:31:22.989708+05:30	2018-08-10 12:31:22.989708+05:30	8
636	Clarke's Beach	2018-08-10 12:31:24.114773+05:30	2018-08-10 12:31:24.114773+05:30	8
637	Coachman's Cove	2018-08-10 12:31:25.240837+05:30	2018-08-10 12:31:25.240837+05:30	8
638	Colinet	2018-08-10 12:31:26.380902+05:30	2018-08-10 12:31:26.380902+05:30	8
639	Colliers	2018-08-10 12:31:27.512967+05:30	2018-08-10 12:31:27.512967+05:30	8
640	Come By Chance	2018-08-10 12:31:28.632031+05:30	2018-08-10 12:31:28.632031+05:30	8
641	Comfort Cove-Newstead	2018-08-10 12:31:29.737094+05:30	2018-08-10 12:31:29.737094+05:30	8
642	Conception Bay South	2018-08-10 12:31:31.368187+05:30	2018-08-10 12:31:31.368187+05:30	8
643	Conception Harbour	2018-08-10 12:31:33.447306+05:30	2018-08-10 12:31:33.447306+05:30	8
644	Conche	2018-08-10 12:31:35.0774+05:30	2018-08-10 12:31:35.0774+05:30	8
645	Cook's Harbour	2018-08-10 12:31:36.711493+05:30	2018-08-10 12:31:36.711493+05:30	8
646	Cormack	2018-08-10 12:31:37.792555+05:30	2018-08-10 12:31:37.792555+05:30	8
647	Corner Brook	2018-08-10 12:31:38.874617+05:30	2018-08-10 12:31:38.874617+05:30	8
648	Corner Brook	2018-08-10 12:31:39.98068+05:30	2018-08-10 12:31:39.98068+05:30	8
649	Cottlesville	2018-08-10 12:31:42.056799+05:30	2018-08-10 12:31:42.056799+05:30	8
650	Cow Head	2018-08-10 12:31:44.098916+05:30	2018-08-10 12:31:44.098916+05:30	8
651	Cox's Cove	2018-08-10 12:31:45.768011+05:30	2018-08-10 12:31:45.768011+05:30	8
652	Crow Head	2018-08-10 12:31:46.905076+05:30	2018-08-10 12:31:46.905076+05:30	8
653	Cupids	2018-08-10 12:31:48.01514+05:30	2018-08-10 12:31:48.01514+05:30	8
654	Daniel's Harbour	2018-08-10 12:31:49.649233+05:30	2018-08-10 12:31:49.649233+05:30	8
655	Deer Lake	2018-08-10 12:31:50.836301+05:30	2018-08-10 12:31:50.836301+05:30	8
656	Dover	2018-08-10 12:31:52.008368+05:30	2018-08-10 12:31:52.008368+05:30	8
657	Duntara	2018-08-10 12:31:53.09243+05:30	2018-08-10 12:31:53.09243+05:30	8
658	Eastport	2018-08-10 12:31:54.173492+05:30	2018-08-10 12:31:54.173492+05:30	8
659	Elliston	2018-08-10 12:31:55.255554+05:30	2018-08-10 12:31:55.255554+05:30	8
660	Embree	2018-08-10 12:31:56.341616+05:30	2018-08-10 12:31:56.341616+05:30	8
661	Englee	2018-08-10 12:31:57.46568+05:30	2018-08-10 12:31:57.46568+05:30	8
662	English Harbour East	2018-08-10 12:31:58.547742+05:30	2018-08-10 12:31:58.547742+05:30	8
663	Fermeuse	2018-08-10 12:31:59.637804+05:30	2018-08-10 12:31:59.637804+05:30	8
664	Ferryland	2018-08-10 12:32:00.757868+05:30	2018-08-10 12:32:00.757868+05:30	8
665	Flatrock	2018-08-10 12:32:01.853931+05:30	2018-08-10 12:32:01.853931+05:30	8
666	Fleur de Lys	2018-08-10 12:32:03.494025+05:30	2018-08-10 12:32:03.494025+05:30	8
667	Flower's Cove	2018-08-10 12:32:04.576087+05:30	2018-08-10 12:32:04.576087+05:30	8
668	Fogo	2018-08-10 12:32:05.657149+05:30	2018-08-10 12:32:05.657149+05:30	8
669	Forteau	2018-08-10 12:32:06.798214+05:30	2018-08-10 12:32:06.799214+05:30	8
670	Fortune	2018-08-10 12:32:07.885276+05:30	2018-08-10 12:32:07.885276+05:30	8
671	Fox Cove-Mortier	2018-08-10 12:32:08.966338+05:30	2018-08-10 12:32:08.966338+05:30	8
672	Fox Harbour	2018-08-10 12:32:10.062401+05:30	2018-08-10 12:32:10.062401+05:30	8
673	Frenchman's Cove	2018-08-10 12:32:11.156463+05:30	2018-08-10 12:32:11.156463+05:30	8
674	Gallants	2018-08-10 12:32:12.237525+05:30	2018-08-10 12:32:12.237525+05:30	8
675	Gambo	2018-08-10 12:32:13.853617+05:30	2018-08-10 12:32:13.853617+05:30	8
676	Gander	2018-08-10 12:32:14.936679+05:30	2018-08-10 12:32:14.936679+05:30	8
677	Garnish	2018-08-10 12:32:16.049743+05:30	2018-08-10 12:32:16.049743+05:30	8
678	Gaskiers-Point La Haye	2018-08-10 12:32:17.197809+05:30	2018-08-10 12:32:17.197809+05:30	8
679	Gaultois	2018-08-10 12:32:18.307872+05:30	2018-08-10 12:32:18.307872+05:30	8
680	Gillams	2018-08-10 12:32:19.391934+05:30	2018-08-10 12:32:19.391934+05:30	8
681	Glenburnie-Birchy Head-Shoal Brook	2018-08-10 12:32:20.474996+05:30	2018-08-10 12:32:20.474996+05:30	8
682	Glenwood	2018-08-10 12:32:21.561058+05:30	2018-08-10 12:32:21.561058+05:30	8
683	Glovertown	2018-08-10 12:32:22.64612+05:30	2018-08-10 12:32:22.64612+05:30	8
684	Goose Cove East	2018-08-10 12:32:23.757184+05:30	2018-08-10 12:32:23.757184+05:30	8
685	Grand Bank	2018-08-10 12:32:24.841246+05:30	2018-08-10 12:32:24.841246+05:30	8
686	Grand Falls-Windsor	2018-08-10 12:32:25.926308+05:30	2018-08-10 12:32:25.926308+05:30	8
687	Grand Falls-Windsor	2018-08-10 12:32:27.030371+05:30	2018-08-10 12:32:27.030371+05:30	8
688	Grand le Pierre	2018-08-10 12:32:28.123434+05:30	2018-08-10 12:32:28.123434+05:30	8
689	Great Harbour Deep	2018-08-10 12:32:29.211496+05:30	2018-08-10 12:32:29.211496+05:30	8
690	Greenspond	2018-08-10 12:32:30.297558+05:30	2018-08-10 12:32:30.297558+05:30	8
691	Hampden	2018-08-10 12:32:31.400621+05:30	2018-08-10 12:32:31.400621+05:30	8
692	Hant's Harbour	2018-08-10 12:32:32.487683+05:30	2018-08-10 12:32:32.487683+05:30	8
693	Happy Adventure	2018-08-10 12:32:34.119777+05:30	2018-08-10 12:32:34.119777+05:30	8
694	Happy Valley-Goose Bay	2018-08-10 12:32:35.205839+05:30	2018-08-10 12:32:35.205839+05:30	8
804	Red Bay	2018-08-10 12:34:39.721961+05:30	2018-08-10 12:34:39.721961+05:30	8
695	Harbour Breton	2018-08-10 12:32:36.295901+05:30	2018-08-10 12:32:36.295901+05:30	8
696	Harbour Grace	2018-08-10 12:32:37.518971+05:30	2018-08-10 12:32:37.518971+05:30	8
697	Harbour Main-Chapel's Cove-Lakeview	2018-08-10 12:32:38.652036+05:30	2018-08-10 12:32:38.652036+05:30	8
698	Hare Bay	2018-08-10 12:32:39.808102+05:30	2018-08-10 12:32:39.808102+05:30	8
699	Hawke's Bay	2018-08-10 12:32:40.943167+05:30	2018-08-10 12:32:40.943167+05:30	8
700	Heart's Content	2018-08-10 12:32:42.060231+05:30	2018-08-10 12:32:42.060231+05:30	8
701	Heart's Delight-Islington	2018-08-10 12:32:43.182295+05:30	2018-08-10 12:32:43.182295+05:30	8
702	Heart's Desire	2018-08-10 12:32:44.31836+05:30	2018-08-10 12:32:44.31836+05:30	8
703	Hermitage-Sandyville	2018-08-10 12:32:45.439424+05:30	2018-08-10 12:32:45.439424+05:30	8
704	Holyrood	2018-08-10 12:32:46.556488+05:30	2018-08-10 12:32:46.556488+05:30	8
705	Hopedale	2018-08-10 12:32:47.663551+05:30	2018-08-10 12:32:47.663551+05:30	8
706	Howley	2018-08-10 12:32:49.749671+05:30	2018-08-10 12:32:49.749671+05:30	8
707	Hughes Brook	2018-08-10 12:32:50.834733+05:30	2018-08-10 12:32:50.834733+05:30	8
708	Humber Arm South	2018-08-10 12:32:51.937796+05:30	2018-08-10 12:32:51.937796+05:30	8
709	Indian Bay	2018-08-10 12:32:53.025858+05:30	2018-08-10 12:32:53.025858+05:30	8
710	Irishtown-Summerside	2018-08-10 12:32:54.174924+05:30	2018-08-10 12:32:54.174924+05:30	8
711	Isle aux Morts	2018-08-10 12:32:55.259986+05:30	2018-08-10 12:32:55.259986+05:30	8
712	Jackson's Arm	2018-08-10 12:32:56.393051+05:30	2018-08-10 12:32:56.393051+05:30	8
713	Joe Batt's Arm-Barr'd Islands-Shoal Bay	2018-08-10 12:32:57.481113+05:30	2018-08-10 12:32:57.481113+05:30	8
714	Keels	2018-08-10 12:32:59.105206+05:30	2018-08-10 12:32:59.105206+05:30	8
715	King's Cove	2018-08-10 12:33:00.7473+05:30	2018-08-10 12:33:00.7473+05:30	8
716	King's Point	2018-08-10 12:33:01.832362+05:30	2018-08-10 12:33:01.832362+05:30	8
717	Kippens	2018-08-10 12:33:02.919424+05:30	2018-08-10 12:33:02.919424+05:30	8
718	L'Anse-au-Clair	2018-08-10 12:33:04.062489+05:30	2018-08-10 12:33:04.062489+05:30	8
719	L'Anse-au-Loup	2018-08-10 12:33:05.148551+05:30	2018-08-10 12:33:05.148551+05:30	8
720	Labrador City	2018-08-10 12:33:06.231613+05:30	2018-08-10 12:33:06.231613+05:30	8
721	Lamaline	2018-08-10 12:33:07.319676+05:30	2018-08-10 12:33:07.319676+05:30	8
722	Lark Harbour	2018-08-10 12:33:08.403738+05:30	2018-08-10 12:33:08.403738+05:30	8
723	LaScie	2018-08-10 12:33:09.536802+05:30	2018-08-10 12:33:09.537802+05:30	8
724	Lawn	2018-08-10 12:33:10.621864+05:30	2018-08-10 12:33:10.621864+05:30	8
725	Leading Tickles	2018-08-10 12:33:11.708927+05:30	2018-08-10 12:33:11.708927+05:30	8
726	Lewin's Cove	2018-08-10 12:33:12.793989+05:30	2018-08-10 12:33:12.793989+05:30	8
727	Lewisporte	2018-08-10 12:33:13.877051+05:30	2018-08-10 12:33:13.877051+05:30	8
728	Little Bay	2018-08-10 12:33:14.970113+05:30	2018-08-10 12:33:14.970113+05:30	8
729	Little Bay East	2018-08-10 12:33:16.056175+05:30	2018-08-10 12:33:16.056175+05:30	8
730	Little Bay Islands	2018-08-10 12:33:17.141237+05:30	2018-08-10 12:33:17.141237+05:30	8
731	Little Burnt Bay	2018-08-10 12:33:18.2313+05:30	2018-08-10 12:33:18.2313+05:30	8
732	Little Catalina	2018-08-10 12:33:19.317362+05:30	2018-08-10 12:33:19.317362+05:30	8
733	Logy Bay-Middle Cove-Outer Cove	2018-08-10 12:33:20.409424+05:30	2018-08-10 12:33:20.409424+05:30	8
734	Long Harbour-Mount Arlington Heights	2018-08-10 12:33:21.496486+05:30	2018-08-10 12:33:21.496486+05:30	8
735	Lord's Cove	2018-08-10 12:33:22.589549+05:30	2018-08-10 12:33:22.589549+05:30	8
736	Lourdes	2018-08-10 12:33:24.143638+05:30	2018-08-10 12:33:24.143638+05:30	8
737	Lumsden	2018-08-10 12:33:25.272702+05:30	2018-08-10 12:33:25.272702+05:30	8
738	Lushes Bight-Beaumont-Beaumont North	2018-08-10 12:33:26.360765+05:30	2018-08-10 12:33:26.360765+05:30	8
739	Main Brook	2018-08-10 12:33:27.444827+05:30	2018-08-10 12:33:27.444827+05:30	8
740	Makkovik	2018-08-10 12:33:28.536889+05:30	2018-08-10 12:33:28.536889+05:30	8
741	Mary's Harbour	2018-08-10 12:33:29.627951+05:30	2018-08-10 12:33:29.627951+05:30	8
742	Marystown	2018-08-10 12:33:30.729014+05:30	2018-08-10 12:33:30.729014+05:30	8
743	Massey Drive	2018-08-10 12:33:31.828077+05:30	2018-08-10 12:33:31.828077+05:30	8
744	McIvers	2018-08-10 12:33:32.91714+05:30	2018-08-10 12:33:32.91714+05:30	8
745	Meadows	2018-08-10 12:33:34.091207+05:30	2018-08-10 12:33:34.091207+05:30	8
746	Melrose	2018-08-10 12:33:35.19027+05:30	2018-08-10 12:33:35.19127+05:30	8
747	Middle Arm	2018-08-10 12:33:36.276332+05:30	2018-08-10 12:33:36.276332+05:30	8
748	Miles Cove	2018-08-10 12:33:37.367394+05:30	2018-08-10 12:33:37.367394+05:30	8
749	Millertown	2018-08-10 12:33:38.451456+05:30	2018-08-10 12:33:38.451456+05:30	8
750	Milltown-Head of Bay d'Espoir	2018-08-10 12:33:39.541518+05:30	2018-08-10 12:33:39.541518+05:30	8
751	Ming's Bight	2018-08-10 12:33:40.640581+05:30	2018-08-10 12:33:40.640581+05:30	8
752	Morrisville	2018-08-10 12:33:41.771646+05:30	2018-08-10 12:33:41.771646+05:30	8
753	Mount Carmel-Mitchells Brook-St. Catherines	2018-08-10 12:33:43.365737+05:30	2018-08-10 12:33:43.365737+05:30	8
754	Mount Moriah	2018-08-10 12:33:44.453799+05:30	2018-08-10 12:33:44.453799+05:30	8
755	Mount Pearl	2018-08-10 12:33:45.540862+05:30	2018-08-10 12:33:45.540862+05:30	8
756	Musgrave Harbour	2018-08-10 12:33:46.631924+05:30	2018-08-10 12:33:46.631924+05:30	8
757	Musgravetown	2018-08-10 12:33:47.716986+05:30	2018-08-10 12:33:47.716986+05:30	8
758	Nain	2018-08-10 12:33:48.801048+05:30	2018-08-10 12:33:48.801048+05:30	8
759	New Perlican	2018-08-10 12:33:49.88511+05:30	2018-08-10 12:33:49.88511+05:30	8
760	New-Wes-Valley	2018-08-10 12:33:50.969172+05:30	2018-08-10 12:33:50.969172+05:30	8
761	Nippers Harbour	2018-08-10 12:33:52.056234+05:30	2018-08-10 12:33:52.056234+05:30	8
762	Norman's Cove-Long Cove	2018-08-10 12:33:53.145297+05:30	2018-08-10 12:33:53.145297+05:30	8
763	Norris Arm	2018-08-10 12:33:54.229359+05:30	2018-08-10 12:33:54.229359+05:30	8
764	Norris Point	2018-08-10 12:33:55.314421+05:30	2018-08-10 12:33:55.314421+05:30	8
765	North River	2018-08-10 12:33:56.398483+05:30	2018-08-10 12:33:56.398483+05:30	8
766	North West River	2018-08-10 12:33:57.487545+05:30	2018-08-10 12:33:57.487545+05:30	8
767	Northern Arm	2018-08-10 12:33:58.574607+05:30	2018-08-10 12:33:58.574607+05:30	8
768	Old Perlican	2018-08-10 12:33:59.659669+05:30	2018-08-10 12:33:59.659669+05:30	8
769	Pacquet	2018-08-10 12:34:00.744731+05:30	2018-08-10 12:34:00.744731+05:30	8
770	Paradise	2018-08-10 12:34:01.847794+05:30	2018-08-10 12:34:01.847794+05:30	8
771	Parkers Cove	2018-08-10 12:34:02.933856+05:30	2018-08-10 12:34:02.933856+05:30	8
772	Parson's Pond	2018-08-10 12:34:04.501946+05:30	2018-08-10 12:34:04.501946+05:30	8
773	Pasadena	2018-08-10 12:34:05.586008+05:30	2018-08-10 12:34:05.586008+05:30	8
774	Peterview	2018-08-10 12:34:06.67007+05:30	2018-08-10 12:34:06.67007+05:30	8
775	Petty Harbour-Maddox Cove	2018-08-10 12:34:07.755132+05:30	2018-08-10 12:34:07.755132+05:30	8
776	Pilley's Island	2018-08-10 12:34:08.842194+05:30	2018-08-10 12:34:08.842194+05:30	8
777	Pinware	2018-08-10 12:34:09.925256+05:30	2018-08-10 12:34:09.925256+05:30	8
778	Placentia	2018-08-10 12:34:11.010318+05:30	2018-08-10 12:34:11.010318+05:30	8
779	Plate Cove East	2018-08-10 12:34:12.09438+05:30	2018-08-10 12:34:12.09438+05:30	8
780	Plate Cove West	2018-08-10 12:34:13.180443+05:30	2018-08-10 12:34:13.180443+05:30	8
781	Point au Gaul	2018-08-10 12:34:14.281506+05:30	2018-08-10 12:34:14.281506+05:30	8
782	Point Lance	2018-08-10 12:34:15.432571+05:30	2018-08-10 12:34:15.432571+05:30	8
783	Point Leamington	2018-08-10 12:34:16.530634+05:30	2018-08-10 12:34:16.530634+05:30	8
784	Point May	2018-08-10 12:34:17.615696+05:30	2018-08-10 12:34:17.615696+05:30	8
785	Point of Bay	2018-08-10 12:34:18.701758+05:30	2018-08-10 12:34:18.701758+05:30	8
786	Pool's Cove	2018-08-10 12:34:19.78682+05:30	2018-08-10 12:34:19.78682+05:30	8
787	Port Anson	2018-08-10 12:34:20.871882+05:30	2018-08-10 12:34:20.871882+05:30	8
788	Port au Bras	2018-08-10 12:34:21.957945+05:30	2018-08-10 12:34:21.957945+05:30	8
789	Port au Choix	2018-08-10 12:34:23.043007+05:30	2018-08-10 12:34:23.043007+05:30	8
790	Port au Port East	2018-08-10 12:34:24.215074+05:30	2018-08-10 12:34:24.215074+05:30	8
791	Port au Port West-Aguathuna-Felix Cove	2018-08-10 12:34:25.37114+05:30	2018-08-10 12:34:25.37114+05:30	8
792	Port Blandford	2018-08-10 12:34:26.59121+05:30	2018-08-10 12:34:26.59121+05:30	8
793	Port Hope Simpson	2018-08-10 12:34:27.674272+05:30	2018-08-10 12:34:27.674272+05:30	8
794	Port Kirwan	2018-08-10 12:34:28.758334+05:30	2018-08-10 12:34:28.758334+05:30	8
795	Port Rexton	2018-08-10 12:34:29.842396+05:30	2018-08-10 12:34:29.842396+05:30	8
796	Port Saunders	2018-08-10 12:34:30.927458+05:30	2018-08-10 12:34:30.927458+05:30	8
797	Port Union	2018-08-10 12:34:32.01252+05:30	2018-08-10 12:34:32.01252+05:30	8
798	Portugal Cove South	2018-08-10 12:34:33.112583+05:30	2018-08-10 12:34:33.112583+05:30	8
799	Portugal Cove-St. Philip's	2018-08-10 12:34:34.277649+05:30	2018-08-10 12:34:34.277649+05:30	8
800	Postville	2018-08-10 12:34:35.370712+05:30	2018-08-10 12:34:35.370712+05:30	8
801	Pouch Cove	2018-08-10 12:34:36.456774+05:30	2018-08-10 12:34:36.456774+05:30	8
802	Raleigh	2018-08-10 12:34:37.541836+05:30	2018-08-10 12:34:37.541836+05:30	8
803	Ramea	2018-08-10 12:34:38.625898+05:30	2018-08-10 12:34:38.625898+05:30	8
805	Red Harbour	2018-08-10 12:34:41.339053+05:30	2018-08-10 12:34:41.340053+05:30	8
806	Reidville	2018-08-10 12:34:42.942145+05:30	2018-08-10 12:34:42.942145+05:30	8
807	Rencontre East	2018-08-10 12:34:44.051208+05:30	2018-08-10 12:34:44.051208+05:30	8
808	Renews-Cappahayden	2018-08-10 12:34:45.13727+05:30	2018-08-10 12:34:45.13727+05:30	8
809	Rigolet	2018-08-10 12:34:46.252334+05:30	2018-08-10 12:34:46.253334+05:30	8
810	River of Ponds	2018-08-10 12:34:47.382399+05:30	2018-08-10 12:34:47.382399+05:30	8
811	Riverhead	2018-08-10 12:34:48.473461+05:30	2018-08-10 12:34:48.473461+05:30	8
812	Robert's Arm	2018-08-10 12:34:49.564524+05:30	2018-08-10 12:34:49.564524+05:30	8
813	Rocky Harbour	2018-08-10 12:34:50.662586+05:30	2018-08-10 12:34:50.662586+05:30	8
814	Roddickton	2018-08-10 12:34:51.748649+05:30	2018-08-10 12:34:51.748649+05:30	8
815	Rose Blanche-Harbour le Cou	2018-08-10 12:34:52.832711+05:30	2018-08-10 12:34:52.832711+05:30	8
816	Rushoon	2018-08-10 12:34:53.916773+05:30	2018-08-10 12:34:53.916773+05:30	8
817	Sally's Cove	2018-08-10 12:34:55.001835+05:30	2018-08-10 12:34:55.001835+05:30	8
818	Salmon Cove	2018-08-10 12:34:56.084897+05:30	2018-08-10 12:34:56.084897+05:30	8
819	Salvage	2018-08-10 12:34:57.179959+05:30	2018-08-10 12:34:57.179959+05:30	8
820	Sandringham	2018-08-10 12:34:58.264021+05:30	2018-08-10 12:34:58.264021+05:30	8
821	Savage Cove-Sandy Cove	2018-08-10 12:34:59.352083+05:30	2018-08-10 12:34:59.352083+05:30	8
822	Seal Cove (Fortune Bay)	2018-08-10 12:35:00.439146+05:30	2018-08-10 12:35:00.439146+05:30	8
823	Seal Cove (White Bay)	2018-08-10 12:35:01.522208+05:30	2018-08-10 12:35:01.523208+05:30	8
824	Seldom-Little Seldom	2018-08-10 12:35:02.60627+05:30	2018-08-10 12:35:02.60627+05:30	8
825	Small Point-Adam's Cove-Blackhead-Broad Cove	2018-08-10 12:35:03.715333+05:30	2018-08-10 12:35:03.715333+05:30	8
826	South Brook	2018-08-10 12:35:04.803395+05:30	2018-08-10 12:35:04.803395+05:30	8
827	South River	2018-08-10 12:35:05.904458+05:30	2018-08-10 12:35:05.904458+05:30	8
828	Southern Harbour	2018-08-10 12:35:07.088526+05:30	2018-08-10 12:35:07.088526+05:30	8
829	Spaniard's Bay	2018-08-10 12:35:08.238592+05:30	2018-08-10 12:35:08.238592+05:30	8
830	Springdale	2018-08-10 12:35:09.323654+05:30	2018-08-10 12:35:09.323654+05:30	8
831	St. Alban's	2018-08-10 12:35:10.428717+05:30	2018-08-10 12:35:10.429717+05:30	8
832	St. Anthony	2018-08-10 12:35:11.517779+05:30	2018-08-10 12:35:11.517779+05:30	8
833	St. Bernard's-Jacques Fontaine	2018-08-10 12:35:12.601841+05:30	2018-08-10 12:35:12.601841+05:30	8
834	St. Brendan's	2018-08-10 12:35:13.703904+05:30	2018-08-10 12:35:13.703904+05:30	8
835	St. Bride's	2018-08-10 12:35:14.788966+05:30	2018-08-10 12:35:14.788966+05:30	8
836	St. George's	2018-08-10 12:35:15.873028+05:30	2018-08-10 12:35:15.873028+05:30	8
837	St. Jacques-Coomb's Cove	2018-08-10 12:35:16.95709+05:30	2018-08-10 12:35:16.95709+05:30	8
838	St. John's	2018-08-10 12:35:18.041152+05:30	2018-08-10 12:35:18.041152+05:30	8
839	St. John's	2018-08-10 12:35:19.134215+05:30	2018-08-10 12:35:19.134215+05:30	8
840	St. Joseph's	2018-08-10 12:35:20.221277+05:30	2018-08-10 12:35:20.221277+05:30	8
841	St. Lawrence	2018-08-10 12:35:21.304339+05:30	2018-08-10 12:35:21.304339+05:30	8
842	St. Lewis	2018-08-10 12:35:22.388401+05:30	2018-08-10 12:35:22.388401+05:30	8
843	St. Lunaire-Griquet	2018-08-10 12:35:23.472463+05:30	2018-08-10 12:35:23.472463+05:30	8
844	St. Mary's	2018-08-10 12:35:24.557525+05:30	2018-08-10 12:35:24.557525+05:30	8
845	St. Pauls	2018-08-10 12:35:25.642587+05:30	2018-08-10 12:35:25.642587+05:30	8
846	St. Shott's	2018-08-10 12:35:26.770652+05:30	2018-08-10 12:35:26.770652+05:30	8
847	St. Vincent's-St. Stephen's-Peter's River	2018-08-10 12:35:27.855714+05:30	2018-08-10 12:35:27.855714+05:30	8
848	Steady Brook	2018-08-10 12:35:28.953777+05:30	2018-08-10 12:35:28.953777+05:30	8
849	Stephenville	2018-08-10 12:35:30.05884+05:30	2018-08-10 12:35:30.05884+05:30	8
850	Stephenville Crossing	2018-08-10 12:35:31.167903+05:30	2018-08-10 12:35:31.167903+05:30	8
851	Summerford	2018-08-10 12:35:32.252965+05:30	2018-08-10 12:35:32.252965+05:30	8
852	Sunnyside	2018-08-10 12:35:33.400031+05:30	2018-08-10 12:35:33.400031+05:30	8
853	Terra Nova	2018-08-10 12:35:35.002122+05:30	2018-08-10 12:35:35.002122+05:30	8
854	Terrenceville	2018-08-10 12:35:36.086184+05:30	2018-08-10 12:35:36.086184+05:30	8
855	Tilt Cove	2018-08-10 12:35:37.171247+05:30	2018-08-10 12:35:37.171247+05:30	8
856	Tilting	2018-08-10 12:35:38.255309+05:30	2018-08-10 12:35:38.255309+05:30	8
857	Torbay	2018-08-10 12:35:39.339371+05:30	2018-08-10 12:35:39.339371+05:30	8
858	Traytown	2018-08-10 12:35:40.423433+05:30	2018-08-10 12:35:40.423433+05:30	8
859	Trepassey	2018-08-10 12:35:41.507495+05:30	2018-08-10 12:35:41.507495+05:30	8
860	Trinity (Trinity Bay)	2018-08-10 12:35:42.591557+05:30	2018-08-10 12:35:42.592557+05:30	8
861	Trinity Bay North	2018-08-10 12:35:43.676619+05:30	2018-08-10 12:35:43.676619+05:30	8
862	Triton	2018-08-10 12:35:44.770681+05:30	2018-08-10 12:35:44.770681+05:30	8
863	Trout River	2018-08-10 12:35:45.855743+05:30	2018-08-10 12:35:45.855743+05:30	8
864	Twillingate	2018-08-10 12:35:46.939805+05:30	2018-08-10 12:35:46.939805+05:30	8
865	Upper Island Cove	2018-08-10 12:35:48.044868+05:30	2018-08-10 12:35:48.044868+05:30	8
866	Victoria	2018-08-10 12:35:50.149989+05:30	2018-08-10 12:35:50.149989+05:30	8
867	Wabana	2018-08-10 12:35:52.820142+05:30	2018-08-10 12:35:52.820142+05:30	8
868	Wabush	2018-08-10 12:35:53.907204+05:30	2018-08-10 12:35:53.907204+05:30	8
869	West St. Modeste	2018-08-10 12:35:55.010267+05:30	2018-08-10 12:35:55.010267+05:30	8
870	Westport	2018-08-10 12:35:56.095329+05:30	2018-08-10 12:35:56.095329+05:30	8
871	Whitbourne	2018-08-10 12:35:57.184391+05:30	2018-08-10 12:35:57.184391+05:30	8
872	Whiteway	2018-08-10 12:35:58.272453+05:30	2018-08-10 12:35:58.272453+05:30	8
873	Winterland	2018-08-10 12:35:59.355515+05:30	2018-08-10 12:35:59.355515+05:30	8
874	Winterton	2018-08-10 12:36:00.47958+05:30	2018-08-10 12:36:00.47958+05:30	8
875	Witless Bay	2018-08-10 12:36:01.602644+05:30	2018-08-10 12:36:01.602644+05:30	8
876	Woodstock	2018-08-10 12:36:02.712707+05:30	2018-08-10 12:36:02.712707+05:30	8
877	Woody Point	2018-08-10 12:36:03.884774+05:30	2018-08-10 12:36:03.884774+05:30	8
878	Bonne Bay	2018-08-10 12:36:04.975837+05:30	2018-08-10 12:36:04.975837+05:30	8
879	York Harbour	2018-08-10 12:36:06.059899+05:30	2018-08-10 12:36:06.059899+05:30	8
880	Aklavik	2018-08-10 12:38:41.238775+05:30	2018-08-10 12:38:41.238775+05:30	9
881	Colville Lake	2018-08-10 12:38:42.994875+05:30	2018-08-10 12:38:42.994875+05:30	9
882	Detah	2018-08-10 12:38:44.678971+05:30	2018-08-10 12:38:44.678971+05:30	9
883	Enterprise	2018-08-10 12:38:45.798035+05:30	2018-08-10 12:38:45.798035+05:30	9
884	Fort Liard	2018-08-10 12:38:46.904099+05:30	2018-08-10 12:38:46.904099+05:30	9
885	Fort McPherson	2018-08-10 12:38:48.014162+05:30	2018-08-10 12:38:48.014162+05:30	9
886	Fort Providence	2018-08-10 12:38:49.599253+05:30	2018-08-10 12:38:49.599253+05:30	9
887	Fort Resolution	2018-08-10 12:38:50.704316+05:30	2018-08-10 12:38:50.704316+05:30	9
888	Fort Simpson	2018-08-10 12:38:51.849381+05:30	2018-08-10 12:38:51.849381+05:30	9
889	Fort Smith	2018-08-10 12:38:52.969446+05:30	2018-08-10 12:38:52.969446+05:30	9
890	Hay River	2018-08-10 12:38:54.076509+05:30	2018-08-10 12:38:54.076509+05:30	9
891	Holman	2018-08-10 12:38:55.200573+05:30	2018-08-10 12:38:55.200573+05:30	9
892	Inuvik	2018-08-10 12:38:56.319637+05:30	2018-08-10 12:38:56.319637+05:30	9
893	Jean Marie River	2018-08-10 12:38:57.4257+05:30	2018-08-10 12:38:57.4257+05:30	9
894	Kakisa	2018-08-10 12:38:58.572766+05:30	2018-08-10 12:38:58.572766+05:30	9
895	Lutselk'e	2018-08-10 12:38:59.68583+05:30	2018-08-10 12:38:59.68583+05:30	9
896	Nahanni Butte	2018-08-10 12:39:00.796893+05:30	2018-08-10 12:39:00.796893+05:30	9
897	Norman Wells	2018-08-10 12:39:01.936958+05:30	2018-08-10 12:39:01.936958+05:30	9
898	Paulatuk	2018-08-10 12:39:03.061023+05:30	2018-08-10 12:39:03.061023+05:30	9
899	Reliance	2018-08-10 12:39:04.167086+05:30	2018-08-10 12:39:04.167086+05:30	9
900	Sachs Harbour	2018-08-10 12:39:05.273149+05:30	2018-08-10 12:39:05.273149+05:30	9
901	Trout Lake	2018-08-10 12:39:06.389213+05:30	2018-08-10 12:39:06.389213+05:30	9
902	Tuktoyaktuk	2018-08-10 12:39:07.495276+05:30	2018-08-10 12:39:07.495276+05:30	9
903	Tulita	2018-08-10 12:39:08.636342+05:30	2018-08-10 12:39:08.636342+05:30	9
904	Ulukhaktok	2018-08-10 12:39:09.755406+05:30	2018-08-10 12:39:09.755406+05:30	9
905	Wrigley	2018-08-10 12:39:10.869469+05:30	2018-08-10 12:39:10.869469+05:30	9
906	Yellowknife	2018-08-10 12:39:11.977533+05:30	2018-08-10 12:39:11.977533+05:30	9
907	Annapolis Royal	2018-08-10 12:42:30.601893+05:30	2018-08-10 12:42:30.602893+05:30	10
908	Antigonish	2018-08-10 12:42:31.738958+05:30	2018-08-10 12:42:31.738958+05:30	10
909	Berwick	2018-08-10 12:42:33.405054+05:30	2018-08-10 12:42:33.406054+05:30	10
910	Bridgetown	2018-08-10 12:42:34.533118+05:30	2018-08-10 12:42:34.533118+05:30	10
911	Bridgewater	2018-08-10 12:42:35.690184+05:30	2018-08-10 12:42:35.690184+05:30	10
912	Canso	2018-08-10 12:42:36.818249+05:30	2018-08-10 12:42:36.818249+05:30	10
913	Clark's Harbour	2018-08-10 12:42:37.955314+05:30	2018-08-10 12:42:37.955314+05:30	10
914	Digby	2018-08-10 12:42:39.145382+05:30	2018-08-10 12:42:39.145382+05:30	10
915	Hantsport	2018-08-10 12:42:40.274447+05:30	2018-08-10 12:42:40.274447+05:30	10
916	Kentville	2018-08-10 12:42:41.401511+05:30	2018-08-10 12:42:41.401511+05:30	10
917	Kentville	2018-08-10 12:42:42.540576+05:30	2018-08-10 12:42:42.540576+05:30	10
918	Lockeport	2018-08-10 12:42:43.667641+05:30	2018-08-10 12:42:43.667641+05:30	10
919	Lunenburg	2018-08-10 12:42:44.793705+05:30	2018-08-10 12:42:44.793705+05:30	10
920	Mahone Bay	2018-08-10 12:42:45.92377+05:30	2018-08-10 12:42:45.92377+05:30	10
921	Middleton	2018-08-10 12:42:47.052834+05:30	2018-08-10 12:42:47.052834+05:30	10
922	Mulgrave	2018-08-10 12:42:48.180899+05:30	2018-08-10 12:42:48.180899+05:30	10
923	New Glasgow	2018-08-10 12:42:49.309963+05:30	2018-08-10 12:42:49.309963+05:30	10
924	New Glasgow	2018-08-10 12:42:50.437028+05:30	2018-08-10 12:42:50.437028+05:30	10
925	Oxford	2018-08-10 12:42:51.585094+05:30	2018-08-10 12:42:51.585094+05:30	10
926	Parrsboro	2018-08-10 12:42:52.731159+05:30	2018-08-10 12:42:52.731159+05:30	10
927	Pictou	2018-08-10 12:42:53.857224+05:30	2018-08-10 12:42:53.858224+05:30	10
928	Port Hawkesbury	2018-08-10 12:42:55.01429+05:30	2018-08-10 12:42:55.01429+05:30	10
929	Shelburne	2018-08-10 12:42:56.143354+05:30	2018-08-10 12:42:56.143354+05:30	10
930	Springhill	2018-08-10 12:42:57.273419+05:30	2018-08-10 12:42:57.273419+05:30	10
931	Stellarton	2018-08-10 12:42:58.427485+05:30	2018-08-10 12:42:58.427485+05:30	10
932	Stewiacke	2018-08-10 12:42:59.55855+05:30	2018-08-10 12:42:59.55855+05:30	10
933	Trenton	2018-08-10 12:43:00.691614+05:30	2018-08-10 12:43:00.691614+05:30	10
934	Arviat	2018-08-10 12:45:47.737169+05:30	2018-08-10 12:45:47.737169+05:30	11
935	Baker Lake	2018-08-10 12:45:48.81223+05:30	2018-08-10 12:45:48.81223+05:30	11
936	Bathurst Inlet	2018-08-10 12:45:49.898293+05:30	2018-08-10 12:45:49.898293+05:30	11
937	Cambridge Bay	2018-08-10 12:45:50.967354+05:30	2018-08-10 12:45:50.967354+05:30	11
938	Cape Dorset	2018-08-10 12:45:52.036415+05:30	2018-08-10 12:45:52.036415+05:30	11
939	Chesterfield Inlet	2018-08-10 12:45:53.193481+05:30	2018-08-10 12:45:53.193481+05:30	11
940	Clyde River	2018-08-10 12:45:54.357548+05:30	2018-08-10 12:45:54.357548+05:30	11
941	Coral Harbour	2018-08-10 12:45:56.487669+05:30	2018-08-10 12:45:56.487669+05:30	11
942	Gjoa Haven	2018-08-10 12:45:58.619791+05:30	2018-08-10 12:45:58.619791+05:30	11
943	Grise Fiord	2018-08-10 12:45:59.740855+05:30	2018-08-10 12:45:59.740855+05:30	11
944	Hall Beach	2018-08-10 12:46:00.808917+05:30	2018-08-10 12:46:00.808917+05:30	11
945	Igloolik	2018-08-10 12:46:01.887978+05:30	2018-08-10 12:46:01.887978+05:30	11
946	Iqaluit	2018-08-10 12:46:02.95904+05:30	2018-08-10 12:46:02.95904+05:30	11
947	Kimmirut	2018-08-10 12:46:04.027101+05:30	2018-08-10 12:46:04.027101+05:30	11
948	Kugaaruk	2018-08-10 12:46:05.122163+05:30	2018-08-10 12:46:05.122163+05:30	11
949	Kugluktuk	2018-08-10 12:46:06.190224+05:30	2018-08-10 12:46:06.190224+05:30	11
950	Nanisivik	2018-08-10 12:46:07.258285+05:30	2018-08-10 12:46:07.258285+05:30	11
951	Pangnirtung	2018-08-10 12:46:08.327347+05:30	2018-08-10 12:46:08.327347+05:30	11
952	Pond Inlet	2018-08-10 12:46:09.42841+05:30	2018-08-10 12:46:09.42841+05:30	11
953	Qikiqtarjuaq	2018-08-10 12:46:10.573475+05:30	2018-08-10 12:46:10.573475+05:30	11
954	Rankin Inlet	2018-08-10 12:46:12.131564+05:30	2018-08-10 12:46:12.131564+05:30	11
955	Repulse Bay	2018-08-10 12:46:13.205626+05:30	2018-08-10 12:46:13.205626+05:30	11
956	Resolute	2018-08-10 12:46:14.398694+05:30	2018-08-10 12:46:14.398694+05:30	11
957	Sanikiluaq	2018-08-10 12:46:15.545759+05:30	2018-08-10 12:46:15.545759+05:30	11
958	Taloyoak	2018-08-10 12:46:17.690882+05:30	2018-08-10 12:46:17.690882+05:30	11
959	Umingmaktok	2018-08-10 12:46:19.314975+05:30	2018-08-10 12:46:19.314975+05:30	11
960	Whale Cove	2018-08-10 12:46:20.462041+05:30	2018-08-10 12:46:20.462041+05:30	11
961	Alberton	2018-08-10 12:47:47.788035+05:30	2018-08-10 12:47:47.788035+05:30	13
962	Charlottetown	2018-08-10 12:47:48.9101+05:30	2018-08-10 12:47:48.9101+05:30	13
963	Charlottetown	2018-08-10 12:47:50.035164+05:30	2018-08-10 12:47:50.035164+05:30	13
964	Cornwall	2018-08-10 12:47:51.159228+05:30	2018-08-10 12:47:51.159228+05:30	13
965	Georgetown	2018-08-10 12:47:52.324295+05:30	2018-08-10 12:47:52.324295+05:30	13
966	Kensington	2018-08-10 12:47:53.476361+05:30	2018-08-10 12:47:53.477361+05:30	13
967	Montague	2018-08-10 12:47:54.606425+05:30	2018-08-10 12:47:54.606425+05:30	13
968	Souris	2018-08-10 12:47:55.73049+05:30	2018-08-10 12:47:55.73149+05:30	13
969	Stratford	2018-08-10 12:47:57.338582+05:30	2018-08-10 12:47:57.338582+05:30	13
970	Summerside	2018-08-10 12:47:58.505648+05:30	2018-08-10 12:47:58.505648+05:30	13
971	Ajax	2018-08-10 12:50:23.888964+05:30	2018-08-10 12:50:23.888964+05:30	12
972	Amherstburg	2018-08-10 12:50:26.165094+05:30	2018-08-10 12:50:26.165094+05:30	12
973	Arnprior	2018-08-10 12:50:27.365163+05:30	2018-08-10 12:50:27.365163+05:30	12
974	Aurora	2018-08-10 12:50:28.516229+05:30	2018-08-10 12:50:28.516229+05:30	12
975	Aylmer	2018-08-10 12:50:29.688296+05:30	2018-08-10 12:50:29.688296+05:30	12
976	Bancroft	2018-08-10 12:50:30.80636+05:30	2018-08-10 12:50:30.80636+05:30	12
977	Barrie	2018-08-10 12:50:32.422452+05:30	2018-08-10 12:50:32.422452+05:30	12
978	Belleville	2018-08-10 12:50:37.486742+05:30	2018-08-10 12:50:37.486742+05:30	12
979	Blind River	2018-08-10 12:50:38.607806+05:30	2018-08-10 12:50:38.607806+05:30	12
980	Blue Mountains	2018-08-10 12:50:39.760872+05:30	2018-08-10 12:50:39.760872+05:30	12
981	Bracebridge	2018-08-10 12:50:41.922995+05:30	2018-08-10 12:50:41.922995+05:30	12
982	Bradford West Gwillimbury	2018-08-10 12:50:43.062061+05:30	2018-08-10 12:50:43.062061+05:30	12
983	Brampton	2018-08-10 12:50:44.28113+05:30	2018-08-10 12:50:44.28113+05:30	12
984	Brant	2018-08-10 12:50:45.992228+05:30	2018-08-10 12:50:45.992228+05:30	12
985	Brantford	2018-08-10 12:50:47.111292+05:30	2018-08-10 12:50:47.111292+05:30	12
986	Brockville	2018-08-10 12:50:48.231356+05:30	2018-08-10 12:50:48.231356+05:30	12
987	Bruce Mines	2018-08-10 12:50:49.35042+05:30	2018-08-10 12:50:49.35042+05:30	12
988	Burk's Falls	2018-08-10 12:50:50.514487+05:30	2018-08-10 12:50:50.514487+05:30	12
989	Burlington	2018-08-10 12:50:51.633551+05:30	2018-08-10 12:50:51.633551+05:30	12
990	Caledon	2018-08-10 12:50:52.756615+05:30	2018-08-10 12:50:52.756615+05:30	12
991	Cambridge	2018-08-10 12:50:53.90068+05:30	2018-08-10 12:50:53.90068+05:30	12
992	Carleton Place	2018-08-10 12:50:55.099749+05:30	2018-08-10 12:50:55.099749+05:30	12
993	Casselman	2018-08-10 12:50:57.241872+05:30	2018-08-10 12:50:57.241872+05:30	12
994	Centre Wellington	2018-08-10 12:50:58.359936+05:30	2018-08-10 12:50:58.359936+05:30	12
995	Charlton	2018-08-10 12:51:00.065033+05:30	2018-08-10 12:51:00.065033+05:30	12
996	Clarence-Rockland	2018-08-10 12:51:01.222099+05:30	2018-08-10 12:51:01.222099+05:30	12
997	Cobalt	2018-08-10 12:51:02.390166+05:30	2018-08-10 12:51:02.390166+05:30	12
998	Cobourg	2018-08-10 12:51:03.559233+05:30	2018-08-10 12:51:03.559233+05:30	12
999	Cochrane	2018-08-10 12:51:05.770359+05:30	2018-08-10 12:51:05.770359+05:30	12
1000	Collingwood	2018-08-10 12:51:06.969428+05:30	2018-08-10 12:51:06.969428+05:30	12
1001	Cornwall	2018-08-10 12:51:08.216499+05:30	2018-08-10 12:51:08.216499+05:30	12
1002	Deep River	2018-08-10 12:51:09.417568+05:30	2018-08-10 12:51:09.417568+05:30	12
1003	Deseronto	2018-08-10 12:51:11.124666+05:30	2018-08-10 12:51:11.124666+05:30	12
1004	Dryden	2018-08-10 12:51:12.802762+05:30	2018-08-10 12:51:12.802762+05:30	12
1005	East Gwillimbury	2018-08-10 12:51:14.52086+05:30	2018-08-10 12:51:14.52086+05:30	12
1006	Elliot Lake	2018-08-10 12:51:15.729929+05:30	2018-08-10 12:51:15.729929+05:30	12
1007	Englehart	2018-08-10 12:51:17.418026+05:30	2018-08-10 12:51:17.418026+05:30	12
1008	Erin	2018-08-10 12:51:19.035118+05:30	2018-08-10 12:51:19.035118+05:30	12
1009	Espanola	2018-08-10 12:51:20.224186+05:30	2018-08-10 12:51:20.224186+05:30	12
1010	Essex	2018-08-10 12:51:21.392253+05:30	2018-08-10 12:51:21.392253+05:30	12
1011	Fort Erie	2018-08-10 12:51:22.592322+05:30	2018-08-10 12:51:22.592322+05:30	12
1012	Fort Frances	2018-08-10 12:51:23.705385+05:30	2018-08-10 12:51:23.705385+05:30	12
1013	Gananoque	2018-08-10 12:51:24.863451+05:30	2018-08-10 12:51:24.863451+05:30	12
1014	Georgina	2018-08-10 12:51:25.977515+05:30	2018-08-10 12:51:25.977515+05:30	12
1015	Goderich	2018-08-10 12:51:27.121581+05:30	2018-08-10 12:51:27.121581+05:30	12
1016	Gore Bay	2018-08-10 12:51:28.235644+05:30	2018-08-10 12:51:28.235644+05:30	12
1017	Gravenhurst	2018-08-10 12:51:29.358709+05:30	2018-08-10 12:51:29.358709+05:30	12
1018	Greater Napanee	2018-08-10 12:51:30.494774+05:30	2018-08-10 12:51:30.494774+05:30	12
1019	Greater Sudbury / Grand Sudbury	2018-08-10 12:51:31.612837+05:30	2018-08-10 12:51:31.612837+05:30	12
1020	Grimsby	2018-08-10 12:51:32.794905+05:30	2018-08-10 12:51:32.794905+05:30	12
1021	Guelph	2018-08-10 12:51:33.948971+05:30	2018-08-10 12:51:33.948971+05:30	12
1022	Haileybury	2018-08-10 12:51:35.096037+05:30	2018-08-10 12:51:35.096037+05:30	12
1023	Haldimand County	2018-08-10 12:51:36.274104+05:30	2018-08-10 12:51:36.274104+05:30	12
1024	Halton Hills	2018-08-10 12:51:37.463172+05:30	2018-08-10 12:51:37.463172+05:30	12
1025	Hamilton	2018-08-10 12:51:38.671241+05:30	2018-08-10 12:51:38.671241+05:30	12
1026	Hanover	2018-08-10 12:51:39.859309+05:30	2018-08-10 12:51:39.859309+05:30	12
1027	Hawkesbury	2018-08-10 12:51:41.028376+05:30	2018-08-10 12:51:41.028376+05:30	12
1028	Hawkesbury (Ontario part)	2018-08-10 12:51:42.713472+05:30	2018-08-10 12:51:42.713472+05:30	12
1029	Hawkesbury (Quebec part)	2018-08-10 12:51:44.346566+05:30	2018-08-10 12:51:44.346566+05:30	12
1030	Hearst	2018-08-10 12:51:45.532634+05:30	2018-08-10 12:51:45.532634+05:30	12
1031	Hilton Beach	2018-08-10 12:51:47.22473+05:30	2018-08-10 12:51:47.22473+05:30	12
1032	Huntsville	2018-08-10 12:51:48.379796+05:30	2018-08-10 12:51:48.379796+05:30	12
1033	Ingersoll	2018-08-10 12:51:50.084894+05:30	2018-08-10 12:51:50.084894+05:30	12
1034	Innisfil	2018-08-10 12:51:51.219959+05:30	2018-08-10 12:51:51.219959+05:30	12
1035	Iroquois Falls	2018-08-10 12:51:52.350024+05:30	2018-08-10 12:51:52.350024+05:30	12
1036	Kapuskasing	2018-08-10 12:51:54.001118+05:30	2018-08-10 12:51:54.001118+05:30	12
1037	Kawartha Lakes	2018-08-10 12:51:55.145183+05:30	2018-08-10 12:51:55.145183+05:30	12
1038	Kearney	2018-08-10 12:51:56.872282+05:30	2018-08-10 12:51:56.872282+05:30	12
1039	Kenora	2018-08-10 12:51:58.05135+05:30	2018-08-10 12:51:58.05135+05:30	12
1040	Kingston	2018-08-10 12:52:00.729503+05:30	2018-08-10 12:52:00.729503+05:30	12
1041	Kingsville	2018-08-10 12:52:02.448601+05:30	2018-08-10 12:52:02.448601+05:30	12
1042	Kirkland Lake	2018-08-10 12:52:04.688729+05:30	2018-08-10 12:52:04.688729+05:30	12
1043	Kitchener	2018-08-10 12:52:05.913799+05:30	2018-08-10 12:52:05.913799+05:30	12
1044	Lakeshore	2018-08-10 12:52:07.093867+05:30	2018-08-10 12:52:07.093867+05:30	12
1045	LaSalle	2018-08-10 12:52:08.299936+05:30	2018-08-10 12:52:08.299936+05:30	12
1046	Latchford	2018-08-10 12:52:10.040035+05:30	2018-08-10 12:52:10.040035+05:30	12
1047	Laurentian Hills	2018-08-10 12:52:11.183101+05:30	2018-08-10 12:52:11.183101+05:30	12
1048	Leamington	2018-08-10 12:52:16.755419+05:30	2018-08-10 12:52:16.755419+05:30	12
1049	Lincoln	2018-08-10 12:52:17.910486+05:30	2018-08-10 12:52:17.910486+05:30	12
1050	London	2018-08-10 12:52:19.094553+05:30	2018-08-10 12:52:19.094553+05:30	12
1051	Marathon	2018-08-10 12:52:20.310623+05:30	2018-08-10 12:52:20.310623+05:30	12
1052	Markham	2018-08-10 12:52:21.428687+05:30	2018-08-10 12:52:21.428687+05:30	12
1053	Mattawa	2018-08-10 12:52:22.556751+05:30	2018-08-10 12:52:22.556751+05:30	12
1054	Merrickville-Wolford	2018-08-10 12:52:24.226847+05:30	2018-08-10 12:52:24.226847+05:30	12
1055	Midland	2018-08-10 12:52:25.899943+05:30	2018-08-10 12:52:25.899943+05:30	12
1056	Milton	2018-08-10 12:52:27.535036+05:30	2018-08-10 12:52:27.535036+05:30	12
1057	Minto	2018-08-10 12:52:28.6541+05:30	2018-08-10 12:52:28.6541+05:30	12
1058	Mississauga	2018-08-10 12:52:29.793165+05:30	2018-08-10 12:52:29.793165+05:30	12
1059	Mississippi Mills	2018-08-10 12:52:30.940231+05:30	2018-08-10 12:52:30.940231+05:30	12
1060	Mono	2018-08-10 12:52:32.054295+05:30	2018-08-10 12:52:32.054295+05:30	12
1061	Moosonee	2018-08-10 12:52:33.652386+05:30	2018-08-10 12:52:33.652386+05:30	12
1062	New Liskeard	2018-08-10 12:52:34.789451+05:30	2018-08-10 12:52:34.789451+05:30	12
1063	New Tecumseth	2018-08-10 12:52:36.445546+05:30	2018-08-10 12:52:36.445546+05:30	12
1064	Newbury	2018-08-10 12:52:38.044637+05:30	2018-08-10 12:52:38.044637+05:30	12
1065	Newmarket	2018-08-10 12:52:39.176702+05:30	2018-08-10 12:52:39.176702+05:30	12
1066	Niagara Falls	2018-08-10 12:52:40.834797+05:30	2018-08-10 12:52:40.834797+05:30	12
1067	Niagara-on-the-Lake	2018-08-10 12:52:43.007921+05:30	2018-08-10 12:52:43.007921+05:30	12
1068	Norfolk	2018-08-10 12:52:44.705018+05:30	2018-08-10 12:52:44.705018+05:30	12
1069	Norfolk County	2018-08-10 12:52:45.914087+05:30	2018-08-10 12:52:45.914087+05:30	12
1070	North Bay	2018-08-10 12:52:47.030151+05:30	2018-08-10 12:52:47.030151+05:30	12
1071	Northeastern Manitoulin and the Islands	2018-08-10 12:52:48.170216+05:30	2018-08-10 12:52:48.170216+05:30	12
1072	Oakville	2018-08-10 12:52:49.28628+05:30	2018-08-10 12:52:49.28628+05:30	12
1073	Oil Springs	2018-08-10 12:52:50.458347+05:30	2018-08-10 12:52:50.458347+05:30	12
1074	Orangeville	2018-08-10 12:52:51.574411+05:30	2018-08-10 12:52:51.574411+05:30	12
1075	Orillia	2018-08-10 12:52:52.724477+05:30	2018-08-10 12:52:52.724477+05:30	12
1076	Oshawa	2018-08-10 12:52:53.840541+05:30	2018-08-10 12:52:53.840541+05:30	12
1077	Ottawa	2018-08-10 12:52:54.955604+05:30	2018-08-10 12:52:54.955604+05:30	12
1078	Ottawa - Gatineau	2018-08-10 12:52:56.068668+05:30	2018-08-10 12:52:56.068668+05:30	12
1079	Ottawa - Gatineau (Ontario part)	2018-08-10 12:52:57.214734+05:30	2018-08-10 12:52:57.214734+05:30	12
1080	Ottawa - Gatineau (Quebec part)	2018-08-10 12:52:59.375857+05:30	2018-08-10 12:52:59.375857+05:30	12
1081	Owen Sound	2018-08-10 12:53:02.014008+05:30	2018-08-10 12:53:02.014008+05:30	12
1082	Parry Sound	2018-08-10 12:53:03.235078+05:30	2018-08-10 12:53:03.235078+05:30	12
1083	Pelham	2018-08-10 12:53:04.445147+05:30	2018-08-10 12:53:04.445147+05:30	12
1084	Pembroke	2018-08-10 12:53:05.627215+05:30	2018-08-10 12:53:05.627215+05:30	12
1085	Penetanguishene	2018-08-10 12:53:07.409317+05:30	2018-08-10 12:53:07.409317+05:30	12
1086	Perth	2018-08-10 12:53:09.04741+05:30	2018-08-10 12:53:09.04741+05:30	12
1087	Petawawa	2018-08-10 12:53:10.723506+05:30	2018-08-10 12:53:10.723506+05:30	12
1088	Peterborough	2018-08-10 12:53:12.339599+05:30	2018-08-10 12:53:12.339599+05:30	12
1089	Petrolia	2018-08-10 12:53:14.034696+05:30	2018-08-10 12:53:14.034696+05:30	12
1090	Pickering	2018-08-10 12:53:15.180761+05:30	2018-08-10 12:53:15.180761+05:30	12
1091	Plympton-Wyoming	2018-08-10 12:53:16.800854+05:30	2018-08-10 12:53:16.800854+05:30	12
1092	Point Edward	2018-08-10 12:53:17.925918+05:30	2018-08-10 12:53:17.925918+05:30	12
1093	Port Colborne	2018-08-10 12:53:19.066983+05:30	2018-08-10 12:53:19.066983+05:30	12
1094	Port Hope	2018-08-10 12:53:20.208049+05:30	2018-08-10 12:53:20.208049+05:30	12
1095	Prescott	2018-08-10 12:53:21.339113+05:30	2018-08-10 12:53:21.339113+05:30	12
1096	Prince Edward	2018-08-10 12:53:22.453177+05:30	2018-08-10 12:53:22.453177+05:30	12
1097	Quinte West	2018-08-10 12:53:23.575241+05:30	2018-08-10 12:53:23.575241+05:30	12
1098	Rainy River	2018-08-10 12:53:24.743308+05:30	2018-08-10 12:53:24.743308+05:30	12
1099	Renfrew	2018-08-10 12:53:25.922376+05:30	2018-08-10 12:53:25.922376+05:30	12
1100	Richmond Hill	2018-08-10 12:53:27.05344+05:30	2018-08-10 12:53:27.05344+05:30	12
1101	Sarnia	2018-08-10 12:53:28.685534+05:30	2018-08-10 12:53:28.685534+05:30	12
1102	Saugeen Shores	2018-08-10 12:53:29.857601+05:30	2018-08-10 12:53:29.857601+05:30	12
1103	Sault Ste. Marie	2018-08-10 12:53:30.978665+05:30	2018-08-10 12:53:30.978665+05:30	12
1104	Shelburne	2018-08-10 12:53:32.136731+05:30	2018-08-10 12:53:32.136731+05:30	12
1105	Smiths Falls	2018-08-10 12:53:33.789826+05:30	2018-08-10 12:53:33.789826+05:30	12
1106	Smooth Rock Falls	2018-08-10 12:53:34.949892+05:30	2018-08-10 12:53:34.949892+05:30	12
1107	South Bruce Peninsula	2018-08-10 12:53:36.064956+05:30	2018-08-10 12:53:36.064956+05:30	12
1108	South River	2018-08-10 12:53:37.204021+05:30	2018-08-10 12:53:37.204021+05:30	12
1109	Spanish	2018-08-10 12:53:38.376088+05:30	2018-08-10 12:53:38.376088+05:30	12
1110	St. Catharines	2018-08-10 12:53:39.597158+05:30	2018-08-10 12:53:39.597158+05:30	12
1111	St. Catharines - Niagara	2018-08-10 12:53:41.331257+05:30	2018-08-10 12:53:41.331257+05:30	12
1112	St. Marys	2018-08-10 12:53:44.159419+05:30	2018-08-10 12:53:44.159419+05:30	12
1113	St. Thomas	2018-08-10 12:53:46.375545+05:30	2018-08-10 12:53:46.375545+05:30	12
1114	Stratford	2018-08-10 12:53:47.530612+05:30	2018-08-10 12:53:47.530612+05:30	12
1115	Sundridge	2018-08-10 12:53:48.654676+05:30	2018-08-10 12:53:48.654676+05:30	12
1116	Tecumseh	2018-08-10 12:53:49.890747+05:30	2018-08-10 12:53:49.890747+05:30	12
1117	Temiskaming Shores	2018-08-10 12:53:51.541841+05:30	2018-08-10 12:53:51.541841+05:30	12
1118	Thessalon	2018-08-10 12:53:52.730909+05:30	2018-08-10 12:53:52.730909+05:30	12
1119	Thornloe	2018-08-10 12:53:53.889975+05:30	2018-08-10 12:53:53.889975+05:30	12
1120	Thorold	2018-08-10 12:53:57.060157+05:30	2018-08-10 12:53:57.060157+05:30	12
1121	Thunder Bay	2018-08-10 12:53:58.277226+05:30	2018-08-10 12:53:58.277226+05:30	12
1122	Tillsonburg	2018-08-10 12:53:59.426292+05:30	2018-08-10 12:53:59.426292+05:30	12
1123	Timmins	2018-08-10 12:54:01.602416+05:30	2018-08-10 12:54:01.602416+05:30	12
1124	Toronto	2018-08-10 12:54:02.835487+05:30	2018-08-10 12:54:02.835487+05:30	12
1125	Vaughan	2018-08-10 12:54:04.569586+05:30	2018-08-10 12:54:04.569586+05:30	12
1126	Wasaga Beach	2018-08-10 12:54:05.748654+05:30	2018-08-10 12:54:05.748654+05:30	12
1127	Waterloo	2018-08-10 12:54:06.951722+05:30	2018-08-10 12:54:06.951722+05:30	12
1128	Welland	2018-08-10 12:54:08.157791+05:30	2018-08-10 12:54:08.157791+05:30	12
1129	Westport	2018-08-10 12:54:09.394862+05:30	2018-08-10 12:54:09.394862+05:30	12
1130	Whitby	2018-08-10 12:54:10.58993+05:30	2018-08-10 12:54:10.58993+05:30	12
1131	Whitchurch-Stouffville	2018-08-10 12:54:11.779999+05:30	2018-08-10 12:54:11.779999+05:30	12
1132	Windsor	2018-08-10 12:54:13.479096+05:30	2018-08-10 12:54:13.479096+05:30	12
1133	Woodstock	2018-08-10 12:54:14.60816+05:30	2018-08-10 12:54:14.60816+05:30	12
1134	Abercorn	2018-08-10 12:56:58.509535+05:30	2018-08-10 12:56:58.510535+05:30	2
1135	Acton Vale	2018-08-10 12:56:59.606598+05:30	2018-08-10 12:56:59.606598+05:30	2
1136	Alma	2018-08-10 12:57:00.725662+05:30	2018-08-10 12:57:00.725662+05:30	2
1137	Amos	2018-08-10 12:57:01.824725+05:30	2018-08-10 12:57:01.824725+05:30	2
1138	Amqui	2018-08-10 12:57:02.96379+05:30	2018-08-10 12:57:02.96379+05:30	2
1139	Angliers	2018-08-10 12:57:05.06091+05:30	2018-08-10 12:57:05.06091+05:30	2
1140	Anjou	2018-08-10 12:57:07.605055+05:30	2018-08-10 12:57:07.605055+05:30	2
1141	Asbestos	2018-08-10 12:57:08.699118+05:30	2018-08-10 12:57:08.699118+05:30	2
1142	Ayer's Cliff	2018-08-10 12:57:09.800181+05:30	2018-08-10 12:57:09.800181+05:30	2
1143	Aylmer	2018-08-10 12:57:10.959247+05:30	2018-08-10 12:57:10.959247+05:30	2
1144	Baie-Comeau	2018-08-10 12:57:12.102312+05:30	2018-08-10 12:57:12.102312+05:30	2
1145	Baie-D'Urf	2018-08-10 12:57:14.194432+05:30	2018-08-10 12:57:14.194432+05:30	2
1146	Baie-Saint-Paul	2018-08-10 12:57:16.306553+05:30	2018-08-10 12:57:16.306553+05:30	2
1147	Baie-Trinit	2018-08-10 12:57:17.412616+05:30	2018-08-10 12:57:17.412616+05:30	2
1148	Barkmere	2018-08-10 12:57:18.503678+05:30	2018-08-10 12:57:18.503678+05:30	2
1149	Beaconsfield	2018-08-10 12:57:19.58574+05:30	2018-08-10 12:57:19.58574+05:30	2
1150	Beauceville	2018-08-10 12:57:20.665802+05:30	2018-08-10 12:57:20.665802+05:30	2
1151	Beauharnois	2018-08-10 12:57:21.748864+05:30	2018-08-10 12:57:21.748864+05:30	2
1152	Beauport	2018-08-10 12:57:22.829926+05:30	2018-08-10 12:57:22.829926+05:30	2
1153	Beaupr	2018-08-10 12:57:23.910988+05:30	2018-08-10 12:57:23.910988+05:30	2
1154	Bedford	2018-08-10 12:57:25.468077+05:30	2018-08-10 12:57:25.468077+05:30	2
1155	Bellefeuille	2018-08-10 12:57:26.57814+05:30	2018-08-10 12:57:26.57814+05:30	2
1156	Belleterre	2018-08-10 12:57:27.659202+05:30	2018-08-10 12:57:27.659202+05:30	2
1157	Beloeil	2018-08-10 12:57:28.748264+05:30	2018-08-10 12:57:28.748264+05:30	2
1158	Berthierville	2018-08-10 12:57:29.881329+05:30	2018-08-10 12:57:29.881329+05:30	2
1159	Black Lake	2018-08-10 12:57:30.985392+05:30	2018-08-10 12:57:30.985392+05:30	2
1160	Blainville	2018-08-10 12:57:32.079455+05:30	2018-08-10 12:57:32.080455+05:30	2
1161	Bois-des-Filion	2018-08-10 12:57:33.158517+05:30	2018-08-10 12:57:33.158517+05:30	2
1162	Boisbriand	2018-08-10 12:57:34.297582+05:30	2018-08-10 12:57:34.297582+05:30	2
1163	Bonaventure	2018-08-10 12:57:35.383644+05:30	2018-08-10 12:57:35.383644+05:30	2
1164	Boucherville	2018-08-10 12:57:36.507708+05:30	2018-08-10 12:57:36.507708+05:30	2
1165	Brome	2018-08-10 12:57:37.58877+05:30	2018-08-10 12:57:37.58877+05:30	2
1166	Bromont	2018-08-10 12:57:38.667832+05:30	2018-08-10 12:57:38.667832+05:30	2
1167	Bromptonville	2018-08-10 12:57:40.218921+05:30	2018-08-10 12:57:40.218921+05:30	2
1168	Brossard	2018-08-10 12:57:41.333984+05:30	2018-08-10 12:57:41.333984+05:30	2
1169	Brownsburg-Chatham	2018-08-10 12:57:42.413046+05:30	2018-08-10 12:57:42.413046+05:30	2
1170	Buckingham	2018-08-10 12:57:43.53111+05:30	2018-08-10 12:57:43.53111+05:30	2
1171	Bcancour	2018-08-10 12:57:44.611172+05:30	2018-08-10 12:57:44.611172+05:30	2
1172	Cabano	2018-08-10 12:57:45.691234+05:30	2018-08-10 12:57:45.691234+05:30	2
1173	Cadillac	2018-08-10 12:57:46.804297+05:30	2018-08-10 12:57:46.804297+05:30	2
1174	Calumet	2018-08-10 12:57:47.975364+05:30	2018-08-10 12:57:47.975364+05:30	2
1175	Candiac	2018-08-10 12:57:49.057426+05:30	2018-08-10 12:57:49.057426+05:30	2
1176	Cap-aux-Meules	2018-08-10 12:57:50.230493+05:30	2018-08-10 12:57:50.230493+05:30	2
1177	Cap-Chat	2018-08-10 12:57:51.410561+05:30	2018-08-10 12:57:51.410561+05:30	2
1178	Cap-de-la-Madeleine	2018-08-10 12:57:52.508623+05:30	2018-08-10 12:57:52.508623+05:30	2
1179	Cap-Rouge	2018-08-10 12:57:53.67169+05:30	2018-08-10 12:57:53.67169+05:30	2
1180	Cap-Sant	2018-08-10 12:57:55.267781+05:30	2018-08-10 12:57:55.267781+05:30	2
1181	Carignan	2018-08-10 12:57:56.347843+05:30	2018-08-10 12:57:56.347843+05:30	2
1182	Carleton-sur-Mer	2018-08-10 12:57:57.997937+05:30	2018-08-10 12:57:57.997937+05:30	2
1183	Causapscal	2018-08-10 12:57:59.143003+05:30	2018-08-10 12:57:59.143003+05:30	2
1184	Chambly	2018-08-10 12:58:00.248066+05:30	2018-08-10 12:58:00.248066+05:30	2
1185	Chandler	2018-08-10 12:58:01.833157+05:30	2018-08-10 12:58:01.833157+05:30	2
1186	Chapais	2018-08-10 12:58:03.47125+05:30	2018-08-10 12:58:03.47125+05:30	2
1187	Charlemagne	2018-08-10 12:58:05.02834+05:30	2018-08-10 12:58:05.02834+05:30	2
1188	Charlesbourg	2018-08-10 12:58:06.109401+05:30	2018-08-10 12:58:06.109401+05:30	2
1189	Charny	2018-08-10 12:58:07.218465+05:30	2018-08-10 12:58:07.218465+05:30	2
1190	Chibougamau	2018-08-10 12:58:08.301527+05:30	2018-08-10 12:58:08.301527+05:30	2
1191	Chicoutimi	2018-08-10 12:58:09.384589+05:30	2018-08-10 12:58:09.384589+05:30	2
1192	Chute-aux-Outardes	2018-08-10 12:58:10.475651+05:30	2018-08-10 12:58:10.475651+05:30	2
1193	Chteau-Richer	2018-08-10 12:58:11.575714+05:30	2018-08-10 12:58:11.575714+05:30	2
1194	Chteauguay	2018-08-10 12:58:12.654776+05:30	2018-08-10 12:58:12.654776+05:30	2
1195	Clermont	2018-08-10 12:58:13.734838+05:30	2018-08-10 12:58:13.734838+05:30	2
1196	Coaticook	2018-08-10 12:58:14.815899+05:30	2018-08-10 12:58:14.815899+05:30	2
1197	Contrecoeur	2018-08-10 12:58:15.895961+05:30	2018-08-10 12:58:15.895961+05:30	2
1198	Cookshire	2018-08-10 12:58:16.977023+05:30	2018-08-10 12:58:16.977023+05:30	2
1199	Cookshire-Eaton	2018-08-10 12:58:18.560114+05:30	2018-08-10 12:58:18.560114+05:30	2
1200	Cowansville	2018-08-10 12:58:19.639175+05:30	2018-08-10 12:58:19.640175+05:30	2
1201	Cte-Saint-Luc	2018-08-10 12:58:21.198264+05:30	2018-08-10 12:58:21.198264+05:30	2
1202	Danville	2018-08-10 12:58:22.292327+05:30	2018-08-10 12:58:22.292327+05:30	2
1203	Daveluyville	2018-08-10 12:58:23.847416+05:30	2018-08-10 12:58:23.847416+05:30	2
1204	Delson	2018-08-10 12:58:24.930478+05:30	2018-08-10 12:58:24.930478+05:30	2
1205	Desbiens	2018-08-10 12:58:26.01154+05:30	2018-08-10 12:58:26.01154+05:30	2
1206	Deux-Montagnes	2018-08-10 12:58:27.211608+05:30	2018-08-10 12:58:27.211608+05:30	2
1207	Disraeli	2018-08-10 12:58:28.361674+05:30	2018-08-10 12:58:28.361674+05:30	2
1208	Dolbeau-Mistassini	2018-08-10 12:58:29.997768+05:30	2018-08-10 12:58:29.997768+05:30	2
1209	Dollard-Des Ormeaux	2018-08-10 12:58:31.651862+05:30	2018-08-10 12:58:31.651862+05:30	2
1210	Donnacona	2018-08-10 12:58:33.281956+05:30	2018-08-10 12:58:33.281956+05:30	2
1211	Dorval	2018-08-10 12:58:34.460023+05:30	2018-08-10 12:58:34.460023+05:30	2
1212	Drummondville	2018-08-10 12:58:35.576087+05:30	2018-08-10 12:58:35.576087+05:30	2
1213	Dunham	2018-08-10 12:58:36.68615+05:30	2018-08-10 12:58:36.68615+05:30	2
1214	Duparquet	2018-08-10 12:58:37.829216+05:30	2018-08-10 12:58:37.829216+05:30	2
1215	Dgelis	2018-08-10 12:58:38.969281+05:30	2018-08-10 12:58:38.969281+05:30	2
1216	East Angus	2018-08-10 12:58:40.097345+05:30	2018-08-10 12:58:40.097345+05:30	2
1217	East Farnham	2018-08-10 12:58:41.702437+05:30	2018-08-10 12:58:41.702437+05:30	2
1218	Eastman	2018-08-10 12:58:42.850503+05:30	2018-08-10 12:58:42.850503+05:30	2
1219	Estrel	2018-08-10 12:58:44.471596+05:30	2018-08-10 12:58:44.471596+05:30	2
1220	Farnham	2018-08-10 12:58:45.59066+05:30	2018-08-10 12:58:45.59066+05:30	2
1221	Fermont	2018-08-10 12:58:46.743726+05:30	2018-08-10 12:58:46.743726+05:30	2
1222	Fleurimont	2018-08-10 12:58:47.826787+05:30	2018-08-10 12:58:47.826787+05:30	2
1223	Forestville	2018-08-10 12:58:48.906849+05:30	2018-08-10 12:58:48.906849+05:30	2
1224	Fort-Coulonge	2018-08-10 12:58:49.986911+05:30	2018-08-10 12:58:49.986911+05:30	2
1225	Fossambault-sur-le-Lac	2018-08-10 12:58:51.065973+05:30	2018-08-10 12:58:51.065973+05:30	2
1226	Gasp	2018-08-10 12:58:52.149035+05:30	2018-08-10 12:58:52.149035+05:30	2
1227	Gatineau	2018-08-10 12:58:53.253098+05:30	2018-08-10 12:58:53.253098+05:30	2
1228	Godbout	2018-08-10 12:58:54.33216+05:30	2018-08-10 12:58:54.33216+05:30	2
1229	Gracefield	2018-08-10 12:58:55.430222+05:30	2018-08-10 12:58:55.430222+05:30	2
1230	Granby	2018-08-10 12:58:56.532285+05:30	2018-08-10 12:58:56.532285+05:30	2
1231	Grand-Mre	2018-08-10 12:58:57.65935+05:30	2018-08-10 12:58:57.65935+05:30	2
1232	Grande-Rivire	2018-08-10 12:58:58.777414+05:30	2018-08-10 12:58:58.777414+05:30	2
1233	Grandes-Piles	2018-08-10 12:58:59.917479+05:30	2018-08-10 12:58:59.917479+05:30	2
1234	Greenfield Park	2018-08-10 12:59:01.002541+05:30	2018-08-10 12:59:01.002541+05:30	2
1235	Grenville	2018-08-10 12:59:02.175608+05:30	2018-08-10 12:59:02.175608+05:30	2
1236	Hampstead	2018-08-10 12:59:03.26167+05:30	2018-08-10 12:59:03.26167+05:30	2
1237	Hemmingford	2018-08-10 12:59:04.341732+05:30	2018-08-10 12:59:04.341732+05:30	2
1238	Howick	2018-08-10 12:59:05.427794+05:30	2018-08-10 12:59:05.427794+05:30	2
1239	Hudson	2018-08-10 12:59:06.507856+05:30	2018-08-10 12:59:06.507856+05:30	2
1240	Hull	2018-08-10 12:59:07.62292+05:30	2018-08-10 12:59:07.62392+05:30	2
1241	Huntingdon	2018-08-10 12:59:08.765985+05:30	2018-08-10 12:59:08.765985+05:30	2
1242	Hbertville-Station	2018-08-10 12:59:10.403079+05:30	2018-08-10 12:59:10.403079+05:30	2
1243	Iberville	2018-08-10 12:59:11.582146+05:30	2018-08-10 12:59:11.582146+05:30	2
1244	Joliette	2018-08-10 12:59:13.148236+05:30	2018-08-10 12:59:13.148236+05:30	2
1245	Jonquire	2018-08-10 12:59:14.2653+05:30	2018-08-10 12:59:14.2653+05:30	2
1246	Kingsbury	2018-08-10 12:59:15.83839+05:30	2018-08-10 12:59:15.83839+05:30	2
1247	Kingsey Falls	2018-08-10 12:59:17.432481+05:30	2018-08-10 12:59:17.432481+05:30	2
1248	Kirkland	2018-08-10 12:59:18.512543+05:30	2018-08-10 12:59:18.512543+05:30	2
1249	L'Ancienne-Lorette	2018-08-10 12:59:19.593604+05:30	2018-08-10 12:59:19.593604+05:30	2
1250	L'Annonciation	2018-08-10 12:59:20.671666+05:30	2018-08-10 12:59:20.671666+05:30	2
1251	L'Assomption	2018-08-10 12:59:21.765729+05:30	2018-08-10 12:59:21.765729+05:30	2
1252	L'piphanie	2018-08-10 12:59:22.84579+05:30	2018-08-10 12:59:22.84579+05:30	2
1253	L'le-Bizard	2018-08-10 12:59:23.932853+05:30	2018-08-10 12:59:23.932853+05:30	2
1254	L'le-Cadieux	2018-08-10 12:59:25.019915+05:30	2018-08-10 12:59:25.019915+05:30	2
1255	L'le-Dorval	2018-08-10 12:59:26.099977+05:30	2018-08-10 12:59:26.099977+05:30	2
1256	L'le-Perrot	2018-08-10 12:59:27.198039+05:30	2018-08-10 12:59:27.198039+05:30	2
1257	La Baie	2018-08-10 12:59:28.296102+05:30	2018-08-10 12:59:28.296102+05:30	2
1258	La Guadeloupe	2018-08-10 12:59:29.378164+05:30	2018-08-10 12:59:29.378164+05:30	2
1259	La Malbaie	2018-08-10 12:59:30.462226+05:30	2018-08-10 12:59:30.462226+05:30	2
1260	La Plaine	2018-08-10 12:59:31.553288+05:30	2018-08-10 12:59:31.553288+05:30	2
1261	La Pocatire	2018-08-10 12:59:32.63635+05:30	2018-08-10 12:59:32.63635+05:30	2
1262	La Prairie	2018-08-10 12:59:33.734413+05:30	2018-08-10 12:59:33.734413+05:30	2
1263	La Sarre	2018-08-10 12:59:34.814475+05:30	2018-08-10 12:59:34.814475+05:30	2
1264	La Tuque	2018-08-10 12:59:35.893537+05:30	2018-08-10 12:59:35.893537+05:30	2
1265	Lac-Brome	2018-08-10 12:59:37.018601+05:30	2018-08-10 12:59:37.018601+05:30	2
1266	Lac-Delage	2018-08-10 12:59:38.134665+05:30	2018-08-10 12:59:38.134665+05:30	2
1267	Lac-des-corces	2018-08-10 12:59:39.26373+05:30	2018-08-10 12:59:39.26373+05:30	2
1268	Lac-Etchemin	2018-08-10 12:59:40.374793+05:30	2018-08-10 12:59:40.374793+05:30	2
1269	Lac-Mgantic	2018-08-10 12:59:41.55086+05:30	2018-08-10 12:59:41.55086+05:30	2
1270	Lac-Poulin	2018-08-10 12:59:42.639923+05:30	2018-08-10 12:59:42.639923+05:30	2
1271	Lac-Saguay	2018-08-10 12:59:43.722985+05:30	2018-08-10 12:59:43.722985+05:30	2
1272	Lac-Saint-Charles	2018-08-10 12:59:44.804046+05:30	2018-08-10 12:59:44.804046+05:30	2
1273	Lac-Saint-Joseph	2018-08-10 12:59:45.894109+05:30	2018-08-10 12:59:45.894109+05:30	2
1274	Lac-Sergent	2018-08-10 12:59:47.039174+05:30	2018-08-10 12:59:47.039174+05:30	2
1275	Lachenaie	2018-08-10 12:59:48.128237+05:30	2018-08-10 12:59:48.128237+05:30	2
1276	Lachine	2018-08-10 12:59:49.214299+05:30	2018-08-10 12:59:49.214299+05:30	2
1277	Lachute	2018-08-10 12:59:50.318362+05:30	2018-08-10 12:59:50.318362+05:30	2
1278	Lacolle	2018-08-10 12:59:51.445426+05:30	2018-08-10 12:59:51.445426+05:30	2
1279	Lafontaine	2018-08-10 12:59:52.527488+05:30	2018-08-10 12:59:52.527488+05:30	2
1280	LaSalle	2018-08-10 12:59:53.642552+05:30	2018-08-10 12:59:53.642552+05:30	2
1281	Laterrire	2018-08-10 12:59:54.722614+05:30	2018-08-10 12:59:54.722614+05:30	2
1282	Laurier-Station	2018-08-10 12:59:55.854678+05:30	2018-08-10 12:59:55.854678+05:30	2
1283	Laval	2018-08-10 12:59:56.93674+05:30	2018-08-10 12:59:56.93674+05:30	2
1284	Lavaltrie	2018-08-10 12:59:58.033803+05:30	2018-08-10 12:59:58.033803+05:30	2
1285	Lawrenceville	2018-08-10 12:59:59.114865+05:30	2018-08-10 12:59:59.114865+05:30	2
1286	Le Gardeur	2018-08-10 13:00:00.199927+05:30	2018-08-10 13:00:00.199927+05:30	2
1287	Lebel-sur-Quvillon	2018-08-10 13:00:01.279989+05:30	2018-08-10 13:00:01.279989+05:30	2
1288	LeMoyne	2018-08-10 13:00:02.363051+05:30	2018-08-10 13:00:02.363051+05:30	2
1289	Lennoxville	2018-08-10 13:00:03.443112+05:30	2018-08-10 13:00:03.443112+05:30	2
1290	Longueuil	2018-08-10 13:00:04.524174+05:30	2018-08-10 13:00:04.524174+05:30	2
1291	Loretteville	2018-08-10 13:00:05.605236+05:30	2018-08-10 13:00:05.605236+05:30	2
1292	Lorraine	2018-08-10 13:00:06.7153+05:30	2018-08-10 13:00:06.7153+05:30	2
1293	Louiseville	2018-08-10 13:00:07.795361+05:30	2018-08-10 13:00:07.795361+05:30	2
1294	Luceville	2018-08-10 13:00:08.876423+05:30	2018-08-10 13:00:08.876423+05:30	2
1295	Lry	2018-08-10 13:00:09.994487+05:30	2018-08-10 13:00:09.994487+05:30	2
1296	Lvis	2018-08-10 13:00:11.562577+05:30	2018-08-10 13:00:11.563577+05:30	2
1297	Macamic	2018-08-10 13:00:12.677641+05:30	2018-08-10 13:00:12.677641+05:30	2
1298	Magog	2018-08-10 13:00:13.810705+05:30	2018-08-10 13:00:13.811706+05:30	2
1299	Malartic	2018-08-10 13:00:14.922769+05:30	2018-08-10 13:00:14.922769+05:30	2
1300	Maniwaki	2018-08-10 13:00:16.018832+05:30	2018-08-10 13:00:16.018832+05:30	2
1301	Maple Grove	2018-08-10 13:00:17.098894+05:30	2018-08-10 13:00:17.098894+05:30	2
1302	Marieville	2018-08-10 13:00:18.228958+05:30	2018-08-10 13:00:18.228958+05:30	2
1303	Marsoui	2018-08-10 13:00:19.367023+05:30	2018-08-10 13:00:19.367023+05:30	2
1304	Mascouche	2018-08-10 13:00:20.492088+05:30	2018-08-10 13:00:20.493088+05:30	2
1305	Maskinong	2018-08-10 13:00:22.62821+05:30	2018-08-10 13:00:22.62821+05:30	2
1306	Masson-Angers	2018-08-10 13:00:24.227301+05:30	2018-08-10 13:00:24.227301+05:30	2
1307	Massueville	2018-08-10 13:00:25.308363+05:30	2018-08-10 13:00:25.309363+05:30	2
1308	Matagami	2018-08-10 13:00:26.425427+05:30	2018-08-10 13:00:26.425427+05:30	2
1309	Matane	2018-08-10 13:00:27.505489+05:30	2018-08-10 13:00:27.505489+05:30	2
1310	Melocheville	2018-08-10 13:00:28.602552+05:30	2018-08-10 13:00:28.602552+05:30	2
1311	Mercier	2018-08-10 13:00:29.719615+05:30	2018-08-10 13:00:29.719615+05:30	2
1312	Mirabel	2018-08-10 13:00:31.306706+05:30	2018-08-10 13:00:31.306706+05:30	2
1313	Moisie	2018-08-10 13:00:32.42177+05:30	2018-08-10 13:00:32.42177+05:30	2
1314	Mont-Joli	2018-08-10 13:00:33.501832+05:30	2018-08-10 13:00:33.501832+05:30	2
1315	Mont-Laurier	2018-08-10 13:00:34.581894+05:30	2018-08-10 13:00:34.583894+05:30	2
1316	Mont-Royal	2018-08-10 13:00:36.160984+05:30	2018-08-10 13:00:36.160984+05:30	2
1317	Mont-Saint-Hilaire	2018-08-10 13:00:37.252046+05:30	2018-08-10 13:00:37.252046+05:30	2
1318	Mont-Saint-Pierre	2018-08-10 13:00:38.337108+05:30	2018-08-10 13:00:38.337108+05:30	2
1319	Mont-Tremblant	2018-08-10 13:00:39.41817+05:30	2018-08-10 13:00:39.41817+05:30	2
1320	Montmagny	2018-08-10 13:00:40.502232+05:30	2018-08-10 13:00:40.502232+05:30	2
1321	Montral	2018-08-10 13:00:41.585294+05:30	2018-08-10 13:00:41.585294+05:30	2
1322	Montral-Est	2018-08-10 13:00:42.668356+05:30	2018-08-10 13:00:42.668356+05:30	2
1323	Montral-Nord	2018-08-10 13:00:43.749418+05:30	2018-08-10 13:00:43.749418+05:30	2
1324	Montral-Ouest	2018-08-10 13:00:44.83848+05:30	2018-08-10 13:00:44.83848+05:30	2
1325	Murdochville	2018-08-10 13:00:45.919542+05:30	2018-08-10 13:00:45.919542+05:30	2
1326	Mtabetchouan--Lac--la-Croix	2018-08-10 13:00:46.999604+05:30	2018-08-10 13:00:46.999604+05:30	2
1327	Mtis-sur-Mer	2018-08-10 13:00:48.081666+05:30	2018-08-10 13:00:48.081666+05:30	2
1328	Napierville	2018-08-10 13:00:49.19773+05:30	2018-08-10 13:00:49.19773+05:30	2
1329	Neuville	2018-08-10 13:00:50.278791+05:30	2018-08-10 13:00:50.278791+05:30	2
1330	New Richmond	2018-08-10 13:00:51.360853+05:30	2018-08-10 13:00:51.360853+05:30	2
1331	Nicolet	2018-08-10 13:00:52.442915+05:30	2018-08-10 13:00:52.442915+05:30	2
1332	Norbertville	2018-08-10 13:00:53.597981+05:30	2018-08-10 13:00:53.597981+05:30	2
1333	Normandin	2018-08-10 13:00:54.712045+05:30	2018-08-10 13:00:54.712045+05:30	2
1334	North Hatley	2018-08-10 13:00:55.825109+05:30	2018-08-10 13:00:55.825109+05:30	2
1335	Notre-Dame-de-l'le-Perrot	2018-08-10 13:00:56.959173+05:30	2018-08-10 13:00:56.959173+05:30	2
1336	Notre-Dame-des-Prairies	2018-08-10 13:00:58.105239+05:30	2018-08-10 13:00:58.105239+05:30	2
1337	Notre-Dame-du-Bon-Conseil	2018-08-10 13:00:59.763334+05:30	2018-08-10 13:00:59.763334+05:30	2
1338	Notre-Dame-du-Lac	2018-08-10 13:01:01.331424+05:30	2018-08-10 13:01:01.331424+05:30	2
1339	Omerville	2018-08-10 13:01:02.423486+05:30	2018-08-10 13:01:02.423486+05:30	2
1340	Otterburn Park	2018-08-10 13:01:03.504548+05:30	2018-08-10 13:01:03.504548+05:30	2
1341	Outremont	2018-08-10 13:01:04.58661+05:30	2018-08-10 13:01:04.58761+05:30	2
1342	Parent	2018-08-10 13:01:05.671672+05:30	2018-08-10 13:01:05.671672+05:30	2
1343	Paspbiac	2018-08-10 13:01:06.754734+05:30	2018-08-10 13:01:06.754734+05:30	2
1344	Perc	2018-08-10 13:01:07.836796+05:30	2018-08-10 13:01:07.836796+05:30	2
1345	Pierrefonds	2018-08-10 13:01:08.917857+05:30	2018-08-10 13:01:08.917857+05:30	2
1346	Pierreville	2018-08-10 13:01:10.042922+05:30	2018-08-10 13:01:10.042922+05:30	2
1347	Pincourt	2018-08-10 13:01:11.123984+05:30	2018-08-10 13:01:11.123984+05:30	2
1348	Plessisville	2018-08-10 13:01:12.240047+05:30	2018-08-10 13:01:12.240047+05:30	2
1349	Pohngamook	2018-08-10 13:01:13.345111+05:30	2018-08-10 13:01:13.345111+05:30	2
1350	Pointe-au-Pre	2018-08-10 13:01:14.428173+05:30	2018-08-10 13:01:14.428173+05:30	2
1351	Pointe-aux-Outardes	2018-08-10 13:01:16.053266+05:30	2018-08-10 13:01:16.053266+05:30	2
1352	Pointe-Claire	2018-08-10 13:01:17.742362+05:30	2018-08-10 13:01:17.742362+05:30	2
1353	Pointe-des-Cascades	2018-08-10 13:01:18.832425+05:30	2018-08-10 13:01:18.832425+05:30	2
1354	Pointe-Fortune	2018-08-10 13:01:19.916487+05:30	2018-08-10 13:01:19.916487+05:30	2
1355	Pointe-Lebel	2018-08-10 13:01:20.996548+05:30	2018-08-10 13:01:20.996548+05:30	2
1356	Pont-Rouge	2018-08-10 13:01:22.102612+05:30	2018-08-10 13:01:22.102612+05:30	2
1357	Port-Cartier	2018-08-10 13:01:23.188674+05:30	2018-08-10 13:01:23.188674+05:30	2
1358	Portage-du-Fort	2018-08-10 13:01:24.741763+05:30	2018-08-10 13:01:24.741763+05:30	2
1359	Portneuf	2018-08-10 13:01:25.824824+05:30	2018-08-10 13:01:25.824824+05:30	2
1360	Price	2018-08-10 13:01:26.906886+05:30	2018-08-10 13:01:26.906886+05:30	2
1361	Princeville	2018-08-10 13:01:27.988948+05:30	2018-08-10 13:01:27.988948+05:30	2
1362	Prvost	2018-08-10 13:01:29.104012+05:30	2018-08-10 13:01:29.104012+05:30	2
1363	Qubec	2018-08-10 13:01:30.658101+05:30	2018-08-10 13:01:30.658101+05:30	2
1364	Repentigny	2018-08-10 13:01:31.780165+05:30	2018-08-10 13:01:31.780165+05:30	2
1365	Richelieu	2018-08-10 13:01:33.376256+05:30	2018-08-10 13:01:33.376256+05:30	2
1366	Richmond	2018-08-10 13:01:34.457318+05:30	2018-08-10 13:01:34.457318+05:30	2
1367	Rimouski	2018-08-10 13:01:35.53838+05:30	2018-08-10 13:01:35.53838+05:30	2
1368	Rimouski-Est	2018-08-10 13:01:36.643443+05:30	2018-08-10 13:01:36.643443+05:30	2
1369	Rivire-du-Loup	2018-08-10 13:01:37.728505+05:30	2018-08-10 13:01:37.728505+05:30	2
1370	Rivire-Rouge	2018-08-10 13:01:38.831568+05:30	2018-08-10 13:01:38.831568+05:30	2
1371	Robertsonville	2018-08-10 13:01:39.91263+05:30	2018-08-10 13:01:39.91263+05:30	2
1372	Roberval	2018-08-10 13:01:41.000692+05:30	2018-08-10 13:01:41.000692+05:30	2
1373	Rock Forest	2018-08-10 13:01:42.080754+05:30	2018-08-10 13:01:42.080754+05:30	2
1374	Rosemre	2018-08-10 13:01:43.161816+05:30	2018-08-10 13:01:43.161816+05:30	2
1375	Rouyn-Noranda	2018-08-10 13:01:44.292881+05:30	2018-08-10 13:01:44.292881+05:30	2
1376	Roxboro	2018-08-10 13:01:47.315054+05:30	2018-08-10 13:01:47.315054+05:30	2
1377	Roxton Falls	2018-08-10 13:01:48.394115+05:30	2018-08-10 13:01:48.394115+05:30	2
1378	Saguenay	2018-08-10 13:01:49.480177+05:30	2018-08-10 13:01:49.481178+05:30	2
1379	Saint-Alexis	2018-08-10 13:01:50.586241+05:30	2018-08-10 13:01:50.586241+05:30	2
1380	Saint-Andr-du-Lac-Saint-Jean	2018-08-10 13:01:51.705305+05:30	2018-08-10 13:01:51.705305+05:30	2
1381	Saint-Antoine	2018-08-10 13:01:52.801367+05:30	2018-08-10 13:01:52.801367+05:30	2
1382	Saint-Augustin-de-Desmaures	2018-08-10 13:01:53.937432+05:30	2018-08-10 13:01:53.937432+05:30	2
1383	Saint-Basile	2018-08-10 13:01:55.494521+05:30	2018-08-10 13:01:55.494521+05:30	2
1384	Saint-Basile-le-Grand	2018-08-10 13:01:56.592584+05:30	2018-08-10 13:01:56.592584+05:30	2
1385	Saint-Bruno-de-Montarville	2018-08-10 13:01:57.709648+05:30	2018-08-10 13:01:57.709648+05:30	2
1386	Saint-Constant	2018-08-10 13:01:58.79071+05:30	2018-08-10 13:01:58.79071+05:30	2
1387	Saint-Clestin	2018-08-10 13:01:59.870772+05:30	2018-08-10 13:01:59.870772+05:30	2
1388	Saint-Csaire	2018-08-10 13:02:00.952834+05:30	2018-08-10 13:02:00.953834+05:30	2
1389	Saint-Damase	2018-08-10 13:02:02.033895+05:30	2018-08-10 13:02:02.033895+05:30	2
1390	Saint-Eustache	2018-08-10 13:02:03.115957+05:30	2018-08-10 13:02:03.115957+05:30	2
1391	Saint-Flicien	2018-08-10 13:02:04.20402+05:30	2018-08-10 13:02:04.20402+05:30	2
1392	Saint-Gabriel	2018-08-10 13:02:05.289082+05:30	2018-08-10 13:02:05.289082+05:30	2
1393	Saint-Georges	2018-08-10 13:02:06.392145+05:30	2018-08-10 13:02:06.392145+05:30	2
1394	Saint-Georges-de-Cacouna	2018-08-10 13:02:07.546211+05:30	2018-08-10 13:02:07.546211+05:30	2
1395	Saint-Hubert	2018-08-10 13:02:08.637273+05:30	2018-08-10 13:02:08.637273+05:30	2
1396	Saint-Hyacinthe	2018-08-10 13:02:09.769338+05:30	2018-08-10 13:02:09.770338+05:30	2
1397	Saint-Jean-Chrysostome	2018-08-10 13:02:10.8504+05:30	2018-08-10 13:02:10.8504+05:30	2
1398	Saint-Jean-sur-Richelieu	2018-08-10 13:02:11.933462+05:30	2018-08-10 13:02:11.933462+05:30	2
1399	Saint-Joseph-de-Beauce	2018-08-10 13:02:13.013523+05:30	2018-08-10 13:02:13.013523+05:30	2
1400	Saint-Joseph-de-la-Rive	2018-08-10 13:02:14.094585+05:30	2018-08-10 13:02:14.094585+05:30	2
1401	Saint-Joseph-de-Sorel	2018-08-10 13:02:15.174647+05:30	2018-08-10 13:02:15.175647+05:30	2
1402	Saint-Jrme	2018-08-10 13:02:16.28171+05:30	2018-08-10 13:02:16.28171+05:30	2
1403	Saint-Lambert	2018-08-10 13:02:17.362772+05:30	2018-08-10 13:02:17.362772+05:30	2
1404	Saint-Laurent	2018-08-10 13:02:18.445834+05:30	2018-08-10 13:02:18.445834+05:30	2
1405	Saint-Lazare	2018-08-10 13:02:19.527896+05:30	2018-08-10 13:02:19.527896+05:30	2
1406	Saint-Lin--Laurentides	2018-08-10 13:02:20.625959+05:30	2018-08-10 13:02:20.625959+05:30	2
1407	Saint-Louis-de-France	2018-08-10 13:02:21.721022+05:30	2018-08-10 13:02:21.721022+05:30	2
1408	Saint-Luc	2018-08-10 13:02:22.807084+05:30	2018-08-10 13:02:22.807084+05:30	2
1409	Saint-Lonard	2018-08-10 13:02:24.401175+05:30	2018-08-10 13:02:24.401175+05:30	2
1410	Saint-Marc-des-Carrires	2018-08-10 13:02:25.528239+05:30	2018-08-10 13:02:25.528239+05:30	2
1411	Saint-Nicolas	2018-08-10 13:02:26.717307+05:30	2018-08-10 13:02:26.717307+05:30	2
1412	Saint-Nicphore	2018-08-10 13:02:27.884374+05:30	2018-08-10 13:02:27.884374+05:30	2
1413	Saint-Nol	2018-08-10 13:02:29.588472+05:30	2018-08-10 13:02:29.588472+05:30	2
1414	Saint-Ours	2018-08-10 13:02:30.717536+05:30	2018-08-10 13:02:30.717536+05:30	2
1415	Saint-Pamphile	2018-08-10 13:02:32.862659+05:30	2018-08-10 13:02:32.862659+05:30	2
1416	Saint-Pascal	2018-08-10 13:02:34.016725+05:30	2018-08-10 13:02:34.016725+05:30	2
1417	Saint-Pie	2018-08-10 13:02:35.692821+05:30	2018-08-10 13:02:35.692821+05:30	2
1418	Saint-Pierre	2018-08-10 13:02:36.880889+05:30	2018-08-10 13:02:36.880889+05:30	2
1419	Saint-Raymond	2018-08-10 13:02:38.040955+05:30	2018-08-10 13:02:38.040955+05:30	2
1420	Saint-Romuald	2018-08-10 13:02:39.223023+05:30	2018-08-10 13:02:39.223023+05:30	2
1421	Saint-Rdempteur	2018-08-10 13:02:40.894118+05:30	2018-08-10 13:02:40.894118+05:30	2
1422	Saint-Rmi	2018-08-10 13:02:43.065242+05:30	2018-08-10 13:02:43.065242+05:30	2
1423	Saint-Sauveur	2018-08-10 13:02:44.25231+05:30	2018-08-10 13:02:44.25231+05:30	2
1424	Saint-Sauveur-des-Monts	2018-08-10 13:02:45.433378+05:30	2018-08-10 13:02:45.433378+05:30	2
1425	Saint-Simon	2018-08-10 13:02:46.626446+05:30	2018-08-10 13:02:46.626446+05:30	2
1426	Saint-Timothe	2018-08-10 13:02:47.797513+05:30	2018-08-10 13:02:47.797513+05:30	2
1427	Saint-Tite	2018-08-10 13:02:49.960637+05:30	2018-08-10 13:02:49.960637+05:30	2
1428	Saint-Zotique	2018-08-10 13:02:51.0667+05:30	2018-08-10 13:02:51.0667+05:30	2
1429	Saint-mile	2018-08-10 13:02:52.222766+05:30	2018-08-10 13:02:52.222766+05:30	2
1430	Sainte-Adle	2018-08-10 13:02:53.888861+05:30	2018-08-10 13:02:53.888861+05:30	2
1431	Sainte-Agathe-des-Monts	2018-08-10 13:02:55.045928+05:30	2018-08-10 13:02:55.045928+05:30	2
1432	Sainte-Anne-de-Beaupr	2018-08-10 13:02:56.186993+05:30	2018-08-10 13:02:56.186993+05:30	2
1433	Sainte-Anne-de-Bellevue	2018-08-10 13:02:57.36306+05:30	2018-08-10 13:02:57.36306+05:30	2
1434	Sainte-Anne-des-Monts	2018-08-10 13:03:00.50024+05:30	2018-08-10 13:03:00.50024+05:30	2
1435	Sainte-Anne-des-Plaines	2018-08-10 13:03:02.318344+05:30	2018-08-10 13:03:02.318344+05:30	2
1436	Sainte-Anne-du-Lac	2018-08-10 13:03:04.463466+05:30	2018-08-10 13:03:04.463466+05:30	2
1437	Sainte-Catherine	2018-08-10 13:03:05.614532+05:30	2018-08-10 13:03:05.614532+05:30	2
1438	Sainte-Catherine-de-la-Jacques-Cartier	2018-08-10 13:03:07.288628+05:30	2018-08-10 13:03:07.288628+05:30	2
1439	Sainte-Croix	2018-08-10 13:03:09.494754+05:30	2018-08-10 13:03:09.494754+05:30	2
1440	Sainte-Foy	2018-08-10 13:03:10.592817+05:30	2018-08-10 13:03:10.592817+05:30	2
1441	Sainte-Genevive	2018-08-10 13:03:12.207909+05:30	2018-08-10 13:03:12.207909+05:30	2
1442	Sainte-Jeanne-d'Arc	2018-08-10 13:03:13.340974+05:30	2018-08-10 13:03:13.340974+05:30	2
1443	Sainte-Julie	2018-08-10 13:03:14.440037+05:30	2018-08-10 13:03:14.440037+05:30	2
1444	Sainte-Madeleine	2018-08-10 13:03:15.593103+05:30	2018-08-10 13:03:15.593103+05:30	2
1445	Sainte-Marguerite-du-Lac-Masson	2018-08-10 13:03:16.758169+05:30	2018-08-10 13:03:16.758169+05:30	2
1446	Sainte-Marie	2018-08-10 13:03:17.957238+05:30	2018-08-10 13:03:17.957238+05:30	2
1447	Sainte-Marthe-du-Cap	2018-08-10 13:03:19.600332+05:30	2018-08-10 13:03:19.600332+05:30	2
1448	Sainte-Marthe-sur-le-Lac	2018-08-10 13:03:20.799401+05:30	2018-08-10 13:03:20.799401+05:30	2
1449	Sainte-Ptronille	2018-08-10 13:03:21.941466+05:30	2018-08-10 13:03:21.941466+05:30	2
1450	Sainte-Rosalie	2018-08-10 13:03:23.59456+05:30	2018-08-10 13:03:23.59456+05:30	2
1451	Sainte-Thrse	2018-08-10 13:03:24.780628+05:30	2018-08-10 13:03:24.780628+05:30	2
1452	Sainte-Vronique	2018-08-10 13:03:25.933694+05:30	2018-08-10 13:03:25.933694+05:30	2
1453	Salaberry-de-Valleyfield	2018-08-10 13:03:27.59879+05:30	2018-08-10 13:03:27.59879+05:30	2
1454	Sawyerville	2018-08-10 13:03:32.67808+05:30	2018-08-10 13:03:32.67808+05:30	2
1455	Schefferville	2018-08-10 13:03:33.758142+05:30	2018-08-10 13:03:33.758142+05:30	2
1456	Scotstown	2018-08-10 13:03:34.857205+05:30	2018-08-10 13:03:34.857205+05:30	2
1457	Senneterre	2018-08-10 13:03:36.00427+05:30	2018-08-10 13:03:36.00427+05:30	2
1458	Senneville	2018-08-10 13:03:37.58136+05:30	2018-08-10 13:03:37.58136+05:30	2
1459	Sept-les	2018-08-10 13:03:38.740427+05:30	2018-08-10 13:03:38.740427+05:30	2
1460	Shawinigan	2018-08-10 13:03:39.940495+05:30	2018-08-10 13:03:39.940495+05:30	2
1461	Shawinigan-Sud	2018-08-10 13:03:41.157565+05:30	2018-08-10 13:03:41.157565+05:30	2
1462	Sherbrooke	2018-08-10 13:03:43.306688+05:30	2018-08-10 13:03:43.306688+05:30	2
1463	Sillery	2018-08-10 13:03:44.38975+05:30	2018-08-10 13:03:44.38975+05:30	2
1464	Sorel-Tracy	2018-08-10 13:03:45.473812+05:30	2018-08-10 13:03:45.473812+05:30	2
1465	Stanstead	2018-08-10 13:03:46.553874+05:30	2018-08-10 13:03:46.553874+05:30	2
1466	Stukely-Sud	2018-08-10 13:03:47.662937+05:30	2018-08-10 13:03:47.662937+05:30	2
1467	Sutton	2018-08-10 13:03:48.746999+05:30	2018-08-10 13:03:48.746999+05:30	2
1468	Tadoussac	2018-08-10 13:03:49.830061+05:30	2018-08-10 13:03:49.830061+05:30	2
1469	Taschereau	2018-08-10 13:03:50.942125+05:30	2018-08-10 13:03:50.942125+05:30	2
1470	Terrebonne	2018-08-10 13:03:52.022186+05:30	2018-08-10 13:03:52.022186+05:30	2
1471	Thetford Mines	2018-08-10 13:03:53.103248+05:30	2018-08-10 13:03:53.103248+05:30	2
1472	Thurso	2018-08-10 13:03:54.18631+05:30	2018-08-10 13:03:54.18631+05:30	2
1473	Tring-Jonction	2018-08-10 13:03:55.785402+05:30	2018-08-10 13:03:55.785402+05:30	2
1474	Trois-Pistoles	2018-08-10 13:03:56.922467+05:30	2018-08-10 13:03:56.922467+05:30	2
1475	Trois-Rivires	2018-08-10 13:03:58.123535+05:30	2018-08-10 13:03:58.123535+05:30	2
1476	Trois-Rivires-Ouest	2018-08-10 13:04:00.336662+05:30	2018-08-10 13:04:00.336662+05:30	2
1477	Tmiscaming	2018-08-10 13:04:01.506729+05:30	2018-08-10 13:04:01.507729+05:30	2
1478	Tmiscouata-sur-le-Lac	2018-08-10 13:04:02.588791+05:30	2018-08-10 13:04:02.589791+05:30	2
1479	Val-Barrette	2018-08-10 13:04:03.668853+05:30	2018-08-10 13:04:03.669853+05:30	2
1480	Val-Blair	2018-08-10 13:04:04.770916+05:30	2018-08-10 13:04:04.770916+05:30	2
1481	Val-d'Or	2018-08-10 13:04:05.886979+05:30	2018-08-10 13:04:05.886979+05:30	2
1482	Val-David	2018-08-10 13:04:07.052046+05:30	2018-08-10 13:04:07.052046+05:30	2
1483	Valcourt	2018-08-10 13:04:08.199112+05:30	2018-08-10 13:04:08.199112+05:30	2
1484	Vanier	2018-08-10 13:04:09.361178+05:30	2018-08-10 13:04:09.361178+05:30	2
1485	Varennes	2018-08-10 13:04:11.479299+05:30	2018-08-10 13:04:11.479299+05:30	2
1486	Vaudreuil-Dorion	2018-08-10 13:04:12.560361+05:30	2018-08-10 13:04:12.560361+05:30	2
1487	Vaudreuil-sur-le-Lac	2018-08-10 13:04:13.645423+05:30	2018-08-10 13:04:13.645423+05:30	2
1488	Verdun	2018-08-10 13:04:14.733485+05:30	2018-08-10 13:04:14.733485+05:30	2
1489	Victoriaville	2018-08-10 13:04:15.827548+05:30	2018-08-10 13:04:15.827548+05:30	2
1490	Ville-Marie	2018-08-10 13:04:16.945612+05:30	2018-08-10 13:04:16.945612+05:30	2
1491	Warden	2018-08-10 13:04:18.054675+05:30	2018-08-10 13:04:18.054675+05:30	2
1492	Warwick	2018-08-10 13:04:19.199741+05:30	2018-08-10 13:04:19.199741+05:30	2
1493	Waterloo	2018-08-10 13:04:20.323805+05:30	2018-08-10 13:04:20.323805+05:30	2
1494	Waterville	2018-08-10 13:04:21.403867+05:30	2018-08-10 13:04:21.403867+05:30	2
1495	Westmount	2018-08-10 13:04:22.493929+05:30	2018-08-10 13:04:22.493929+05:30	2
1496	Windsor	2018-08-10 13:04:23.574991+05:30	2018-08-10 13:04:23.574991+05:30	2
1497	Yamaska	2018-08-10 13:04:24.691055+05:30	2018-08-10 13:04:24.691055+05:30	2
1498	Yamaska-Est	2018-08-10 13:04:25.82912+05:30	2018-08-10 13:04:25.82912+05:30	2
1499	Aberdeen	2018-08-10 13:07:45.176522+05:30	2018-08-10 13:07:45.176522+05:30	14
1500	Abernethy	2018-08-10 13:07:46.941623+05:30	2018-08-10 13:07:46.941623+05:30	14
1501	Admiral	2018-08-10 13:07:48.623719+05:30	2018-08-10 13:07:48.623719+05:30	14
1502	Alameda	2018-08-10 13:07:50.852847+05:30	2018-08-10 13:07:50.852847+05:30	14
1503	Albertville	2018-08-10 13:07:52.041915+05:30	2018-08-10 13:07:52.041915+05:30	14
1504	Alice Beach	2018-08-10 13:07:53.238983+05:30	2018-08-10 13:07:53.238983+05:30	14
1505	Alida	2018-08-10 13:07:55.403107+05:30	2018-08-10 13:07:55.403107+05:30	14
1506	Allan	2018-08-10 13:07:57.120205+05:30	2018-08-10 13:07:57.120205+05:30	14
1507	Alsask	2018-08-10 13:07:58.313274+05:30	2018-08-10 13:07:58.313274+05:30	14
1508	Alvena	2018-08-10 13:07:59.989369+05:30	2018-08-10 13:07:59.989369+05:30	14
1509	Aneroid	2018-08-10 13:08:01.721468+05:30	2018-08-10 13:08:01.721468+05:30	14
1510	Annaheim	2018-08-10 13:08:02.947539+05:30	2018-08-10 13:08:02.947539+05:30	14
1511	Antler	2018-08-10 13:08:04.150607+05:30	2018-08-10 13:08:04.151607+05:30	14
1512	Aquadeo	2018-08-10 13:08:05.443681+05:30	2018-08-10 13:08:05.443681+05:30	14
1513	Arborfield	2018-08-10 13:08:07.676809+05:30	2018-08-10 13:08:07.676809+05:30	14
1514	Archerwill	2018-08-10 13:08:08.833875+05:30	2018-08-10 13:08:08.833875+05:30	14
1515	Arcola	2018-08-10 13:08:10.48697+05:30	2018-08-10 13:08:10.48697+05:30	14
1516	Arelee	2018-08-10 13:08:11.684038+05:30	2018-08-10 13:08:11.684038+05:30	14
1517	Arran	2018-08-10 13:08:12.864106+05:30	2018-08-10 13:08:12.864106+05:30	14
1518	Asquith	2018-08-10 13:08:14.556203+05:30	2018-08-10 13:08:14.556203+05:30	14
1519	Assiniboia	2018-08-10 13:08:15.761271+05:30	2018-08-10 13:08:15.761271+05:30	14
1520	Atwater	2018-08-10 13:08:17.468369+05:30	2018-08-10 13:08:17.468369+05:30	14
1521	Avonlea	2018-08-10 13:08:18.614435+05:30	2018-08-10 13:08:18.614435+05:30	14
1522	Aylesbury	2018-08-10 13:08:19.804503+05:30	2018-08-10 13:08:19.804503+05:30	14
1523	Aylsham	2018-08-10 13:08:21.517601+05:30	2018-08-10 13:08:21.517601+05:30	14
1524	B-Say-Tah	2018-08-10 13:08:22.752671+05:30	2018-08-10 13:08:22.753671+05:30	14
1525	Balcarres	2018-08-10 13:08:23.918738+05:30	2018-08-10 13:08:23.918738+05:30	14
1526	Balgonie	2018-08-10 13:08:25.083805+05:30	2018-08-10 13:08:25.083805+05:30	14
1527	Bangor	2018-08-10 13:08:26.259872+05:30	2018-08-10 13:08:26.259872+05:30	14
1528	Battleford	2018-08-10 13:08:27.434939+05:30	2018-08-10 13:08:27.434939+05:30	14
1529	Beatty	2018-08-10 13:08:28.652009+05:30	2018-08-10 13:08:28.652009+05:30	14
1530	Beaver Flat	2018-08-10 13:08:29.785074+05:30	2018-08-10 13:08:29.785074+05:30	14
1531	Beechy	2018-08-10 13:08:30.998143+05:30	2018-08-10 13:08:30.998143+05:30	14
1532	Belle Plaine	2018-08-10 13:08:32.116207+05:30	2018-08-10 13:08:32.116207+05:30	14
1533	Bengough	2018-08-10 13:08:33.779302+05:30	2018-08-10 13:08:33.779302+05:30	14
1534	Benson	2018-08-10 13:08:35.440397+05:30	2018-08-10 13:08:35.440397+05:30	14
1535	Bethune	2018-08-10 13:08:36.601463+05:30	2018-08-10 13:08:36.601463+05:30	14
1536	Bienfait	2018-08-10 13:08:37.817533+05:30	2018-08-10 13:08:37.817533+05:30	14
1537	Big River	2018-08-10 13:08:39.002601+05:30	2018-08-10 13:08:39.002601+05:30	14
1538	Big Shell	2018-08-10 13:08:40.21367+05:30	2018-08-10 13:08:40.21367+05:30	14
1539	Biggar	2018-08-10 13:08:41.885766+05:30	2018-08-10 13:08:41.885766+05:30	14
1540	Birch Hills	2018-08-10 13:08:43.074834+05:30	2018-08-10 13:08:43.074834+05:30	14
1541	Bird's Point	2018-08-10 13:08:45.27496+05:30	2018-08-10 13:08:45.27496+05:30	14
1542	Birsay	2018-08-10 13:08:46.965056+05:30	2018-08-10 13:08:46.965056+05:30	14
1543	Bjorkdale	2018-08-10 13:08:48.60315+05:30	2018-08-10 13:08:48.60315+05:30	14
1544	Bladworth	2018-08-10 13:08:50.755273+05:30	2018-08-10 13:08:50.755273+05:30	14
1545	Blaine Lake	2018-08-10 13:08:52.466371+05:30	2018-08-10 13:08:52.466371+05:30	14
1546	Borden	2018-08-10 13:08:53.68044+05:30	2018-08-10 13:08:53.68044+05:30	14
1547	Bracken	2018-08-10 13:08:55.364537+05:30	2018-08-10 13:08:55.364537+05:30	14
1548	Bradwell	2018-08-10 13:08:57.040633+05:30	2018-08-10 13:08:57.040633+05:30	14
1549	Bredenbury	2018-08-10 13:08:58.283704+05:30	2018-08-10 13:08:58.283704+05:30	14
1550	Briercrest	2018-08-10 13:08:59.487772+05:30	2018-08-10 13:08:59.487772+05:30	14
1551	Broadview	2018-08-10 13:09:01.229872+05:30	2018-08-10 13:09:01.229872+05:30	14
1552	Brock	2018-08-10 13:09:02.42094+05:30	2018-08-10 13:09:02.42194+05:30	14
1553	Broderick	2018-08-10 13:09:03.566006+05:30	2018-08-10 13:09:03.566006+05:30	14
1554	Brownlee	2018-08-10 13:09:05.241102+05:30	2018-08-10 13:09:05.241102+05:30	14
1555	Bruno	2018-08-10 13:09:06.448171+05:30	2018-08-10 13:09:06.448171+05:30	14
1556	Buchanan	2018-08-10 13:09:07.66324+05:30	2018-08-10 13:09:07.66324+05:30	14
1557	Buena Vista	2018-08-10 13:09:09.337336+05:30	2018-08-10 13:09:09.337336+05:30	14
1558	Bulyea	2018-08-10 13:09:11.044433+05:30	2018-08-10 13:09:11.044433+05:30	14
1559	Burstall	2018-08-10 13:09:12.268504+05:30	2018-08-10 13:09:12.268504+05:30	14
1560	Cabri	2018-08-10 13:09:13.484573+05:30	2018-08-10 13:09:13.484573+05:30	14
1561	Cadillac	2018-08-10 13:09:15.205672+05:30	2018-08-10 13:09:15.205672+05:30	14
1562	Calder	2018-08-10 13:09:16.417741+05:30	2018-08-10 13:09:16.417741+05:30	14
1563	Candle Lake	2018-08-10 13:09:17.62981+05:30	2018-08-10 13:09:17.62981+05:30	14
1564	Cando	2018-08-10 13:09:18.805877+05:30	2018-08-10 13:09:18.805877+05:30	14
1565	Canora	2018-08-10 13:09:20.028947+05:30	2018-08-10 13:09:20.028947+05:30	14
1566	Canwood	2018-08-10 13:09:21.725044+05:30	2018-08-10 13:09:21.725044+05:30	14
1567	Carievale	2018-08-10 13:09:23.430142+05:30	2018-08-10 13:09:23.430142+05:30	14
1568	Carlyle	2018-08-10 13:09:24.610209+05:30	2018-08-10 13:09:24.610209+05:30	14
1569	Carmichael	2018-08-10 13:09:26.284305+05:30	2018-08-10 13:09:26.284305+05:30	14
1570	Carnduff	2018-08-10 13:09:27.503375+05:30	2018-08-10 13:09:27.503375+05:30	14
1571	Caronport	2018-08-10 13:09:28.714444+05:30	2018-08-10 13:09:28.714444+05:30	14
1572	Carrot River	2018-08-10 13:09:30.428542+05:30	2018-08-10 13:09:30.428542+05:30	14
1573	Central Butte	2018-08-10 13:09:32.097638+05:30	2018-08-10 13:09:32.097638+05:30	14
1574	Ceylon	2018-08-10 13:09:33.326708+05:30	2018-08-10 13:09:33.326708+05:30	14
1575	Chamberlain	2018-08-10 13:09:35.010804+05:30	2018-08-10 13:09:35.010804+05:30	14
1576	Chaplin	2018-08-10 13:09:36.702901+05:30	2018-08-10 13:09:36.702901+05:30	14
1577	Chitek Lake	2018-08-10 13:09:37.89997+05:30	2018-08-10 13:09:37.89997+05:30	14
1578	Choiceland	2018-08-10 13:09:39.583066+05:30	2018-08-10 13:09:39.583066+05:30	14
1579	Chorney Beach	2018-08-10 13:09:40.810136+05:30	2018-08-10 13:09:40.810136+05:30	14
1580	Christopher Lake	2018-08-10 13:09:42.509233+05:30	2018-08-10 13:09:42.509233+05:30	14
1581	Churchbridge	2018-08-10 13:09:44.248333+05:30	2018-08-10 13:09:44.248333+05:30	14
1582	Clavet	2018-08-10 13:09:45.477403+05:30	2018-08-10 13:09:45.477403+05:30	14
1583	Climax	2018-08-10 13:09:47.680529+05:30	2018-08-10 13:09:47.680529+05:30	14
1584	Cochin	2018-08-10 13:09:48.870597+05:30	2018-08-10 13:09:48.870597+05:30	14
1585	Coderre	2018-08-10 13:09:50.569694+05:30	2018-08-10 13:09:50.569694+05:30	14
1586	Codette	2018-08-10 13:09:51.782764+05:30	2018-08-10 13:09:51.782764+05:30	14
1587	Coleville	2018-08-10 13:09:53.038835+05:30	2018-08-10 13:09:53.038835+05:30	14
1588	Colonsay	2018-08-10 13:09:54.264906+05:30	2018-08-10 13:09:54.264906+05:30	14
1589	Conquest	2018-08-10 13:09:55.898999+05:30	2018-08-10 13:09:55.899999+05:30	14
1590	Consul	2018-08-10 13:09:57.053065+05:30	2018-08-10 13:09:57.053065+05:30	14
1591	Coronach	2018-08-10 13:09:58.214131+05:30	2018-08-10 13:09:58.214131+05:30	14
1592	Coteau Beach	2018-08-10 13:09:59.380198+05:30	2018-08-10 13:09:59.380198+05:30	14
1593	Craik	2018-08-10 13:10:00.578267+05:30	2018-08-10 13:10:00.578267+05:30	14
1594	Craven	2018-08-10 13:10:02.315366+05:30	2018-08-10 13:10:02.315366+05:30	14
1595	Creelman	2018-08-10 13:10:03.484433+05:30	2018-08-10 13:10:03.484433+05:30	14
1596	Creighton	2018-08-10 13:10:04.681501+05:30	2018-08-10 13:10:04.681501+05:30	14
1597	Cudworth	2018-08-10 13:10:05.841568+05:30	2018-08-10 13:10:05.841568+05:30	14
1598	Cupar	2018-08-10 13:10:06.996634+05:30	2018-08-10 13:10:06.996634+05:30	14
1599	Cut Knife	2018-08-10 13:10:08.165701+05:30	2018-08-10 13:10:08.165701+05:30	14
1600	Dafoe	2018-08-10 13:10:09.314766+05:30	2018-08-10 13:10:09.314766+05:30	14
1601	Dalmeny	2018-08-10 13:10:11.029864+05:30	2018-08-10 13:10:11.029864+05:30	14
1602	Davidson	2018-08-10 13:10:12.202932+05:30	2018-08-10 13:10:12.202932+05:30	14
1603	Debden	2018-08-10 13:10:13.915029+05:30	2018-08-10 13:10:13.915029+05:30	14
1604	Delisle	2018-08-10 13:10:15.104097+05:30	2018-08-10 13:10:15.104097+05:30	14
1605	Denholm	2018-08-10 13:10:17.277222+05:30	2018-08-10 13:10:17.277222+05:30	14
1606	Denzil	2018-08-10 13:10:18.953318+05:30	2018-08-10 13:10:18.953318+05:30	14
1607	Dilke	2018-08-10 13:10:20.628413+05:30	2018-08-10 13:10:20.628413+05:30	14
1608	Dinsmore	2018-08-10 13:10:21.801481+05:30	2018-08-10 13:10:21.801481+05:30	14
1609	Disley	2018-08-10 13:10:22.998549+05:30	2018-08-10 13:10:22.998549+05:30	14
1610	Dodsland	2018-08-10 13:10:24.206618+05:30	2018-08-10 13:10:24.206618+05:30	14
1611	Dollard	2018-08-10 13:10:25.920716+05:30	2018-08-10 13:10:25.920716+05:30	14
1612	Domremy	2018-08-10 13:10:27.624814+05:30	2018-08-10 13:10:27.624814+05:30	14
1613	Dorintosh	2018-08-10 13:10:29.856941+05:30	2018-08-10 13:10:29.856941+05:30	14
1614	Drake	2018-08-10 13:10:31.082011+05:30	2018-08-10 13:10:31.082011+05:30	14
1615	Drinkwater	2018-08-10 13:10:32.315082+05:30	2018-08-10 13:10:32.315082+05:30	14
1616	Dubuc	2018-08-10 13:10:35.236249+05:30	2018-08-10 13:10:35.236249+05:30	14
1617	Duck Lake	2018-08-10 13:10:36.465319+05:30	2018-08-10 13:10:36.465319+05:30	14
1618	Duff	2018-08-10 13:10:39.241478+05:30	2018-08-10 13:10:39.242478+05:30	14
1619	Dundurn	2018-08-10 13:10:40.417545+05:30	2018-08-10 13:10:40.417545+05:30	14
1620	Duval	2018-08-10 13:10:42.120643+05:30	2018-08-10 13:10:42.120643+05:30	14
1621	Dysart	2018-08-10 13:10:43.338712+05:30	2018-08-10 13:10:43.338712+05:30	14
1622	Earl Grey	2018-08-10 13:10:45.005808+05:30	2018-08-10 13:10:45.005808+05:30	14
1623	Eastend	2018-08-10 13:10:46.160874+05:30	2018-08-10 13:10:46.160874+05:30	14
1624	Eatonia	2018-08-10 13:10:47.347942+05:30	2018-08-10 13:10:47.347942+05:30	14
1625	Ebenezer	2018-08-10 13:10:49.06104+05:30	2018-08-10 13:10:49.06104+05:30	14
1626	Echo Bay	2018-08-10 13:10:50.252108+05:30	2018-08-10 13:10:50.252108+05:30	14
1627	Edam	2018-08-10 13:10:51.453177+05:30	2018-08-10 13:10:51.454177+05:30	14
1628	Edenwold	2018-08-10 13:10:52.646245+05:30	2018-08-10 13:10:52.646245+05:30	14
1629	Elbow	2018-08-10 13:10:53.79431+05:30	2018-08-10 13:10:53.79431+05:30	14
1630	Elfros	2018-08-10 13:10:54.973378+05:30	2018-08-10 13:10:54.973378+05:30	14
1631	Elrose	2018-08-10 13:10:58.15556+05:30	2018-08-10 13:10:58.15556+05:30	14
1632	Elstow	2018-08-10 13:10:59.313626+05:30	2018-08-10 13:10:59.313626+05:30	14
1633	Endeavour	2018-08-10 13:11:00.483693+05:30	2018-08-10 13:11:00.483693+05:30	14
1634	Englefeld	2018-08-10 13:11:02.639816+05:30	2018-08-10 13:11:02.639816+05:30	14
1635	Ernfold	2018-08-10 13:11:04.326913+05:30	2018-08-10 13:11:04.326913+05:30	14
1636	Esterhazy	2018-08-10 13:11:05.529982+05:30	2018-08-10 13:11:05.529982+05:30	14
1637	Estevan	2018-08-10 13:11:07.272081+05:30	2018-08-10 13:11:07.272081+05:30	14
1638	Eston	2018-08-10 13:11:08.99618+05:30	2018-08-10 13:11:08.99618+05:30	14
1639	Etters Beach	2018-08-10 13:11:12.265367+05:30	2018-08-10 13:11:12.265367+05:30	14
1640	Eyebrow	2018-08-10 13:11:13.491437+05:30	2018-08-10 13:11:13.491437+05:30	14
1641	Fairlight	2018-08-10 13:11:14.716507+05:30	2018-08-10 13:11:14.716507+05:30	14
1642	Fenwood	2018-08-10 13:11:16.459607+05:30	2018-08-10 13:11:16.459607+05:30	14
1643	Fife Lake	2018-08-10 13:11:17.701678+05:30	2018-08-10 13:11:17.702678+05:30	14
1644	Fillmore	2018-08-10 13:11:18.902747+05:30	2018-08-10 13:11:18.902747+05:30	14
1645	Findlater	2018-08-10 13:11:20.101815+05:30	2018-08-10 13:11:20.101815+05:30	14
1646	Flaxcombe	2018-08-10 13:11:21.250881+05:30	2018-08-10 13:11:21.250881+05:30	14
1647	Fleming	2018-08-10 13:11:22.472951+05:30	2018-08-10 13:11:22.472951+05:30	14
1648	Flin Flon (Part)	2018-08-10 13:11:23.658019+05:30	2018-08-10 13:11:23.658019+05:30	14
1649	Foam Lake	2018-08-10 13:11:24.875088+05:30	2018-08-10 13:11:24.875088+05:30	14
1650	Forget	2018-08-10 13:11:26.13616+05:30	2018-08-10 13:11:26.13616+05:30	14
1651	Fort Qu'Appelle	2018-08-10 13:11:28.345287+05:30	2018-08-10 13:11:28.345287+05:30	14
1652	Fort San	2018-08-10 13:11:30.064385+05:30	2018-08-10 13:11:30.064385+05:30	14
1653	Fosston	2018-08-10 13:11:31.243452+05:30	2018-08-10 13:11:31.243452+05:30	14
1654	Fox Valley	2018-08-10 13:11:33.073557+05:30	2018-08-10 13:11:33.073557+05:30	14
1655	Francis	2018-08-10 13:11:34.297627+05:30	2018-08-10 13:11:34.297627+05:30	14
1656	Frobisher	2018-08-10 13:11:35.553699+05:30	2018-08-10 13:11:35.553699+05:30	14
1657	Frontier	2018-08-10 13:11:36.80377+05:30	2018-08-10 13:11:36.80377+05:30	14
1658	Gainsborough	2018-08-10 13:11:37.997839+05:30	2018-08-10 13:11:37.997839+05:30	14
1659	Gerald	2018-08-10 13:11:39.215908+05:30	2018-08-10 13:11:39.215908+05:30	14
1660	Girvin	2018-08-10 13:11:41.86606+05:30	2018-08-10 13:11:41.86606+05:30	14
1661	Gladmar	2018-08-10 13:11:43.036127+05:30	2018-08-10 13:11:43.036127+05:30	14
1662	Glaslyn	2018-08-10 13:11:44.214194+05:30	2018-08-10 13:11:44.214194+05:30	14
1663	Glen Ewen	2018-08-10 13:11:45.402262+05:30	2018-08-10 13:11:45.402262+05:30	14
1664	Glen Harbour	2018-08-10 13:11:46.625332+05:30	2018-08-10 13:11:46.625332+05:30	14
1665	Glenavon	2018-08-10 13:11:48.33143+05:30	2018-08-10 13:11:48.33143+05:30	14
1666	Glenside	2018-08-10 13:11:54.233767+05:30	2018-08-10 13:11:54.233767+05:30	14
1667	Golden Prairie	2018-08-10 13:11:55.870861+05:30	2018-08-10 13:11:55.870861+05:30	14
1668	Goodeve	2018-08-10 13:11:57.054929+05:30	2018-08-10 13:11:57.054929+05:30	14
1669	Goodsoil	2018-08-10 13:11:58.707023+05:30	2018-08-10 13:11:58.707023+05:30	14
1670	Goodwater	2018-08-10 13:12:01.557186+05:30	2018-08-10 13:12:01.557186+05:30	14
1671	Govan	2018-08-10 13:12:03.253283+05:30	2018-08-10 13:12:03.253283+05:30	14
1672	Grand Coulee	2018-08-10 13:12:05.439408+05:30	2018-08-10 13:12:05.439408+05:30	14
1673	Grandview Beach	2018-08-10 13:12:07.120504+05:30	2018-08-10 13:12:07.120504+05:30	14
1674	Gravelbourg	2018-08-10 13:12:08.310573+05:30	2018-08-10 13:12:08.310573+05:30	14
1675	Grayson	2018-08-10 13:12:10.496698+05:30	2018-08-10 13:12:10.496698+05:30	14
1676	Greig Lake	2018-08-10 13:12:12.178794+05:30	2018-08-10 13:12:12.178794+05:30	14
1677	Grenfell	2018-08-10 13:12:13.886891+05:30	2018-08-10 13:12:13.886891+05:30	14
1678	Guernsey	2018-08-10 13:12:15.100961+05:30	2018-08-10 13:12:15.100961+05:30	14
1679	Gull Lake	2018-08-10 13:12:17.340089+05:30	2018-08-10 13:12:17.340089+05:30	14
1680	Hafford	2018-08-10 13:12:19.040186+05:30	2018-08-10 13:12:19.040186+05:30	14
1681	Hague	2018-08-10 13:12:20.763285+05:30	2018-08-10 13:12:20.763285+05:30	14
1682	Halbrite	2018-08-10 13:12:21.935352+05:30	2018-08-10 13:12:21.935352+05:30	14
1683	Handel	2018-08-10 13:12:23.136421+05:30	2018-08-10 13:12:23.137421+05:30	14
1684	Hanley	2018-08-10 13:12:24.297487+05:30	2018-08-10 13:12:24.297487+05:30	14
1685	Harris	2018-08-10 13:12:25.490555+05:30	2018-08-10 13:12:25.490555+05:30	14
1686	Hawarden	2018-08-10 13:12:26.717625+05:30	2018-08-10 13:12:26.717625+05:30	14
1687	Hazenmore	2018-08-10 13:12:28.925752+05:30	2018-08-10 13:12:28.925752+05:30	14
1688	Hazlet	2018-08-10 13:12:30.146821+05:30	2018-08-10 13:12:30.146821+05:30	14
1689	Hepburn	2018-08-10 13:12:33.890036+05:30	2018-08-10 13:12:33.890036+05:30	14
1690	Herbert	2018-08-10 13:12:35.079104+05:30	2018-08-10 13:12:35.079104+05:30	14
1691	Herschel	2018-08-10 13:12:36.197168+05:30	2018-08-10 13:12:36.197168+05:30	14
1692	Heward	2018-08-10 13:12:37.824261+05:30	2018-08-10 13:12:37.824261+05:30	14
1693	Hodgeville	2018-08-10 13:12:39.024329+05:30	2018-08-10 13:12:39.025329+05:30	14
1694	Holdfast	2018-08-10 13:12:40.702425+05:30	2018-08-10 13:12:40.702425+05:30	14
1695	Hubbard	2018-08-10 13:12:41.922495+05:30	2018-08-10 13:12:41.922495+05:30	14
1696	Hudson Bay	2018-08-10 13:12:43.134564+05:30	2018-08-10 13:12:43.134564+05:30	14
1697	Humboldt	2018-08-10 13:12:44.817661+05:30	2018-08-10 13:12:44.817661+05:30	14
1698	Hyas	2018-08-10 13:12:46.014729+05:30	2018-08-10 13:12:46.014729+05:30	14
1699	Imperial	2018-08-10 13:12:47.733827+05:30	2018-08-10 13:12:47.733827+05:30	14
1700	Indian Head	2018-08-10 13:12:49.426924+05:30	2018-08-10 13:12:49.426924+05:30	14
1701	Insinger	2018-08-10 13:12:51.165024+05:30	2018-08-10 13:12:51.165024+05:30	14
1702	Invermay	2018-08-10 13:12:52.33309+05:30	2018-08-10 13:12:52.33309+05:30	14
1703	Island View	2018-08-10 13:12:53.527159+05:30	2018-08-10 13:12:53.527159+05:30	14
1704	Ituna	2018-08-10 13:12:54.698226+05:30	2018-08-10 13:12:54.698226+05:30	14
1705	Jansen	2018-08-10 13:12:56.894351+05:30	2018-08-10 13:12:56.894351+05:30	14
1706	Kamsack	2018-08-10 13:12:58.09242+05:30	2018-08-10 13:12:58.09242+05:30	14
1707	Kannata Valley	2018-08-10 13:12:59.287488+05:30	2018-08-10 13:12:59.287488+05:30	14
1708	Katepwa	2018-08-10 13:13:00.446555+05:30	2018-08-10 13:13:00.446555+05:30	14
1709	Katepwa Beach	2018-08-10 13:13:03.304718+05:30	2018-08-10 13:13:03.304718+05:30	14
1710	Katepwa South	2018-08-10 13:13:04.506787+05:30	2018-08-10 13:13:04.506787+05:30	14
1711	Keeler	2018-08-10 13:13:07.36195+05:30	2018-08-10 13:13:07.36195+05:30	14
1712	Kelliher	2018-08-10 13:13:09.047046+05:30	2018-08-10 13:13:09.047046+05:30	14
1713	Kelvington	2018-08-10 13:13:10.256116+05:30	2018-08-10 13:13:10.257116+05:30	14
1714	Kenaston	2018-08-10 13:13:11.969214+05:30	2018-08-10 13:13:11.969214+05:30	14
1715	Kendal	2018-08-10 13:13:14.797375+05:30	2018-08-10 13:13:14.797375+05:30	14
1716	Kennedy	2018-08-10 13:13:15.993444+05:30	2018-08-10 13:13:15.993444+05:30	14
1717	Kenosee Lake	2018-08-10 13:13:17.691541+05:30	2018-08-10 13:13:17.691541+05:30	14
1718	Kerrobert	2018-08-10 13:13:18.89461+05:30	2018-08-10 13:13:18.89461+05:30	14
1719	Khedive	2018-08-10 13:13:20.12068+05:30	2018-08-10 13:13:20.12068+05:30	14
1720	Killaly	2018-08-10 13:13:21.804776+05:30	2018-08-10 13:13:21.804776+05:30	14
1721	Kincaid	2018-08-10 13:13:22.908839+05:30	2018-08-10 13:13:22.908839+05:30	14
1722	Kindersley	2018-08-10 13:13:24.055905+05:30	2018-08-10 13:13:24.055905+05:30	14
1723	Kinistino	2018-08-10 13:13:25.158968+05:30	2018-08-10 13:13:25.158968+05:30	14
1724	Kinley	2018-08-10 13:13:26.310034+05:30	2018-08-10 13:13:26.310034+05:30	14
1725	Kipling	2018-08-10 13:13:28.006131+05:30	2018-08-10 13:13:28.006131+05:30	14
1726	Kisbey	2018-08-10 13:13:30.165254+05:30	2018-08-10 13:13:30.165254+05:30	14
1727	Kivimaa-Moonlight Bay	2018-08-10 13:13:31.822349+05:30	2018-08-10 13:13:31.823349+05:30	14
1728	Krydor	2018-08-10 13:13:33.487444+05:30	2018-08-10 13:13:33.488444+05:30	14
1729	Kyle	2018-08-10 13:13:34.64251+05:30	2018-08-10 13:13:34.64251+05:30	14
1730	La Ronge	2018-08-10 13:13:35.817578+05:30	2018-08-10 13:13:35.817578+05:30	14
1731	Lafleche	2018-08-10 13:13:37.018646+05:30	2018-08-10 13:13:37.018646+05:30	14
1732	Laird	2018-08-10 13:13:38.213715+05:30	2018-08-10 13:13:38.213715+05:30	14
1733	Lake Alma	2018-08-10 13:13:39.400783+05:30	2018-08-10 13:13:39.400783+05:30	14
1734	Lake Lenore	2018-08-10 13:13:40.57985+05:30	2018-08-10 13:13:40.58085+05:30	14
1735	Lampman	2018-08-10 13:13:41.784919+05:30	2018-08-10 13:13:41.784919+05:30	14
1736	Lancer	2018-08-10 13:13:42.941985+05:30	2018-08-10 13:13:42.941985+05:30	14
1737	Landis	2018-08-10 13:13:45.138111+05:30	2018-08-10 13:13:45.138111+05:30	14
1738	Lang	2018-08-10 13:13:46.34618+05:30	2018-08-10 13:13:46.34618+05:30	14
1739	Langenburg	2018-08-10 13:13:47.478245+05:30	2018-08-10 13:13:47.478245+05:30	14
1740	Langham	2018-08-10 13:13:48.641311+05:30	2018-08-10 13:13:48.641311+05:30	14
1741	Lanigan	2018-08-10 13:13:49.814378+05:30	2018-08-10 13:13:49.814378+05:30	14
1742	Lashburn	2018-08-10 13:13:51.444471+05:30	2018-08-10 13:13:51.444471+05:30	14
1743	Leader	2018-08-10 13:13:52.593537+05:30	2018-08-10 13:13:52.593537+05:30	14
1744	Leask	2018-08-10 13:13:54.21963+05:30	2018-08-10 13:13:54.21963+05:30	14
1745	Lebret	2018-08-10 13:13:55.349695+05:30	2018-08-10 13:13:55.349695+05:30	14
1746	Lemberg	2018-08-10 13:13:56.478759+05:30	2018-08-10 13:13:56.478759+05:30	14
1747	Leoville	2018-08-10 13:13:58.657884+05:30	2018-08-10 13:13:58.657884+05:30	14
1748	Leross	2018-08-10 13:14:00.32998+05:30	2018-08-10 13:14:00.32998+05:30	14
1749	Leroy	2018-08-10 13:14:01.931071+05:30	2018-08-10 13:14:01.931071+05:30	14
1750	Leslie	2018-08-10 13:14:03.042135+05:30	2018-08-10 13:14:03.042135+05:30	14
1751	Leslie Beach	2018-08-10 13:14:04.229203+05:30	2018-08-10 13:14:04.229203+05:30	14
1752	Lestock	2018-08-10 13:14:05.851295+05:30	2018-08-10 13:14:05.851295+05:30	14
1753	Liberty	2018-08-10 13:14:07.50239+05:30	2018-08-10 13:14:07.50239+05:30	14
1754	Limerick	2018-08-10 13:14:09.102481+05:30	2018-08-10 13:14:09.102481+05:30	14
1755	Lintlaw	2018-08-10 13:14:10.283549+05:30	2018-08-10 13:14:10.283549+05:30	14
1756	Lipton	2018-08-10 13:14:11.907642+05:30	2018-08-10 13:14:11.907642+05:30	14
1757	Lloydminster (Part)	2018-08-10 13:14:14.062765+05:30	2018-08-10 13:14:14.062765+05:30	14
1758	Lockwood	2018-08-10 13:14:15.756862+05:30	2018-08-10 13:14:15.756862+05:30	14
1759	Loon Lake	2018-08-10 13:14:16.902928+05:30	2018-08-10 13:14:16.902928+05:30	14
1760	Loreburn	2018-08-10 13:14:18.118997+05:30	2018-08-10 13:14:18.118997+05:30	14
1761	Love	2018-08-10 13:14:19.275063+05:30	2018-08-10 13:14:19.275063+05:30	14
1762	Loverna	2018-08-10 13:14:20.483132+05:30	2018-08-10 13:14:20.483132+05:30	14
1763	Lucky Lake	2018-08-10 13:14:22.160228+05:30	2018-08-10 13:14:22.160228+05:30	14
1764	Lumsden	2018-08-10 13:14:23.357297+05:30	2018-08-10 13:14:23.357297+05:30	14
1765	Lumsden Beach	2018-08-10 13:14:25.050394+05:30	2018-08-10 13:14:25.050394+05:30	14
1766	Luseland	2018-08-10 13:14:26.247462+05:30	2018-08-10 13:14:26.247462+05:30	14
1767	Macklin	2018-08-10 13:14:27.415529+05:30	2018-08-10 13:14:27.415529+05:30	14
1768	MacNutt	2018-08-10 13:14:28.612597+05:30	2018-08-10 13:14:28.613597+05:30	14
1769	Macoun	2018-08-10 13:14:30.796722+05:30	2018-08-10 13:14:30.796722+05:30	14
1770	Macrorie	2018-08-10 13:14:32.966846+05:30	2018-08-10 13:14:32.966846+05:30	14
1771	Maidstone	2018-08-10 13:14:34.145914+05:30	2018-08-10 13:14:34.145914+05:30	14
1772	Major	2018-08-10 13:14:35.334982+05:30	2018-08-10 13:14:35.334982+05:30	14
1773	Makwa	2018-08-10 13:14:37.501106+05:30	2018-08-10 13:14:37.501106+05:30	14
1774	Manitou Beach	2018-08-10 13:14:40.233262+05:30	2018-08-10 13:14:40.233262+05:30	14
1775	Mankota	2018-08-10 13:14:41.887357+05:30	2018-08-10 13:14:41.887357+05:30	14
1776	Manor	2018-08-10 13:14:43.085425+05:30	2018-08-10 13:14:43.085425+05:30	14
1777	Mantario	2018-08-10 13:14:44.269493+05:30	2018-08-10 13:14:44.269493+05:30	14
1778	Maple Creek	2018-08-10 13:14:45.950589+05:30	2018-08-10 13:14:45.950589+05:30	14
1779	Marcelin	2018-08-10 13:14:47.150658+05:30	2018-08-10 13:14:47.150658+05:30	14
1780	Marengo	2018-08-10 13:14:48.363727+05:30	2018-08-10 13:14:48.363727+05:30	14
1781	Margo	2018-08-10 13:14:49.559795+05:30	2018-08-10 13:14:49.559795+05:30	14
1782	Markinch	2018-08-10 13:14:51.243892+05:30	2018-08-10 13:14:51.243892+05:30	14
1783	Marquis	2018-08-10 13:14:53.471019+05:30	2018-08-10 13:14:53.471019+05:30	14
1784	Marsden	2018-08-10 13:14:55.107113+05:30	2018-08-10 13:14:55.107113+05:30	14
1785	Marshall	2018-08-10 13:14:56.790209+05:30	2018-08-10 13:14:56.790209+05:30	14
1786	Martensville	2018-08-10 13:14:57.958276+05:30	2018-08-10 13:14:57.958276+05:30	14
1787	Maryfield	2018-08-10 13:14:59.096341+05:30	2018-08-10 13:14:59.096341+05:30	14
1788	Maymont	2018-08-10 13:15:00.227406+05:30	2018-08-10 13:15:00.227406+05:30	14
1789	Mazenod	2018-08-10 13:15:01.388472+05:30	2018-08-10 13:15:01.388472+05:30	14
1790	McLean	2018-08-10 13:15:02.551539+05:30	2018-08-10 13:15:02.551539+05:30	14
1791	McTaggart	2018-08-10 13:15:03.706605+05:30	2018-08-10 13:15:03.706605+05:30	14
1792	Meacham	2018-08-10 13:15:04.938675+05:30	2018-08-10 13:15:04.938675+05:30	14
1793	Meadow Lake	2018-08-10 13:15:07.141801+05:30	2018-08-10 13:15:07.141801+05:30	14
1794	Meath Park	2018-08-10 13:15:08.331869+05:30	2018-08-10 13:15:08.331869+05:30	14
1795	Medstead	2018-08-10 13:15:09.490935+05:30	2018-08-10 13:15:09.490935+05:30	14
1796	Melfort	2018-08-10 13:15:10.683004+05:30	2018-08-10 13:15:10.683004+05:30	14
1797	Melville	2018-08-10 13:15:11.814068+05:30	2018-08-10 13:15:11.814068+05:30	14
1798	Melville Beach	2018-08-10 13:15:12.956134+05:30	2018-08-10 13:15:12.956134+05:30	14
1799	Mendham	2018-08-10 13:15:14.605228+05:30	2018-08-10 13:15:14.605228+05:30	14
1800	Meota	2018-08-10 13:15:15.771295+05:30	2018-08-10 13:15:15.771295+05:30	14
1801	Mervin	2018-08-10 13:15:17.401388+05:30	2018-08-10 13:15:17.401388+05:30	14
1802	Metinota	2018-08-10 13:15:19.072483+05:30	2018-08-10 13:15:19.072483+05:30	14
1803	Meyronne	2018-08-10 13:15:20.207548+05:30	2018-08-10 13:15:20.207548+05:30	14
1804	Midale	2018-08-10 13:15:21.859643+05:30	2018-08-10 13:15:21.859643+05:30	14
1805	Middle Lake	2018-08-10 13:15:23.063712+05:30	2018-08-10 13:15:23.063712+05:30	14
1806	Milden	2018-08-10 13:15:25.282839+05:30	2018-08-10 13:15:25.283839+05:30	14
1807	Milestone	2018-08-10 13:15:26.943934+05:30	2018-08-10 13:15:26.943934+05:30	14
1808	Minton	2018-08-10 13:15:28.102+05:30	2018-08-10 13:15:28.102+05:30	14
1809	Mistatim	2018-08-10 13:15:29.279067+05:30	2018-08-10 13:15:29.279067+05:30	14
1810	Mistusinne	2018-08-10 13:15:30.933162+05:30	2018-08-10 13:15:30.933162+05:30	14
1811	Montmartre	2018-08-10 13:15:32.138231+05:30	2018-08-10 13:15:32.138231+05:30	14
1812	Moose Jaw	2018-08-10 13:15:34.311355+05:30	2018-08-10 13:15:34.311355+05:30	14
1813	Moosomin	2018-08-10 13:15:35.97845+05:30	2018-08-10 13:15:35.97845+05:30	14
1814	Morse	2018-08-10 13:15:37.173519+05:30	2018-08-10 13:15:37.173519+05:30	14
1815	Mortlach	2018-08-10 13:15:38.363587+05:30	2018-08-10 13:15:38.363587+05:30	14
1816	Mossbank	2018-08-10 13:15:39.522653+05:30	2018-08-10 13:15:39.522653+05:30	14
1817	Muenster	2018-08-10 13:15:41.20675+05:30	2018-08-10 13:15:41.20675+05:30	14
1818	Naicam	2018-08-10 13:15:42.374816+05:30	2018-08-10 13:15:42.374816+05:30	14
1819	Neilburg	2018-08-10 13:15:43.557884+05:30	2018-08-10 13:15:43.557884+05:30	14
1820	Netherhill	2018-08-10 13:15:44.681948+05:30	2018-08-10 13:15:44.681948+05:30	14
1821	Neudorf	2018-08-10 13:15:45.817013+05:30	2018-08-10 13:15:45.817013+05:30	14
1822	Neville	2018-08-10 13:15:47.462107+05:30	2018-08-10 13:15:47.462107+05:30	14
1823	Nipawin	2018-08-10 13:15:48.580171+05:30	2018-08-10 13:15:48.580171+05:30	14
1824	Nokomis	2018-08-10 13:15:50.30127+05:30	2018-08-10 13:15:50.30127+05:30	14
1825	Norquay	2018-08-10 13:15:51.452336+05:30	2018-08-10 13:15:51.452336+05:30	14
1826	North Battleford	2018-08-10 13:15:52.564399+05:30	2018-08-10 13:15:52.564399+05:30	14
1827	North Grove	2018-08-10 13:15:53.704464+05:30	2018-08-10 13:15:53.704464+05:30	14
1828	North Portal	2018-08-10 13:15:54.84453+05:30	2018-08-10 13:15:54.84453+05:30	14
1829	Odessa	2018-08-10 13:15:55.951593+05:30	2018-08-10 13:15:55.951593+05:30	14
1830	Ogema	2018-08-10 13:15:57.563685+05:30	2018-08-10 13:15:57.563685+05:30	14
1831	Osage	2018-08-10 13:15:59.734809+05:30	2018-08-10 13:15:59.734809+05:30	14
1832	Osler	2018-08-10 13:16:01.3229+05:30	2018-08-10 13:16:01.3229+05:30	14
1833	Outlook	2018-08-10 13:16:02.501968+05:30	2018-08-10 13:16:02.501968+05:30	14
1834	Oxbow	2018-08-10 13:16:03.663034+05:30	2018-08-10 13:16:03.663034+05:30	14
1835	Paddockwood	2018-08-10 13:16:04.883104+05:30	2018-08-10 13:16:04.883104+05:30	14
1836	Palmer	2018-08-10 13:16:07.113231+05:30	2018-08-10 13:16:07.113231+05:30	14
1837	Pangman	2018-08-10 13:16:08.763326+05:30	2018-08-10 13:16:08.763326+05:30	14
1838	Paradise Hill	2018-08-10 13:16:11.45948+05:30	2018-08-10 13:16:11.45948+05:30	14
1839	Parkside	2018-08-10 13:16:12.641547+05:30	2018-08-10 13:16:12.641547+05:30	14
1840	Paynton	2018-08-10 13:16:13.833616+05:30	2018-08-10 13:16:13.833616+05:30	14
1841	Pebble Baye	2018-08-10 13:16:15.518712+05:30	2018-08-10 13:16:15.518712+05:30	14
1842	Pelican Pointe	2018-08-10 13:16:16.70178+05:30	2018-08-10 13:16:16.70178+05:30	14
1843	Pelly	2018-08-10 13:16:17.93185+05:30	2018-08-10 13:16:17.93185+05:30	14
1844	Pennant	2018-08-10 13:16:19.109917+05:30	2018-08-10 13:16:19.109917+05:30	14
1845	Pense	2018-08-10 13:16:20.304986+05:30	2018-08-10 13:16:20.304986+05:30	14
1846	Penzance	2018-08-10 13:16:21.453051+05:30	2018-08-10 13:16:21.453051+05:30	14
1847	Perdue	2018-08-10 13:16:22.557115+05:30	2018-08-10 13:16:22.557115+05:30	14
1848	Piapot	2018-08-10 13:16:23.664178+05:30	2018-08-10 13:16:23.664178+05:30	14
1849	Pierceland	2018-08-10 13:16:24.768241+05:30	2018-08-10 13:16:24.768241+05:30	14
1850	Pilger	2018-08-10 13:16:25.875304+05:30	2018-08-10 13:16:25.875304+05:30	14
1851	Pilot Butte	2018-08-10 13:16:27.02537+05:30	2018-08-10 13:16:27.02537+05:30	14
1852	Pleasantdale	2018-08-10 13:16:28.160435+05:30	2018-08-10 13:16:28.160435+05:30	14
1853	Plenty	2018-08-10 13:16:29.332502+05:30	2018-08-10 13:16:29.332502+05:30	14
1854	Plunkett	2018-08-10 13:16:30.923593+05:30	2018-08-10 13:16:30.923593+05:30	14
1855	Ponteix	2018-08-10 13:16:32.057658+05:30	2018-08-10 13:16:32.057658+05:30	14
1856	Porcupine Plain	2018-08-10 13:16:33.199723+05:30	2018-08-10 13:16:33.199723+05:30	14
1857	Preeceville	2018-08-10 13:16:34.308787+05:30	2018-08-10 13:16:34.308787+05:30	14
1858	Prelate	2018-08-10 13:16:35.41285+05:30	2018-08-10 13:16:35.41285+05:30	14
1859	Primate	2018-08-10 13:16:36.517913+05:30	2018-08-10 13:16:36.517913+05:30	14
1860	Prince Albert	2018-08-10 13:16:37.624976+05:30	2018-08-10 13:16:37.624976+05:30	14
1861	Prud'Homme	2018-08-10 13:16:38.72904+05:30	2018-08-10 13:16:38.72904+05:30	14
1862	Punnichy	2018-08-10 13:16:39.834103+05:30	2018-08-10 13:16:39.834103+05:30	14
1863	Qu'Appelle	2018-08-10 13:16:40.963167+05:30	2018-08-10 13:16:40.963167+05:30	14
1864	Quill Lake	2018-08-10 13:16:42.164236+05:30	2018-08-10 13:16:42.164236+05:30	14
1865	Quinton	2018-08-10 13:16:43.359304+05:30	2018-08-10 13:16:43.359304+05:30	14
1866	Rabbit Lake	2018-08-10 13:16:44.537372+05:30	2018-08-10 13:16:44.537372+05:30	14
1867	Radisson	2018-08-10 13:16:46.740498+05:30	2018-08-10 13:16:46.740498+05:30	14
1868	Radville	2018-08-10 13:16:47.955567+05:30	2018-08-10 13:16:47.955567+05:30	14
1869	Rama	2018-08-10 13:16:49.161636+05:30	2018-08-10 13:16:49.161636+05:30	14
1870	Raymore	2018-08-10 13:16:50.338704+05:30	2018-08-10 13:16:50.338704+05:30	14
1871	Redvers	2018-08-10 13:16:51.549773+05:30	2018-08-10 13:16:51.549773+05:30	14
1872	Regina	2018-08-10 13:16:52.745841+05:30	2018-08-10 13:16:52.745841+05:30	14
1873	Regina Beach	2018-08-10 13:16:53.867905+05:30	2018-08-10 13:16:53.867905+05:30	14
1874	Rhein	2018-08-10 13:16:55.043973+05:30	2018-08-10 13:16:55.043973+05:30	14
1875	Richard	2018-08-10 13:16:56.193038+05:30	2018-08-10 13:16:56.193038+05:30	14
1876	Richmound	2018-08-10 13:16:57.416108+05:30	2018-08-10 13:16:57.416108+05:30	14
1877	Ridgedale	2018-08-10 13:16:59.117206+05:30	2018-08-10 13:16:59.117206+05:30	14
1878	Riverhurst	2018-08-10 13:17:00.788301+05:30	2018-08-10 13:17:00.788301+05:30	14
1879	Robsart	2018-08-10 13:17:01.943367+05:30	2018-08-10 13:17:01.943367+05:30	14
1880	Rocanville	2018-08-10 13:17:03.089433+05:30	2018-08-10 13:17:03.089433+05:30	14
1881	Roche Percee	2018-08-10 13:17:04.2545+05:30	2018-08-10 13:17:04.2545+05:30	14
1882	Rockglen	2018-08-10 13:17:05.462569+05:30	2018-08-10 13:17:05.462569+05:30	14
1883	Rockhaven	2018-08-10 13:17:06.662637+05:30	2018-08-10 13:17:06.662637+05:30	14
1884	Rose Valley	2018-08-10 13:17:07.861706+05:30	2018-08-10 13:17:07.861706+05:30	14
1885	Rosetown	2018-08-10 13:17:09.572804+05:30	2018-08-10 13:17:09.572804+05:30	14
1886	Rosthern	2018-08-10 13:17:11.244899+05:30	2018-08-10 13:17:11.244899+05:30	14
1887	Rouleau	2018-08-10 13:17:12.447968+05:30	2018-08-10 13:17:12.447968+05:30	14
1888	Ruddell	2018-08-10 13:17:13.620035+05:30	2018-08-10 13:17:13.620035+05:30	14
1889	Rush Lake	2018-08-10 13:17:14.777101+05:30	2018-08-10 13:17:14.777101+05:30	14
1890	Ruthilda	2018-08-10 13:17:16.002171+05:30	2018-08-10 13:17:16.003172+05:30	14
1891	Saltcoats	2018-08-10 13:17:17.660266+05:30	2018-08-10 13:17:17.660266+05:30	14
1892	Sandy Beach	2018-08-10 13:17:19.339362+05:30	2018-08-10 13:17:19.339362+05:30	14
1893	Saskatchewan Beach	2018-08-10 13:17:20.532431+05:30	2018-08-10 13:17:20.532431+05:30	14
1894	Saskatoon	2018-08-10 13:17:21.7475+05:30	2018-08-10 13:17:21.7475+05:30	14
1895	Sceptre	2018-08-10 13:17:22.888565+05:30	2018-08-10 13:17:22.888565+05:30	14
1896	Scott	2018-08-10 13:17:24.02463+05:30	2018-08-10 13:17:24.02463+05:30	14
1897	Sedley	2018-08-10 13:17:25.214698+05:30	2018-08-10 13:17:25.214698+05:30	14
1898	Semans	2018-08-10 13:17:26.403766+05:30	2018-08-10 13:17:26.403766+05:30	14
1899	Senlac	2018-08-10 13:17:28.060861+05:30	2018-08-10 13:17:28.060861+05:30	14
1900	Shackleton	2018-08-10 13:17:30.276988+05:30	2018-08-10 13:17:30.276988+05:30	14
1901	Shamrock	2018-08-10 13:17:31.456055+05:30	2018-08-10 13:17:31.456055+05:30	14
1902	Shaunavon	2018-08-10 13:17:33.653181+05:30	2018-08-10 13:17:33.653181+05:30	14
1903	Sheho	2018-08-10 13:17:34.835249+05:30	2018-08-10 13:17:34.835249+05:30	14
1904	Shell Lake	2018-08-10 13:17:36.041318+05:30	2018-08-10 13:17:36.041318+05:30	14
1905	Shellbrook	2018-08-10 13:17:37.742415+05:30	2018-08-10 13:17:37.742415+05:30	14
1906	Shields	2018-08-10 13:17:38.911482+05:30	2018-08-10 13:17:38.911482+05:30	14
1907	Silton	2018-08-10 13:17:40.604579+05:30	2018-08-10 13:17:40.604579+05:30	14
1908	Simpson	2018-08-10 13:17:41.773646+05:30	2018-08-10 13:17:41.773646+05:30	14
1909	Sintaluta	2018-08-10 13:17:43.001716+05:30	2018-08-10 13:17:43.001716+05:30	14
1910	Smeaton	2018-08-10 13:17:45.214842+05:30	2018-08-10 13:17:45.214842+05:30	14
1911	Smiley	2018-08-10 13:17:46.932941+05:30	2018-08-10 13:17:46.933941+05:30	14
1912	South Lake	2018-08-10 13:17:48.639038+05:30	2018-08-10 13:17:48.639038+05:30	14
1913	Southey	2018-08-10 13:17:51.865223+05:30	2018-08-10 13:17:51.866223+05:30	14
1914	Sovereign	2018-08-10 13:17:53.579321+05:30	2018-08-10 13:17:53.579321+05:30	14
1915	Spalding	2018-08-10 13:17:54.798391+05:30	2018-08-10 13:17:54.798391+05:30	14
1916	Speers	2018-08-10 13:17:56.024461+05:30	2018-08-10 13:17:56.024461+05:30	14
1917	Spiritwood	2018-08-10 13:17:57.247531+05:30	2018-08-10 13:17:57.247531+05:30	14
1918	Springside	2018-08-10 13:17:58.4526+05:30	2018-08-10 13:17:58.4526+05:30	14
1919	Springwater	2018-08-10 13:17:59.639667+05:30	2018-08-10 13:17:59.640667+05:30	14
1920	Spruce Lake	2018-08-10 13:18:00.834736+05:30	2018-08-10 13:18:00.834736+05:30	14
1921	Spy Hill	2018-08-10 13:18:02.016803+05:30	2018-08-10 13:18:02.016803+05:30	14
1922	St. Benedict	2018-08-10 13:18:03.166869+05:30	2018-08-10 13:18:03.166869+05:30	14
1923	St. Brieux	2018-08-10 13:18:04.378938+05:30	2018-08-10 13:18:04.378938+05:30	14
1924	St. Gregor	2018-08-10 13:18:05.575007+05:30	2018-08-10 13:18:05.575007+05:30	14
1925	St. Louis	2018-08-10 13:18:06.735073+05:30	2018-08-10 13:18:06.735073+05:30	14
1926	St. Victor	2018-08-10 13:18:07.939142+05:30	2018-08-10 13:18:07.939142+05:30	14
1927	St. Walburg	2018-08-10 13:18:09.631239+05:30	2018-08-10 13:18:09.631239+05:30	14
1928	Star City	2018-08-10 13:18:10.818307+05:30	2018-08-10 13:18:10.818307+05:30	14
1929	Stenen	2018-08-10 13:18:12.042377+05:30	2018-08-10 13:18:12.042377+05:30	14
1930	Stewart Valley	2018-08-10 13:18:13.283448+05:30	2018-08-10 13:18:13.283448+05:30	14
1931	Stockholm	2018-08-10 13:18:16.528633+05:30	2018-08-10 13:18:16.528633+05:30	14
1932	Stornoway	2018-08-10 13:18:17.753703+05:30	2018-08-10 13:18:17.753703+05:30	14
1933	Storthoaks	2018-08-10 13:18:19.97383+05:30	2018-08-10 13:18:19.97383+05:30	14
1934	Stoughton	2018-08-10 13:18:21.657927+05:30	2018-08-10 13:18:21.657927+05:30	14
1935	Strasbourg	2018-08-10 13:18:22.854995+05:30	2018-08-10 13:18:22.854995+05:30	14
1936	Strongfield	2018-08-10 13:18:24.046063+05:30	2018-08-10 13:18:24.046063+05:30	14
1937	Sturgis	2018-08-10 13:18:25.248132+05:30	2018-08-10 13:18:25.248132+05:30	14
1938	Success	2018-08-10 13:18:26.976231+05:30	2018-08-10 13:18:26.977231+05:30	14
1939	Sun Valley	2018-08-10 13:18:28.679328+05:30	2018-08-10 13:18:28.679328+05:30	14
1940	Sunset Cove	2018-08-10 13:18:29.886397+05:30	2018-08-10 13:18:29.886397+05:30	14
1941	Sunset View Beach	2018-08-10 13:18:31.104467+05:30	2018-08-10 13:18:31.104467+05:30	14
1942	Swift Current	2018-08-10 13:18:32.284535+05:30	2018-08-10 13:18:32.284535+05:30	14
1943	Tantallon	2018-08-10 13:18:33.495604+05:30	2018-08-10 13:18:33.495604+05:30	14
1944	Tessier	2018-08-10 13:18:34.682672+05:30	2018-08-10 13:18:34.682672+05:30	14
1945	Theodore	2018-08-10 13:18:35.891741+05:30	2018-08-10 13:18:35.891741+05:30	14
1946	Thode	2018-08-10 13:18:37.067808+05:30	2018-08-10 13:18:37.067808+05:30	14
1947	Tisdale	2018-08-10 13:18:38.245876+05:30	2018-08-10 13:18:38.245876+05:30	14
1948	Tobin Lake	2018-08-10 13:18:39.939972+05:30	2018-08-10 13:18:39.939972+05:30	14
1949	Togo	2018-08-10 13:18:41.627069+05:30	2018-08-10 13:18:41.627069+05:30	14
1950	Tompkins	2018-08-10 13:18:42.731132+05:30	2018-08-10 13:18:42.731132+05:30	14
1951	Torquay	2018-08-10 13:18:43.850196+05:30	2018-08-10 13:18:43.850196+05:30	14
1952	Tramping Lake	2018-08-10 13:18:45.018263+05:30	2018-08-10 13:18:45.018263+05:30	14
1953	Tribune	2018-08-10 13:18:46.628355+05:30	2018-08-10 13:18:46.628355+05:30	14
1954	Tugaske	2018-08-10 13:18:47.854425+05:30	2018-08-10 13:18:47.854425+05:30	14
1955	Turtleford	2018-08-10 13:18:49.025492+05:30	2018-08-10 13:18:49.025492+05:30	14
1956	Tuxford	2018-08-10 13:18:50.713589+05:30	2018-08-10 13:18:50.713589+05:30	14
1957	Unity	2018-08-10 13:18:51.886656+05:30	2018-08-10 13:18:51.886656+05:30	14
1958	Val Marie	2018-08-10 13:18:53.567752+05:30	2018-08-10 13:18:53.567752+05:30	14
1959	Valparaiso	2018-08-10 13:18:54.773821+05:30	2018-08-10 13:18:54.773821+05:30	14
1960	Vanguard	2018-08-10 13:18:56.028893+05:30	2018-08-10 13:18:56.028893+05:30	14
1961	Vanscoy	2018-08-10 13:18:57.711989+05:30	2018-08-10 13:18:57.711989+05:30	14
1962	Vawn	2018-08-10 13:18:58.904057+05:30	2018-08-10 13:18:58.904057+05:30	14
1963	Veregin	2018-08-10 13:19:00.046122+05:30	2018-08-10 13:19:00.046122+05:30	14
1964	Vibank	2018-08-10 13:19:01.163186+05:30	2018-08-10 13:19:01.163186+05:30	14
1965	Viceroy	2018-08-10 13:19:02.26925+05:30	2018-08-10 13:19:02.26925+05:30	14
1966	Viscount	2018-08-10 13:19:03.447317+05:30	2018-08-10 13:19:03.447317+05:30	14
1967	Vonda	2018-08-10 13:19:04.671387+05:30	2018-08-10 13:19:04.671387+05:30	14
1968	Wadena	2018-08-10 13:19:06.343483+05:30	2018-08-10 13:19:06.343483+05:30	14
1969	Wakaw	2018-08-10 13:19:07.511549+05:30	2018-08-10 13:19:07.511549+05:30	14
1970	Wakaw Lake	2018-08-10 13:19:08.679616+05:30	2018-08-10 13:19:08.679616+05:30	14
1971	Waldeck	2018-08-10 13:19:10.409715+05:30	2018-08-10 13:19:10.409715+05:30	14
1972	Waldheim	2018-08-10 13:19:11.591783+05:30	2018-08-10 13:19:11.591783+05:30	14
1973	Waldron	2018-08-10 13:19:13.265879+05:30	2018-08-10 13:19:13.265879+05:30	14
1974	Wapella	2018-08-10 13:19:14.481948+05:30	2018-08-10 13:19:14.481948+05:30	14
1975	Warman	2018-08-10 13:19:15.678017+05:30	2018-08-10 13:19:15.678017+05:30	14
1976	Waseca	2018-08-10 13:19:16.880085+05:30	2018-08-10 13:19:16.880085+05:30	14
1977	Watrous	2018-08-10 13:19:18.044152+05:30	2018-08-10 13:19:18.044152+05:30	14
1978	Watson	2018-08-10 13:19:19.245221+05:30	2018-08-10 13:19:19.245221+05:30	14
1979	Wawota	2018-08-10 13:19:21.423345+05:30	2018-08-10 13:19:21.423345+05:30	14
1980	Webb	2018-08-10 13:19:22.606413+05:30	2018-08-10 13:19:22.606413+05:30	14
1981	Wee Too Beach	2018-08-10 13:19:23.77948+05:30	2018-08-10 13:19:23.77948+05:30	14
1982	Weekes	2018-08-10 13:19:24.948547+05:30	2018-08-10 13:19:24.948547+05:30	14
1983	Weirdale	2018-08-10 13:19:26.696647+05:30	2018-08-10 13:19:26.696647+05:30	14
1984	Weldon	2018-08-10 13:19:27.896715+05:30	2018-08-10 13:19:27.896715+05:30	14
1985	Welwyn	2018-08-10 13:19:29.087784+05:30	2018-08-10 13:19:29.087784+05:30	14
1986	West End	2018-08-10 13:19:30.224849+05:30	2018-08-10 13:19:30.224849+05:30	14
1987	Weyburn	2018-08-10 13:19:31.933946+05:30	2018-08-10 13:19:31.933946+05:30	14
1988	White City	2018-08-10 13:19:35.763165+05:30	2018-08-10 13:19:35.764165+05:30	14
1989	White Fox	2018-08-10 13:19:36.987235+05:30	2018-08-10 13:19:36.987235+05:30	14
1990	Whitewood	2018-08-10 13:19:38.184304+05:30	2018-08-10 13:19:38.184304+05:30	14
1991	Wilcox	2018-08-10 13:19:39.379372+05:30	2018-08-10 13:19:39.380372+05:30	14
1992	Wilkie	2018-08-10 13:19:40.593442+05:30	2018-08-10 13:19:40.593442+05:30	14
1993	Willow Bunch	2018-08-10 13:19:41.78951+05:30	2018-08-10 13:19:41.78951+05:30	14
1994	Willowbrook	2018-08-10 13:19:43.995636+05:30	2018-08-10 13:19:43.995636+05:30	14
1995	Windthorst	2018-08-10 13:19:45.125701+05:30	2018-08-10 13:19:45.125701+05:30	14
1996	Wiseton	2018-08-10 13:19:46.33877+05:30	2018-08-10 13:19:46.33877+05:30	14
1997	Wishart	2018-08-10 13:19:47.533839+05:30	2018-08-10 13:19:47.533839+05:30	14
1998	Wolseley	2018-08-10 13:19:49.205934+05:30	2018-08-10 13:19:49.205934+05:30	14
1999	Wood Mountain	2018-08-10 13:19:50.899031+05:30	2018-08-10 13:19:50.899031+05:30	14
2000	Woodrow	2018-08-10 13:19:52.020095+05:30	2018-08-10 13:19:52.020095+05:30	14
2001	Wynyard	2018-08-10 13:19:54.20622+05:30	2018-08-10 13:19:54.20622+05:30	14
2002	Yarbo	2018-08-10 13:19:55.899317+05:30	2018-08-10 13:19:55.899317+05:30	14
2003	Yellow Creek	2018-08-10 13:19:59.0895+05:30	2018-08-10 13:19:59.0895+05:30	14
2004	Yellow Grass	2018-08-10 13:20:00.952606+05:30	2018-08-10 13:20:00.952606+05:30	14
2005	Yorkton	2018-08-10 13:20:02.673705+05:30	2018-08-10 13:20:02.673705+05:30	14
2006	Young	2018-08-10 13:20:03.836771+05:30	2018-08-10 13:20:03.836771+05:30	14
2007	Zealandia	2018-08-10 13:20:05.013838+05:30	2018-08-10 13:20:05.013838+05:30	14
2008	Zelma	2018-08-10 13:20:06.176905+05:30	2018-08-10 13:20:06.177905+05:30	14
2009	Zenon Park	2018-08-10 13:20:07.331971+05:30	2018-08-10 13:20:07.331971+05:30	14
2010	Beaver Creek	2018-08-10 13:51:40.210788+05:30	2018-08-10 13:51:40.210788+05:30	15
2011	Burwash Landing	2018-08-10 13:51:41.30385+05:30	2018-08-10 13:51:41.30385+05:30	15
2012	Carcross	2018-08-10 13:51:42.430915+05:30	2018-08-10 13:51:42.430915+05:30	15
2013	Carmacks	2018-08-10 13:51:43.519977+05:30	2018-08-10 13:51:43.519977+05:30	15
2014	Dawson	2018-08-10 13:51:44.608039+05:30	2018-08-10 13:51:44.608039+05:30	15
2015	Destruction Bay	2018-08-10 13:51:45.702102+05:30	2018-08-10 13:51:45.702102+05:30	15
2016	Faro	2018-08-10 13:51:46.817165+05:30	2018-08-10 13:51:46.817165+05:30	15
2017	Haines Junction	2018-08-10 13:51:47.971231+05:30	2018-08-10 13:51:47.971231+05:30	15
2018	Ibex Valley	2018-08-10 13:51:49.059294+05:30	2018-08-10 13:51:49.059294+05:30	15
2019	Johnsons Crossing	2018-08-10 13:51:50.149356+05:30	2018-08-10 13:51:50.149356+05:30	15
2020	Keno Hill	2018-08-10 13:51:51.241418+05:30	2018-08-10 13:51:51.241418+05:30	15
2021	Mayo	2018-08-10 13:51:52.330481+05:30	2018-08-10 13:51:52.330481+05:30	15
2022	Mt. Lorne	2018-08-10 13:51:53.421543+05:30	2018-08-10 13:51:53.421543+05:30	15
2023	Old Crow	2018-08-10 13:51:54.510605+05:30	2018-08-10 13:51:54.510605+05:30	15
2024	Pelly Crossing	2018-08-10 13:51:55.599668+05:30	2018-08-10 13:51:55.599668+05:30	15
2025	Ross River	2018-08-10 13:51:56.68773+05:30	2018-08-10 13:51:56.68773+05:30	15
2026	Stewart Crossing	2018-08-10 13:51:57.796793+05:30	2018-08-10 13:51:57.796793+05:30	15
2027	Swift River	2018-08-10 13:51:58.906857+05:30	2018-08-10 13:51:58.906857+05:30	15
2028	Tagish	2018-08-10 13:51:59.994919+05:30	2018-08-10 13:51:59.994919+05:30	15
2029	Teslin	2018-08-10 13:52:01.082981+05:30	2018-08-10 13:52:01.082981+05:30	15
2030	Upper Liard	2018-08-10 13:52:02.173044+05:30	2018-08-10 13:52:02.173044+05:30	15
2031	Watson Lake	2018-08-10 13:52:03.263106+05:30	2018-08-10 13:52:03.263106+05:30	15
2032	Whitehorse	2018-08-10 13:52:04.351168+05:30	2018-08-10 13:52:04.351168+05:30	15
2033	Whitehorse	2018-08-10 13:52:05.443231+05:30	2018-08-10 13:52:05.443231+05:30	15
2034	Beaver Creek	2018-08-10 13:55:53.870296+05:30	2018-08-10 13:55:53.870296+05:30	15
2035	Burwash Landing	2018-08-10 13:55:55.049363+05:30	2018-08-10 13:55:55.049363+05:30	15
2036	Carcross	2018-08-10 13:55:56.179428+05:30	2018-08-10 13:55:56.179428+05:30	15
2037	Carmacks	2018-08-10 13:55:57.297492+05:30	2018-08-10 13:55:57.297492+05:30	15
2038	Dawson	2018-08-10 13:55:58.421556+05:30	2018-08-10 13:55:58.421556+05:30	15
2039	Destruction Bay	2018-08-10 13:55:59.554621+05:30	2018-08-10 13:55:59.554621+05:30	15
2040	Faro	2018-08-10 13:56:00.689686+05:30	2018-08-10 13:56:00.689686+05:30	15
2041	Haines Junction	2018-08-10 13:56:01.836752+05:30	2018-08-10 13:56:01.836752+05:30	15
2042	Ibex Valley	2018-08-10 13:56:02.955816+05:30	2018-08-10 13:56:02.955816+05:30	15
2043	Beaver Creek	2018-08-10 13:56:03.094824+05:30	2018-08-10 13:56:03.094824+05:30	15
2044	Johnsons Crossing	2018-08-10 13:56:04.119882+05:30	2018-08-10 13:56:04.119882+05:30	15
2045	Burwash Landing	2018-08-10 13:56:04.178886+05:30	2018-08-10 13:56:04.178886+05:30	15
2046	Keno Hill	2018-08-10 13:56:05.238946+05:30	2018-08-10 13:56:05.238946+05:30	15
2047	Carcross	2018-08-10 13:56:05.261948+05:30	2018-08-10 13:56:05.261948+05:30	15
2048	Carmacks	2018-08-10 13:56:06.344009+05:30	2018-08-10 13:56:06.344009+05:30	15
2049	Mayo	2018-08-10 13:56:06.35701+05:30	2018-08-10 13:56:06.35701+05:30	15
2050	Dawson	2018-08-10 13:56:07.488075+05:30	2018-08-10 13:56:07.488075+05:30	15
2051	Mt. Lorne	2018-08-10 13:56:07.490075+05:30	2018-08-10 13:56:07.490075+05:30	15
2052	Destruction Bay	2018-08-10 13:56:08.574137+05:30	2018-08-10 13:56:08.574137+05:30	15
2053	Old Crow	2018-08-10 13:56:08.609139+05:30	2018-08-10 13:56:08.609139+05:30	15
2054	Faro	2018-08-10 13:56:09.693201+05:30	2018-08-10 13:56:09.693201+05:30	15
2055	Pelly Crossing	2018-08-10 13:56:09.730203+05:30	2018-08-10 13:56:09.730203+05:30	15
2056	Haines Junction	2018-08-10 13:56:10.779263+05:30	2018-08-10 13:56:10.779263+05:30	15
2057	Ross River	2018-08-10 13:56:10.847267+05:30	2018-08-10 13:56:10.847267+05:30	15
2058	Ibex Valley	2018-08-10 13:56:11.862325+05:30	2018-08-10 13:56:11.862325+05:30	15
2059	Stewart Crossing	2018-08-10 13:56:11.966331+05:30	2018-08-10 13:56:11.966331+05:30	15
2060	Johnsons Crossing	2018-08-10 13:56:12.958388+05:30	2018-08-10 13:56:12.958388+05:30	15
2061	Swift River	2018-08-10 13:56:13.089395+05:30	2018-08-10 13:56:13.089395+05:30	15
2062	Keno Hill	2018-08-10 13:56:14.04045+05:30	2018-08-10 13:56:14.04045+05:30	15
2063	Tagish	2018-08-10 13:56:14.207459+05:30	2018-08-10 13:56:14.207459+05:30	15
2064	Mayo	2018-08-10 13:56:15.123512+05:30	2018-08-10 13:56:15.123512+05:30	15
2065	Teslin	2018-08-10 13:56:15.325523+05:30	2018-08-10 13:56:15.325523+05:30	15
2066	Mt. Lorne	2018-08-10 13:56:16.205574+05:30	2018-08-10 13:56:16.205574+05:30	15
2067	Upper Liard	2018-08-10 13:56:16.444587+05:30	2018-08-10 13:56:16.444587+05:30	15
2068	Old Crow	2018-08-10 13:56:17.291636+05:30	2018-08-10 13:56:17.291636+05:30	15
2069	Watson Lake	2018-08-10 13:56:17.563651+05:30	2018-08-10 13:56:17.563651+05:30	15
2070	Pelly Crossing	2018-08-10 13:56:18.374698+05:30	2018-08-10 13:56:18.374698+05:30	15
2071	Whitehorse	2018-08-10 13:56:18.683715+05:30	2018-08-10 13:56:18.683715+05:30	15
2072	Ross River	2018-08-10 13:56:19.536764+05:30	2018-08-10 13:56:19.536764+05:30	15
2073	Stewart Crossing	2018-08-10 13:56:20.620826+05:30	2018-08-10 13:56:20.620826+05:30	15
2074	Swift River	2018-08-10 13:56:21.710888+05:30	2018-08-10 13:56:21.710888+05:30	15
2075	Tagish	2018-08-10 13:56:22.79495+05:30	2018-08-10 13:56:22.79495+05:30	15
2076	Teslin	2018-08-10 13:56:23.879012+05:30	2018-08-10 13:56:23.879012+05:30	15
2077	Upper Liard	2018-08-10 13:56:24.976075+05:30	2018-08-10 13:56:24.976075+05:30	15
2078	Watson Lake	2018-08-10 13:56:26.063137+05:30	2018-08-10 13:56:26.063137+05:30	15
2079	Whitehorse	2018-08-10 13:56:27.148199+05:30	2018-08-10 13:56:27.148199+05:30	15
2080	Kingmans	2018-12-18 16:50:30.620609+05:30	2018-12-18 16:55:03.129147+05:30	18
2081	Fat	2019-09-19 12:19:39.359103+05:30	2019-09-19 12:19:39.359138+05:30	15
2082	Bolton	2019-09-19 18:51:34.615538+05:30	2019-09-19 18:51:34.615571+05:30	12
\.


--
-- Name: adminsidecustomer_city_id_seq; Type: SEQUENCE SET; Schema: public; Owner: postgres
--

SELECT pg_catalog.setval('public.adminsidecustomer_city_id_seq', 4, true);


--
-- Data for Name: adminsidecustomer_country; Type: TABLE DATA; Schema: public; Owner: postgres
--

COPY public.adminsidecustomer_country (id, country_name, created_at, updated_at) FROM stdin;
1	India	2019-11-12 14:51:47.956598+05:30	2019-11-12 14:51:47.956682+05:30
2	USA	2019-11-12 14:51:56.946579+05:30	2019-11-12 14:51:56.946632+05:30
3	Canada	2018-08-06 14:55:12.354943+05:30	2018-08-06 14:59:09.110484+05:30
6	USA	2018-12-18 14:32:56.792177+05:30	2018-12-18 14:32:56.792197+05:30
7	Afghanistan	2018-12-28 04:55:22.35066+05:30	2018-12-28 04:55:22.350713+05:30
8	Albania	2018-12-28 04:55:34.917367+05:30	2018-12-28 04:55:34.917393+05:30
9	Algeria	2018-12-28 04:55:46.166711+05:30	2018-12-28 04:55:46.166736+05:30
10	American Samoa	2018-12-28 04:55:59.854743+05:30	2018-12-28 04:55:59.854793+05:30
11	Andorra	2018-12-28 04:56:12.785462+05:30	2018-12-28 04:56:12.785498+05:30
12	Angola	2018-12-28 04:58:44.953936+05:30	2018-12-28 04:58:44.95398+05:30
13	Anguilla	2018-12-28 04:59:01.239666+05:30	2018-12-28 04:59:01.239719+05:30
14	Antarctica	2018-12-28 04:59:12.444474+05:30	2018-12-28 04:59:12.444527+05:30
15	Antigua & Barbuda	2018-12-28 04:59:26.029849+05:30	2018-12-28 04:59:26.029877+05:30
16	Argentina	2018-12-28 04:59:40.474837+05:30	2018-12-28 04:59:40.47488+05:30
17	Armenia	2018-12-28 04:59:54.798323+05:30	2018-12-28 04:59:54.798369+05:30
18	Aruba	2018-12-28 05:00:08.778912+05:30	2018-12-28 05:00:08.778956+05:30
19	Ascension Island	2018-12-28 05:00:21.721589+05:30	2018-12-28 05:00:21.721643+05:30
20	Australia	2018-12-28 05:00:37.757017+05:30	2018-12-28 05:00:37.757072+05:30
21	Australia Territories	2018-12-28 05:01:08.348837+05:30	2018-12-28 05:01:08.348885+05:30
22	Austria	2018-12-28 05:01:28.390938+05:30	2018-12-28 05:01:28.390975+05:30
23	Azerbaijan	2018-12-28 05:01:42.695802+05:30	2018-12-28 05:01:42.695839+05:30
24	Bahamas	2018-12-28 05:01:56.534474+05:30	2018-12-28 05:01:56.53453+05:30
25	Bahrain	2018-12-28 05:02:07.959304+05:30	2018-12-28 05:02:07.959345+05:30
26	Bangladesh	2018-12-28 05:02:20.406672+05:30	2018-12-28 05:02:20.406697+05:30
27	Barbados	2018-12-28 05:02:35.850888+05:30	2018-12-28 05:02:35.850929+05:30
28	Belarus	2018-12-28 05:02:50.576696+05:30	2018-12-28 05:02:50.576721+05:30
29	Belgium	2018-12-28 05:03:05.071319+05:30	2018-12-28 05:03:05.071363+05:30
30	Belize	2018-12-28 20:40:16.899699+05:30	2018-12-28 20:40:16.899756+05:30
31	Benin	2018-12-28 20:40:30.30588+05:30	2018-12-28 20:40:30.305943+05:30
32	Bermuda	2018-12-28 20:40:42.709867+05:30	2018-12-28 20:40:42.709924+05:30
33	Bhutan	2018-12-28 20:40:55.445924+05:30	2018-12-28 20:40:55.445984+05:30
34	Bolivia	2018-12-28 20:41:07.847683+05:30	2018-12-28 20:41:07.847973+05:30
35	Bosnia & Herzegovina	2018-12-28 20:41:26.432746+05:30	2018-12-28 20:41:26.432813+05:30
36	Botswana	2018-12-28 20:41:38.46987+05:30	2018-12-28 20:41:38.469924+05:30
37	Brazil	2018-12-28 20:41:54.783567+05:30	2018-12-28 20:41:54.783619+05:30
38	British Virgin Islands	2018-12-28 20:42:42.151269+05:30	2018-12-28 20:42:42.151328+05:30
39	Brunei	2018-12-28 20:42:57.290299+05:30	2018-12-28 20:42:57.29036+05:30
40	Bulgaria	2018-12-28 20:43:07.872268+05:30	2018-12-28 20:43:07.872344+05:30
41	Burkina Faso	2018-12-28 20:43:27.126139+05:30	2018-12-28 20:43:27.126191+05:30
42	Burundi	2018-12-28 20:43:40.659738+05:30	2018-12-28 20:43:40.659785+05:30
43	Cambodia	2018-12-28 20:44:00.205949+05:30	2018-12-28 20:44:00.205997+05:30
44	Cameroon	2018-12-28 20:44:13.463023+05:30	2018-12-28 20:44:13.463075+05:30
45	Cape Verde	2018-12-28 20:44:29.777993+05:30	2018-12-28 20:44:29.778054+05:30
46	Cayman Islands	2018-12-28 20:44:44.165119+05:30	2018-12-28 20:44:44.165188+05:30
47	Central African Republic	2018-12-28 20:44:59.930584+05:30	2018-12-28 20:44:59.930633+05:30
48	Chad	2018-12-28 20:45:19.108093+05:30	2018-12-28 20:45:19.108143+05:30
49	Chile	2018-12-28 20:45:29.894572+05:30	2018-12-28 20:45:29.894633+05:30
50	China	2018-12-28 20:45:41.874927+05:30	2018-12-28 20:45:41.874985+05:30
51	Colombia	2018-12-28 20:45:53.890251+05:30	2018-12-28 20:45:53.890314+05:30
52	Comoros	2018-12-28 20:46:08.394862+05:30	2018-12-28 20:46:08.394926+05:30
53	Congo	2018-12-28 20:46:19.402706+05:30	2018-12-28 20:46:19.402774+05:30
54	Cook Islands	2018-12-28 20:46:29.936794+05:30	2018-12-28 20:46:29.936894+05:30
55	Croatia	2018-12-28 20:46:42.753262+05:30	2018-12-28 20:46:42.753318+05:30
56	Cuba	2018-12-28 20:46:53.343058+05:30	2018-12-28 20:46:53.343214+05:30
57	Cyprus	2018-12-28 20:47:05.345372+05:30	2018-12-28 20:47:05.345438+05:30
58	Czech Republic	2018-12-28 20:47:35.508955+05:30	2018-12-28 20:47:35.514797+05:30
59	Dem. Rep. of Congo	2018-12-28 20:47:53.037996+05:30	2018-12-28 20:47:53.038068+05:30
60	Denmark	2018-12-28 20:48:07.03026+05:30	2018-12-28 20:48:07.030315+05:30
61	Diego Garcia	2018-12-28 20:48:39.707403+05:30	2018-12-28 20:48:39.707474+05:30
62	Djibouti	2018-12-28 20:48:51.561845+05:30	2018-12-28 20:48:51.561895+05:30
63	Dominica	2018-12-28 20:49:02.445207+05:30	2018-12-28 20:49:02.445271+05:30
64	Dominican Republic	2018-12-28 20:49:16.855157+05:30	2018-12-28 20:49:16.855224+05:30
65	East Timor	2018-12-28 20:50:06.512518+05:30	2018-12-28 20:50:06.512608+05:30
66	Ecuador	2018-12-28 20:50:19.031849+05:30	2018-12-28 20:50:19.031917+05:30
67	Egypt	2018-12-28 20:50:34.631025+05:30	2018-12-28 20:50:34.631097+05:30
68	El Salvador	2018-12-28 20:50:49.499371+05:30	2018-12-28 20:50:49.499418+05:30
69	Ellipso	2018-12-28 20:51:29.95386+05:30	2018-12-28 20:51:29.953921+05:30
70	EMSAT	2018-12-28 20:51:43.610227+05:30	2018-12-28 20:51:43.610281+05:30
71	Equatorial Guinea	2018-12-28 20:51:54.123157+05:30	2018-12-28 20:51:54.123218+05:30
72	Eritrea	2018-12-28 20:52:04.56586+05:30	2018-12-28 20:52:04.565921+05:30
73	Estonia	2018-12-28 20:52:20.245598+05:30	2018-12-28 20:52:20.245663+05:30
74	Ethiopia	2018-12-28 20:52:34.428859+05:30	2018-12-28 20:52:34.42892+05:30
75	Falkland Islands	2018-12-28 20:52:45.610473+05:30	2018-12-28 20:52:45.611123+05:30
76	Faroe Islands	2018-12-28 20:53:02.999771+05:30	2018-12-28 20:53:02.999834+05:30
77	Fiji	2018-12-28 20:53:18.014219+05:30	2018-12-28 20:53:18.014273+05:30
78	Finland	2018-12-28 20:53:31.730184+05:30	2018-12-28 20:53:31.730235+05:30
79	France	2018-12-28 20:53:44.939835+05:30	2018-12-28 20:53:44.939911+05:30
80	French Guiana	2018-12-28 20:54:09.838611+05:30	2018-12-28 20:54:09.838678+05:30
81	Gabon	2018-12-28 20:54:24.560732+05:30	2018-12-28 20:54:24.560804+05:30
82	Gambia	2018-12-28 20:54:35.14208+05:30	2018-12-28 20:54:35.142138+05:30
83	Georgia	2018-12-28 20:54:48.479186+05:30	2018-12-28 20:54:48.482438+05:30
84	Germany	2018-12-28 20:55:03.054398+05:30	2018-12-28 20:55:03.054452+05:30
85	Ghana	2018-12-28 20:55:17.028674+05:30	2018-12-28 20:55:17.028734+05:30
86	Gibraltar	2018-12-28 20:56:39.325537+05:30	2018-12-28 20:56:39.325601+05:30
87	Globalstar	2018-12-28 20:56:52.601479+05:30	2018-12-28 20:56:52.601543+05:30
88	Greece	2018-12-28 20:57:06.140217+05:30	2018-12-28 20:57:06.140266+05:30
89	Greenland	2018-12-28 20:57:18.160191+05:30	2018-12-28 20:57:18.160247+05:30
90	Grenada	2018-12-28 20:57:30.518184+05:30	2018-12-28 20:57:30.518245+05:30
91	Guadeloupe	2018-12-28 20:57:46.885782+05:30	2018-12-28 20:57:46.885832+05:30
92	Guam	2018-12-28 20:58:01.874196+05:30	2018-12-28 20:58:01.874246+05:30
93	Guatemala	2018-12-28 20:58:15.708224+05:30	2018-12-28 20:58:15.708285+05:30
94	Guinea	2018-12-28 20:58:41.240059+05:30	2018-12-28 20:58:41.240117+05:30
95	Guyana	2018-12-28 20:58:51.792857+05:30	2018-12-28 20:58:51.792908+05:30
96	Haiti	2018-12-28 20:59:04.49859+05:30	2018-12-28 20:59:04.498649+05:30
97	Honduras	2018-12-28 20:59:18.082654+05:30	2018-12-28 20:59:18.082705+05:30
98	Hong Kong	2018-12-28 20:59:30.80205+05:30	2018-12-28 20:59:30.802117+05:30
99	Hungary	2018-12-28 20:59:41.842141+05:30	2018-12-28 20:59:41.842207+05:30
100	Iceland	2018-12-28 21:00:01.038959+05:30	2018-12-28 21:00:01.039018+05:30
101	India	2018-12-28 21:00:13.655075+05:30	2018-12-28 21:00:13.655128+05:30
102	Indonesia	2018-12-28 21:00:29.920362+05:30	2018-12-28 21:00:29.920424+05:30
103	Inmarsat	2018-12-28 21:00:43.518104+05:30	2018-12-28 21:00:43.518156+05:30
104	INTL NETWORK	2018-12-28 21:01:07.499729+05:30	2018-12-28 21:01:07.499784+05:30
105	Iran	2018-12-28 21:01:17.726313+05:30	2018-12-28 21:01:17.726341+05:30
106	Iraq	2018-12-28 21:01:27.783375+05:30	2018-12-28 21:01:27.78344+05:30
107	Ireland	2018-12-28 21:01:42.993698+05:30	2018-12-28 21:01:42.99375+05:30
108	Iridium	2018-12-28 21:01:56.941589+05:30	2018-12-28 21:01:56.941718+05:30
109	Israel	2018-12-28 21:02:08.44618+05:30	2018-12-28 21:02:08.446234+05:30
110	Italy	2018-12-28 21:02:18.806183+05:30	2018-12-28 21:02:18.806247+05:30
111	Italy	2018-12-28 21:03:58.104406+05:30	2018-12-28 21:03:58.104469+05:30
112	Ivory Coast	2018-12-28 21:04:14.33692+05:30	2018-12-28 21:04:14.337027+05:30
113	Jamaica	2018-12-28 21:04:26.557392+05:30	2018-12-28 21:04:26.557458+05:30
114	Japan	2018-12-28 21:04:44.473847+05:30	2018-12-28 21:04:44.474162+05:30
115	Jordan	2018-12-28 21:04:54.33809+05:30	2018-12-28 21:04:54.338143+05:30
116	Kazakhstan	2018-12-28 21:05:07.009916+05:30	2018-12-28 21:05:07.009951+05:30
117	Kenya	2018-12-28 21:05:18.56198+05:30	2018-12-28 21:05:18.562032+05:30
118	Kiribati	2018-12-28 21:05:31.302423+05:30	2018-12-28 21:05:31.302482+05:30
119	Kuwait	2018-12-28 21:05:42.942005+05:30	2018-12-28 21:05:42.942036+05:30
120	Kyrgyzstan	2018-12-28 21:05:55.114439+05:30	2018-12-28 21:05:55.114496+05:30
121	Laos	2018-12-28 21:06:05.841065+05:30	2018-12-28 21:06:05.841115+05:30
122	Latvia	2018-12-28 21:06:21.164367+05:30	2018-12-28 21:06:21.164422+05:30
123	Lebanon	2018-12-28 21:06:37.461885+05:30	2018-12-28 21:06:37.461928+05:30
124	Lesotho	2018-12-28 21:06:49.392835+05:30	2018-12-28 21:06:49.3929+05:30
125	Liberia	2018-12-28 21:07:00.421041+05:30	2018-12-28 21:07:00.421645+05:30
126	Libya	2018-12-28 21:07:12.336916+05:30	2018-12-28 21:07:12.336969+05:30
127	Liechtenstein	2018-12-28 21:07:26.824275+05:30	2018-12-28 21:07:26.824329+05:30
128	Lithuania	2018-12-28 21:07:38.749084+05:30	2018-12-28 21:07:38.749149+05:30
129	Luxembourg	2018-12-28 21:07:50.874767+05:30	2018-12-28 21:07:50.87482+05:30
130	Macau	2018-12-28 21:08:01.967311+05:30	2018-12-28 21:08:01.967368+05:30
131	Macedonia	2018-12-28 21:08:13.914061+05:30	2018-12-28 21:08:13.914117+05:30
132	Madagascar	2018-12-28 21:08:46.172715+05:30	2018-12-28 21:08:46.172794+05:30
133	Malawi	2018-12-28 21:16:23.460432+05:30	2018-12-28 21:16:23.460485+05:30
134	Malaysia	2018-12-28 21:16:39.827423+05:30	2018-12-28 21:16:39.827488+05:30
135	Maldives	2018-12-28 21:16:54.812488+05:30	2018-12-28 21:16:54.812581+05:30
136	Mali	2018-12-28 21:17:13.559023+05:30	2018-12-28 21:17:13.559081+05:30
137	Malta	2018-12-28 21:18:53.223328+05:30	2018-12-28 21:18:53.223387+05:30
138	Mariana Islands	2018-12-28 21:19:07.601877+05:30	2018-12-28 21:19:07.601943+05:30
139	Marshall Islands	2018-12-28 21:19:22.849983+05:30	2018-12-28 21:19:22.850095+05:30
140	Martinique	2018-12-28 21:19:36.547479+05:30	2018-12-28 21:19:36.547541+05:30
141	Mauritania	2018-12-28 21:19:47.935232+05:30	2018-12-28 21:19:47.935293+05:30
142	Mauritius Island	2018-12-28 21:20:02.639252+05:30	2018-12-28 21:20:02.639306+05:30
143	Mayotte	2018-12-28 21:20:16.904586+05:30	2018-12-28 21:20:16.904638+05:30
144	Mexico	2018-12-28 21:20:27.209785+05:30	2018-12-28 21:20:27.209837+05:30
145	Micronesia	2018-12-28 21:20:49.239063+05:30	2018-12-28 21:20:49.239136+05:30
146	Moldova	2018-12-28 21:21:04.967736+05:30	2018-12-28 21:21:04.967864+05:30
147	Monaco	2018-12-28 21:21:17.214317+05:30	2018-12-28 21:21:17.214419+05:30
148	Mongolia	2018-12-28 21:21:34.96782+05:30	2018-12-28 21:21:34.967871+05:30
149	Montenegro	2018-12-28 21:21:49.599102+05:30	2018-12-28 21:21:49.599151+05:30
150	Montserrat	2018-12-28 21:22:01.754144+05:30	2018-12-28 21:22:01.754207+05:30
151	Morocco	2018-12-28 21:22:12.403502+05:30	2018-12-28 21:22:12.403612+05:30
152	Mozambique	2018-12-28 21:22:23.095909+05:30	2018-12-28 21:22:23.095958+05:30
153	Myanmar	2018-12-28 21:22:37.661052+05:30	2018-12-28 21:22:37.66112+05:30
154	Namibia	2018-12-28 21:22:50.418447+05:30	2018-12-28 21:22:50.418518+05:30
155	Nauru	2018-12-28 21:23:03.304422+05:30	2018-12-28 21:23:03.304457+05:30
156	Nepal	2018-12-28 21:23:15.518768+05:30	2018-12-28 21:23:15.51883+05:30
157	Netherlands	2018-12-28 21:23:27.409487+05:30	2018-12-28 21:23:27.409552+05:30
158	New Caledonia	2018-12-28 21:23:43.477529+05:30	2018-12-28 21:23:43.477577+05:30
159	New Zealand	2018-12-28 21:23:55.234595+05:30	2018-12-28 21:23:55.234621+05:30
160	Nicaragua	2018-12-28 21:24:06.313998+05:30	2018-12-28 21:24:06.314053+05:30
161	Niger	2018-12-28 21:24:23.608717+05:30	2018-12-28 21:24:23.608794+05:30
162	Nigeria	2018-12-28 21:24:35.902521+05:30	2018-12-28 21:24:35.902546+05:30
163	North Korea	2018-12-28 21:24:53.952081+05:30	2018-12-28 21:24:53.952112+05:30
164	Norway	2018-12-28 21:25:06.369894+05:30	2018-12-28 21:25:06.369945+05:30
165	Oman	2018-12-28 21:25:54.621664+05:30	2018-12-28 21:25:54.621733+05:30
166	ONAIR	2018-12-28 21:26:14.257617+05:30	2018-12-28 21:26:14.257685+05:30
167	Oration Technologies Network	2018-12-28 21:26:35.796018+05:30	2018-12-28 21:26:35.796083+05:30
168	Pakistan	2018-12-28 21:27:08.588474+05:30	2018-12-28 21:27:08.588582+05:30
169	Palau	2018-12-28 21:27:29.623558+05:30	2018-12-28 21:27:29.623849+05:30
170	Palestine	2018-12-28 21:27:49.486585+05:30	2018-12-28 21:27:49.486653+05:30
171	Panama	2018-12-28 21:28:24.137872+05:30	2018-12-28 21:28:24.137927+05:30
172	Papua New Guinea	2018-12-28 21:28:39.013434+05:30	2018-12-28 21:28:39.013526+05:30
173	Paraguay	2018-12-28 21:29:04.981965+05:30	2018-12-28 21:29:04.982033+05:30
174	Peru	2018-12-28 21:29:29.011449+05:30	2018-12-28 21:29:29.011512+05:30
175	Philippines	2018-12-28 21:32:05.681424+05:30	2018-12-28 21:32:05.681884+05:30
176	Poland	2018-12-28 21:33:00.950147+05:30	2018-12-28 21:33:00.950822+05:30
177	Portugal	2018-12-28 21:33:41.27452+05:30	2018-12-28 21:33:41.274578+05:30
178	Puerto Rico	2018-12-28 21:34:54.968595+05:30	2018-12-28 21:34:54.968659+05:30
179	Qatar	2018-12-28 21:35:10.710529+05:30	2018-12-28 21:35:10.710593+05:30
180	Reunion Island	2018-12-28 21:39:05.753332+05:30	2018-12-28 21:39:05.753401+05:30
181	Romania	2018-12-28 21:39:25.759037+05:30	2018-12-28 21:39:25.759095+05:30
182	Russia	2018-12-28 21:40:08.982733+05:30	2018-12-28 21:40:08.982785+05:30
183	Rwanda	2018-12-28 21:40:31.738191+05:30	2018-12-28 21:40:31.738256+05:30
184	San Marino	2018-12-28 21:40:58.71826+05:30	2018-12-28 21:40:58.718319+05:30
185	Sao Tome & Principe	2018-12-28 21:41:20.022483+05:30	2018-12-28 21:41:20.022534+05:30
186	Saudi Arabia	2018-12-28 21:41:50.194315+05:30	2018-12-28 21:41:50.194389+05:30
187	Senegal	2018-12-28 21:42:11.865848+05:30	2018-12-28 21:42:11.865887+05:30
188	Serbia	2018-12-28 21:42:46.639356+05:30	2018-12-28 21:42:46.639419+05:30
189	Seychelles	2018-12-28 21:43:05.880087+05:30	2018-12-28 21:43:05.880154+05:30
190	Sierra Leone	2018-12-28 21:43:30.201018+05:30	2018-12-28 21:43:30.201076+05:30
191	Singapore	2018-12-28 21:43:53.788863+05:30	2018-12-28 21:43:53.788932+05:30
192	Slovakia	2018-12-28 21:44:17.997843+05:30	2018-12-28 21:44:17.997895+05:30
193	Slovenia	2018-12-28 21:53:40.572756+05:30	2018-12-28 21:53:40.572815+05:30
194	Solomon Islands	2018-12-28 21:57:04.00628+05:30	2018-12-28 21:57:04.00634+05:30
195	Somalia	2018-12-28 21:57:16.425827+05:30	2018-12-28 21:57:16.425883+05:30
196	South Africa	2018-12-28 21:57:28.917913+05:30	2018-12-28 21:57:28.917962+05:30
197	South Korea	2018-12-28 21:58:08.879751+05:30	2018-12-28 21:58:08.879802+05:30
198	Spain	2018-12-28 21:58:44.436521+05:30	2018-12-28 21:58:44.436613+05:30
199	Sri Lanka	2018-12-28 22:01:19.229952+05:30	2018-12-28 22:01:19.230007+05:30
200	St. Helena	2018-12-28 22:01:36.911038+05:30	2018-12-28 22:01:36.911083+05:30
201	St. Kitts & Nevis	2018-12-28 22:02:01.203824+05:30	2018-12-28 22:02:01.20388+05:30
202	St. Lucia	2018-12-28 22:02:32.265715+05:30	2018-12-28 22:02:32.265774+05:30
203	St. Pierre & Miquelon	2018-12-28 22:02:54.943847+05:30	2018-12-28 22:02:54.943898+05:30
204	St. Vincent & Grenadines	2018-12-28 22:03:21.215823+05:30	2018-12-28 22:03:21.215874+05:30
205	Sudan	2018-12-28 22:04:11.043151+05:30	2018-12-28 22:04:11.043211+05:30
206	Suriname	2018-12-28 22:04:27.377329+05:30	2018-12-28 22:04:27.377381+05:30
207	Swaziland	2018-12-28 22:04:45.126015+05:30	2018-12-28 22:04:45.126064+05:30
208	Sweden	2018-12-28 22:05:38.748523+05:30	2018-12-28 22:05:38.748619+05:30
209	Switzerland	2018-12-28 22:05:49.84558+05:30	2018-12-28 22:05:49.845608+05:30
210	Syria	2018-12-28 22:06:13.377355+05:30	2018-12-28 22:06:13.377399+05:30
211	Taiwan	2018-12-28 22:06:32.34211+05:30	2018-12-28 22:06:32.342174+05:30
212	Tajikistan	2018-12-28 22:06:55.390297+05:30	2018-12-28 22:06:55.390339+05:30
213	Tanzania	2018-12-28 22:07:37.712097+05:30	2018-12-28 22:07:37.712139+05:30
214	Thailand	2018-12-28 22:08:12.836516+05:30	2018-12-28 22:08:12.83659+05:30
215	Thuraya	2018-12-28 22:08:28.528645+05:30	2018-12-28 22:08:28.52867+05:30
216	Togo	2018-12-28 22:09:05.221752+05:30	2018-12-28 22:09:05.221798+05:30
217	Tokelau	2018-12-28 22:09:24.347255+05:30	2018-12-28 22:09:24.347307+05:30
218	Tonga	2018-12-28 22:09:38.340159+05:30	2018-12-28 22:09:38.340208+05:30
219	Trinidad & Tobago	2018-12-28 22:10:07.446554+05:30	2018-12-28 22:10:07.446587+05:30
220	Tunisia	2018-12-28 22:10:26.454291+05:30	2018-12-28 22:10:26.454352+05:30
221	Turkey	2018-12-28 22:11:01.146704+05:30	2018-12-28 22:11:01.146739+05:30
222	Turkmenistan	2018-12-28 22:11:17.679561+05:30	2018-12-28 22:11:17.679621+05:30
223	Turks & Caicos	2018-12-28 22:11:46.777392+05:30	2018-12-28 22:11:46.777419+05:30
224	Tuvalu	2018-12-28 22:12:01.231545+05:30	2018-12-28 22:12:01.231608+05:30
225	U.S. Virgin Islands	2018-12-28 22:12:18.854341+05:30	2018-12-28 22:12:18.854436+05:30
226	Uganda	2018-12-28 22:12:37.999698+05:30	2018-12-28 22:12:37.999752+05:30
227	Ukraine	2018-12-28 22:13:04.265579+05:30	2018-12-28 22:13:04.265638+05:30
228	United Arab Emirates	2018-12-28 22:13:24.652773+05:30	2018-12-28 22:13:24.652839+05:30
229	United Kingdom	2018-12-28 22:14:44.547835+05:30	2018-12-28 22:14:44.547891+05:30
230	Uruguay	2018-12-28 22:15:02.30684+05:30	2018-12-28 22:15:02.306893+05:30
231	Uzbekistan	2018-12-28 22:15:47.902326+05:30	2018-12-28 22:15:47.902365+05:30
232	Vanuatu	2018-12-28 22:16:28.294386+05:30	2018-12-28 22:16:28.294411+05:30
233	Venezuela	2018-12-28 22:16:49.254671+05:30	2018-12-28 22:16:49.254781+05:30
234	Vietnam	2018-12-28 22:17:24.28352+05:30	2018-12-28 22:17:24.283559+05:30
235	Wallis & Futuna	2018-12-28 22:17:34.819342+05:30	2018-12-28 22:17:34.819395+05:30
236	Western Samoa	2018-12-28 22:17:57.077483+05:30	2018-12-28 22:17:57.077539+05:30
237	Yemen (Arab Republic)	2018-12-28 22:18:20.880039+05:30	2018-12-28 22:18:20.880091+05:30
238	Zambia	2018-12-28 22:18:42.321912+05:30	2018-12-28 22:18:42.321965+05:30
239	Zimbabwe	2018-12-28 22:18:53.876191+05:30	2018-12-28 22:18:53.876246+05:30
\.


--
-- Name: adminsidecustomer_country_id_seq; Type: SEQUENCE SET; Schema: public; Owner: postgres
--

SELECT pg_catalog.setval('public.adminsidecustomer_country_id_seq', 2, true);


--
-- Data for Name: adminsidecustomer_customer; Type: TABLE DATA; Schema: public; Owner: postgres
--

COPY public.adminsidecustomer_customer (id, account_id, status, first_name, first_name_gsr, last_name, last_name_gsr, company_name, company_name_gsr, email_address, phone, other_phone, portal_password, dob, display_name, prefferd_language, zone, created_at, updated_at) FROM stdin;
6	20191113001	0%	Ranit		Saha		fghhyq		ranit.saha@navsoft.in	1234567890	9876543210	j_wguQO+dzSqmzsI	11/16/2019	company_name	english	residential	2019-11-13 16:14:00.089027+05:30	2019-11-19 22:22:08.758643+05:30
\.


--
-- Name: adminsidecustomer_customer_id_seq; Type: SEQUENCE SET; Schema: public; Owner: postgres
--

SELECT pg_catalog.setval('public.adminsidecustomer_customer_id_seq', 6, true);


--
-- Data for Name: adminsidecustomer_customeraccountstatus; Type: TABLE DATA; Schema: public; Owner: postgres
--

COPY public.adminsidecustomer_customeraccountstatus (id, contract_sent, contract_accepted, first_payment_done, req_has_been_sent, devices_shipped, devices_received, installation_date, installation_done, created_at, updated_at, customer_id) FROM stdin;
\.


--
-- Name: adminsidecustomer_customeraccountstatus_id_seq; Type: SEQUENCE SET; Schema: public; Owner: postgres
--

SELECT pg_catalog.setval('public.adminsidecustomer_customeraccountstatus_id_seq', 1, true);


--
-- Data for Name: adminsidecustomer_customercomment; Type: TABLE DATA; Schema: public; Owner: postgres
--

COPY public.adminsidecustomer_customercomment (id, comment, created_at, updated_at, touser_id, user_id) FROM stdin;
\.


--
-- Name: adminsidecustomer_customercomment_id_seq; Type: SEQUENCE SET; Schema: public; Owner: postgres
--

SELECT pg_catalog.setval('public.adminsidecustomer_customercomment_id_seq', 1, false);


--
-- Data for Name: adminsidecustomer_customerinvoicemap; Type: TABLE DATA; Schema: public; Owner: postgres
--

COPY public.adminsidecustomer_customerinvoicemap (id, details, invoice_month, amount_type, end_term, status, created_at, updated_at, customer_id) FROM stdin;
\.


--
-- Name: adminsidecustomer_customerinvoicemap_id_seq; Type: SEQUENCE SET; Schema: public; Owner: postgres
--

SELECT pg_catalog.setval('public.adminsidecustomer_customerinvoicemap_id_seq', 1, false);


--
-- Data for Name: adminsidecustomer_customerusermap; Type: TABLE DATA; Schema: public; Owner: postgres
--

COPY public.adminsidecustomer_customerusermap (id, created_at, updated_at, customer_id, user_id) FROM stdin;
4	2019-11-13 16:14:00.185008+05:30	2019-11-13 16:14:00.185034+05:30	6	8
\.


--
-- Name: adminsidecustomer_customerusermap_id_seq; Type: SEQUENCE SET; Schema: public; Owner: postgres
--

SELECT pg_catalog.setval('public.adminsidecustomer_customerusermap_id_seq', 4, true);


--
-- Data for Name: adminsidecustomer_cutomerattachmentmap; Type: TABLE DATA; Schema: public; Owner: postgres
--

COPY public.adminsidecustomer_cutomerattachmentmap (id, file_name, filedata, file_type, created_at, updated_at, customer_id) FROM stdin;
\.


--
-- Name: adminsidecustomer_cutomerattachmentmap_id_seq; Type: SEQUENCE SET; Schema: public; Owner: postgres
--

SELECT pg_catalog.setval('public.adminsidecustomer_cutomerattachmentmap_id_seq', 1, false);


--
-- Data for Name: adminsidecustomer_province; Type: TABLE DATA; Schema: public; Owner: postgres
--

COPY public.adminsidecustomer_province (id, province_name, created_at, updated_at, country_id_id) FROM stdin;
1	North	2019-11-12 14:52:42.434156+05:30	2019-11-12 14:52:42.434228+05:30	1
2	Quebec	2018-08-07 16:02:47.979571+05:30	2018-08-07 16:02:47.979571+05:30	3
3	East	2019-11-12 14:52:58.116474+05:30	2019-11-12 14:52:58.116528+05:30	1
4	Alberta	2018-08-08 11:12:42.615784+05:30	2018-08-08 11:12:42.615784+05:30	3
5	British Columbia	2018-08-08 11:12:43.747848+05:30	2018-08-08 11:12:43.748848+05:30	3
6	Manitoba	2018-08-08 11:12:44.876913+05:30	2018-08-08 11:12:44.876913+05:30	3
7	New Brunswick	2018-08-08 11:12:46.003977+05:30	2018-08-08 11:12:46.003977+05:30	3
8	Newfoundland and Labrador	2018-08-08 11:12:47.131042+05:30	2018-08-08 11:12:47.131042+05:30	3
9	Northwest Territories	2018-08-08 11:12:48.257106+05:30	2018-08-08 11:12:48.258106+05:30	3
10	Nova Scotia	2018-08-08 11:12:49.427173+05:30	2018-08-08 11:12:49.427173+05:30	3
11	Nunavut	2018-08-08 11:12:50.553238+05:30	2018-08-08 11:12:50.553238+05:30	3
12	Ontario	2018-08-08 11:12:51.686302+05:30	2018-08-08 11:12:51.686302+05:30	3
13	Prince Edward Island	2018-08-08 11:12:52.814367+05:30	2018-08-08 11:12:52.814367+05:30	3
14	Saskatchewan	2018-08-08 11:12:53.939431+05:30	2018-08-08 11:12:53.939431+05:30	3
15	Yukon Territory	2018-08-08 11:12:55.068496+05:30	2018-08-08 11:12:55.068496+05:30	3
18	Arizona	2018-12-18 15:00:05.845358+05:30	2018-12-18 16:36:14.040979+05:30	6
19	Alabama	2018-12-25 00:18:19.811801+05:30	2018-12-25 00:18:19.811859+05:30	6
20	Alaska	2018-12-25 00:18:56.003319+05:30	2018-12-25 00:18:56.003413+05:30	6
21	Arkansas	2018-12-25 00:19:21.032352+05:30	2018-12-25 00:19:21.032414+05:30	6
22	California	2018-12-25 00:19:34.29367+05:30	2018-12-25 00:19:34.293737+05:30	6
23	Colorado	2018-12-25 00:19:53.922164+05:30	2018-12-25 00:19:53.922229+05:30	6
24	Connecticut	2018-12-25 00:20:06.673324+05:30	2018-12-25 00:20:06.673508+05:30	6
25	Delaware	2018-12-25 00:20:29.3462+05:30	2018-12-25 00:20:29.346249+05:30	6
26	District of Columbia	2018-12-25 00:20:43.289843+05:30	2018-12-25 00:20:43.290832+05:30	6
27	Florida	2018-12-25 00:20:55.865985+05:30	2018-12-25 00:20:55.866589+05:30	6
28	Georgia	2018-12-25 00:21:17.013341+05:30	2018-12-25 00:21:17.013402+05:30	6
29	Hawaii	2018-12-25 00:21:33.505889+05:30	2018-12-25 00:21:33.50599+05:30	6
30	Idaho	2018-12-25 00:21:48.83566+05:30	2018-12-25 00:21:48.835719+05:30	6
31	Illinois	2018-12-25 00:22:05.106697+05:30	2018-12-25 00:22:05.106756+05:30	6
32	Indiana	2018-12-25 00:22:19.787206+05:30	2018-12-25 00:22:19.787261+05:30	6
33	Iowa	2018-12-25 00:22:34.900956+05:30	2018-12-25 00:22:34.901018+05:30	6
34	Kansas	2018-12-25 00:22:51.828809+05:30	2018-12-25 00:22:51.828893+05:30	6
35	Kentucky	2018-12-25 00:23:06.789408+05:30	2018-12-25 00:23:06.789469+05:30	6
36	Louisiana	2018-12-25 00:23:23.047773+05:30	2018-12-25 00:23:23.04783+05:30	6
37	Maine	2018-12-25 00:23:37.627651+05:30	2018-12-25 00:23:37.627721+05:30	6
38	Maryland	2018-12-25 00:23:49.857922+05:30	2018-12-25 00:23:49.857986+05:30	6
39	Massachusetts	2018-12-25 00:24:07.091947+05:30	2018-12-25 00:24:07.092007+05:30	6
40	Michigan	2018-12-25 00:24:23.915234+05:30	2018-12-25 00:24:23.915295+05:30	6
41	Minnesota	2018-12-25 00:24:38.449245+05:30	2018-12-25 00:24:38.449312+05:30	6
42	Mississippi	2018-12-25 00:24:59.253454+05:30	2018-12-25 00:24:59.253515+05:30	6
43	Missouri	2018-12-25 00:25:10.725441+05:30	2018-12-25 00:25:10.725516+05:30	6
44	Montana	2018-12-25 00:25:25.057089+05:30	2018-12-25 00:25:25.057145+05:30	6
45	Nevada	2018-12-25 00:25:40.901671+05:30	2018-12-25 00:25:40.901732+05:30	6
46	New Hampshire	2018-12-25 00:26:02.655656+05:30	2018-12-25 00:26:02.655716+05:30	6
47	New Jersey	2018-12-25 00:26:14.75021+05:30	2018-12-25 00:26:14.750768+05:30	6
48	New Mexico	2018-12-25 00:26:34.653132+05:30	2018-12-25 00:26:34.653201+05:30	6
49	New York	2018-12-25 00:26:48.975292+05:30	2018-12-25 00:26:48.975354+05:30	6
50	North Carolina	2018-12-25 00:27:03.452393+05:30	2018-12-25 00:27:03.452455+05:30	6
51	North Dakota	2018-12-25 00:27:19.206012+05:30	2018-12-25 00:27:19.206073+05:30	6
52	Ohio	2018-12-25 00:27:34.049194+05:30	2018-12-25 00:27:34.049254+05:30	6
53	Oklahoma	2018-12-25 00:27:48.325211+05:30	2018-12-25 00:27:48.325268+05:30	6
54	Oregon	2018-12-25 00:28:00.701332+05:30	2018-12-25 00:28:00.701401+05:30	6
55	Pennsylvania	2018-12-25 00:28:15.43394+05:30	2018-12-25 00:28:15.434004+05:30	6
56	Puerto Rico	2018-12-25 00:28:28.357649+05:30	2018-12-25 00:28:28.357754+05:30	6
57	Rhode Island	2018-12-25 00:28:44.095661+05:30	2018-12-25 00:28:44.09577+05:30	6
58	South Carolina	2018-12-25 00:28:58.40276+05:30	2018-12-25 00:28:58.40283+05:30	6
59	Tennessee	2018-12-25 00:29:10.614156+05:30	2018-12-25 00:29:10.61421+05:30	6
60	Vermont	2018-12-25 00:29:54.897175+05:30	2018-12-25 00:29:54.897242+05:30	6
61	Virginia	2018-12-25 00:30:12.293635+05:30	2018-12-25 00:30:12.293705+05:30	6
62	Washington	2018-12-25 00:30:26.956963+05:30	2018-12-25 00:30:26.957021+05:30	6
63	Washington, DC	2018-12-25 00:30:40.367904+05:30	2018-12-25 00:30:40.36797+05:30	6
64	West Virginia	2018-12-25 00:30:58.614597+05:30	2018-12-25 00:30:58.614874+05:30	6
65	Wisconsin	2018-12-25 00:31:12.689197+05:30	2018-12-25 00:31:12.68925+05:30	6
66	Toll Free Numbers	2018-12-25 00:31:32.052807+05:30	2018-12-25 00:31:32.052862+05:30	6
67	Texas	2018-12-28 03:56:56.192302+05:30	2018-12-28 03:56:56.192327+05:30	6
68	Utah	2018-12-28 04:12:24.727278+05:30	2018-12-28 04:12:24.727307+05:30	6
69	Wyoming	2018-12-28 04:35:02.318143+05:30	2018-12-28 04:35:02.318288+05:30	6
70	Nebraska	2018-12-28 04:40:46.448895+05:30	2018-12-28 04:40:46.448945+05:30	6
71	South Dakota	2018-12-28 04:41:14.610218+05:30	2018-12-28 04:41:14.610263+05:30	6
\.


--
-- Name: adminsidecustomer_province_id_seq; Type: SEQUENCE SET; Schema: public; Owner: postgres
--

SELECT pg_catalog.setval('public.adminsidecustomer_province_id_seq', 6, true);


--
-- Data for Name: adminsidecustomer_sales_tax; Type: TABLE DATA; Schema: public; Owner: postgres
--

COPY public.adminsidecustomer_sales_tax (id, tax_name, abbreviation, description, tax_number, is_tax_number_show, is_fedral_tax, is_provisional_tax, tax_rate, created_at, updated_at, province_id) FROM stdin;
2	Indo-Eastern Tax	IET	Lorem Ipsum is simply dummy text of the printing and typesetting industry. Lorem Ipsum has been the industry's standard dummy text ever since the 1500s, when an unknown printer took a galley of type and scrambled it to make a type specimen book.	112233	True	True	True	10	2019-11-14 12:06:21.742603+05:30	2019-11-19 13:01:14.260419+05:30	3
1	Indo-Northern Tax	INT	Lorem Ipsum is simply dummy text of the printing and typesetting industry. Lorem Ipsum has been the industry's standard dummy text ever since the 1500s, when an unknown printer took a galley of type and scrambled it to make a type specimen book.	123456	True	True	True	15	2019-11-14 12:05:34.918809+05:30	2019-11-19 13:01:29.594204+05:30	1
\.


--
-- Name: adminsidecustomer_sales_tax_id_seq; Type: SEQUENCE SET; Schema: public; Owner: postgres
--

SELECT pg_catalog.setval('public.adminsidecustomer_sales_tax_id_seq', 2, true);


--
-- Data for Name: adminsideserviceprovider_contractbasedhardwarewithmac; Type: TABLE DATA; Schema: public; Owner: postgres
--

COPY public.adminsideserviceprovider_contractbasedhardwarewithmac (id, type, model, mac, sn, ver, usrn, passu, adusr, adpass, dslusr, dslpass, date_start, date_end, still_in_service, device_buy, device_rental, montly_rent, created_at, updated_at, customer_id, hw_id) FROM stdin;
\.


--
-- Name: adminsideserviceprovider_contractbasedhardwarewithmac_id_seq; Type: SEQUENCE SET; Schema: public; Owner: postgres
--

SELECT pg_catalog.setval('public.adminsideserviceprovider_contractbasedhardwarewithmac_id_seq', 1, false);


--
-- Data for Name: adminsideserviceprovider_customerservicecontract; Type: TABLE DATA; Schema: public; Owner: postgres
--

COPY public.adminsideserviceprovider_customerservicecontract (id, customerwithservice, service_plan_hardware, type, contract_terms, payment_status, created_at, updated_at, user_id) FROM stdin;
\.


--
-- Name: adminsideserviceprovider_customerservicecontract_id_seq; Type: SEQUENCE SET; Schema: public; Owner: postgres
--

SELECT pg_catalog.setval('public.adminsideserviceprovider_customerservicecontract_id_seq', 1, false);


--
-- Data for Name: adminsideserviceprovider_customerticketscategoriesmap; Type: TABLE DATA; Schema: public; Owner: postgres
--

COPY public.adminsideserviceprovider_customerticketscategoriesmap (id, subject, threads, category, priority, working_status, updatedetails, created_at, updated_at, customer_id, "ticketCategory_id", updatedby_id, service_provider_id) FROM stdin;
2	Test	Sample Desc	user	medium	Pending		2019-11-14 16:53:54.120502+05:30	2019-11-14 16:53:54.120529+05:30	6	1	2	1
3	aaaaaaaaaaaaa	xxxxxxxxxx	administrator	low	Pending		2019-11-19 20:19:55.965627+05:30	2019-11-19 20:19:55.965649+05:30	6	1	2	1
\.


--
-- Name: adminsideserviceprovider_customerticketscategoriesmap_id_seq; Type: SEQUENCE SET; Schema: public; Owner: postgres
--

SELECT pg_catalog.setval('public.adminsideserviceprovider_customerticketscategoriesmap_id_seq', 3, true);


--
-- Data for Name: adminsideserviceprovider_customerwithservice; Type: TABLE DATA; Schema: public; Owner: postgres
--

COPY public.adminsideserviceprovider_customerwithservice (id, service_price_actual, service_price_retail, service_price_qty, plan_status, plan_paid_status, created_at, updated_at, service_plan_id, service_provider_id, user_id) FROM stdin;
4	45	50	1	y	Monthly	2019-11-13 16:37:59.745864+05:30	2019-11-13 16:37:59.745889+05:30	3	2	6
5	95	100	1	N	Monthly	2019-11-15 15:01:17.429369+05:30	2019-11-15 15:03:16.027338+05:30	2	1	6
6	17.25	20	1	N	Monthly	2019-11-15 15:01:19.533977+05:30	2019-11-15 15:03:27.835886+05:30	1	1	6
3	49	55	1	N	Monthly	2019-11-13 16:37:57.145865+05:30	2019-11-15 16:31:50.444798+05:30	4	3	6
7	49	55	1	y	Monthly	2019-11-15 16:40:22.369153+05:30	2019-11-15 16:40:22.36921+05:30	4	3	6
\.


--
-- Name: adminsideserviceprovider_customerwithservice_id_seq; Type: SEQUENCE SET; Schema: public; Owner: postgres
--

SELECT pg_catalog.setval('public.adminsideserviceprovider_customerwithservice_id_seq', 7, true);


--
-- Data for Name: adminsideserviceprovider_hardware; Type: TABLE DATA; Schema: public; Owner: postgres
--

COPY public.adminsideserviceprovider_hardware (id, hw_title, type, model, mac, sn, ver, usrn, passu, adusr, adpass, dslusr, dslpass, date_start, date_end, still_in_service, device_buy, device_rental, montly_rent, created_at, updated_at) FROM stdin;
\.


--
-- Name: adminsideserviceprovider_hardware_id_seq; Type: SEQUENCE SET; Schema: public; Owner: postgres
--

SELECT pg_catalog.setval('public.adminsideserviceprovider_hardware_id_seq', 1, false);


--
-- Data for Name: adminsideserviceprovider_manageservicepricedoc; Type: TABLE DATA; Schema: public; Owner: postgres
--

COPY public.adminsideserviceprovider_manageservicepricedoc (id, service_price_doc_name, service_price_doc, status, created_at, updated_at, service_price_provider_id) FROM stdin;
\.


--
-- Name: adminsideserviceprovider_manageservicepricedoc_id_seq; Type: SEQUENCE SET; Schema: public; Owner: postgres
--

SELECT pg_catalog.setval('public.adminsideserviceprovider_manageservicepricedoc_id_seq', 1, false);


--
-- Data for Name: adminsideserviceprovider_serviceplanwithhardware; Type: TABLE DATA; Schema: public; Owner: postgres
--

COPY public.adminsideserviceprovider_serviceplanwithhardware (id, hw_qty, hw_status, created_at, updated_at, hw_id, service_plan_id) FROM stdin;
\.


--
-- Name: adminsideserviceprovider_serviceplanwithhardware_id_seq; Type: SEQUENCE SET; Schema: public; Owner: postgres
--

SELECT pg_catalog.setval('public.adminsideserviceprovider_serviceplanwithhardware_id_seq', 1, false);


--
-- Data for Name: adminsideserviceprovider_serviceprovider; Type: TABLE DATA; Schema: public; Owner: postgres
--

COPY public.adminsideserviceprovider_serviceprovider (id, service_provider_name, created_at, updated_at) FROM stdin;
1	Airtel	2019-11-12 14:53:37.64763+05:30	2019-11-12 14:53:37.6477+05:30
2	Idea	2019-11-12 14:53:43.483522+05:30	2019-11-12 14:53:43.483592+05:30
3	Vodafone	2019-11-12 14:53:50.465477+05:30	2019-11-12 14:53:50.465553+05:30
5	shaw	2019-07-17 23:49:50.196865+05:30	2019-07-17 23:49:50.196894+05:30
6	EGC	2019-07-17 23:50:00.850376+05:30	2019-07-17 23:50:00.850405+05:30
7	Cro	2019-07-17 23:50:15.91259+05:30	2019-07-17 23:50:15.912618+05:30
8	Tek	2019-07-17 23:50:47.834588+05:30	2019-07-17 23:50:47.834617+05:30
4	Rogers	2019-07-17 23:49:39.34561+05:30	2019-08-08 15:00:27.536143+05:30
\.


--
-- Name: adminsideserviceprovider_serviceprovider_id_seq; Type: SEQUENCE SET; Schema: public; Owner: postgres
--

SELECT pg_catalog.setval('public.adminsideserviceprovider_serviceprovider_id_seq', 3, true);


--
-- Data for Name: adminsideserviceprovider_serviceprovidercitymap; Type: TABLE DATA; Schema: public; Owner: postgres
--

COPY public.adminsideserviceprovider_serviceprovidercitymap (id, created_at, updated_at, city_id, country_id, province_id, service_provider_id) FROM stdin;
1	2019-11-13 15:02:45.923332+05:30	2019-11-13 15:02:45.923359+05:30	2	1	3	1
2	2019-11-13 15:02:45.936224+05:30	2019-11-13 15:02:45.936249+05:30	2	1	3	2
3	2019-11-13 15:02:45.939152+05:30	2019-11-13 15:02:45.93918+05:30	2	1	3	3
4	2019-11-13 15:02:54.294102+05:30	2019-11-13 15:02:54.294129+05:30	1	1	3	3
5	2019-11-13 15:02:54.297838+05:30	2019-11-13 15:02:54.297855+05:30	1	1	3	2
74	2019-08-29 18:30:18.510699+05:30	2019-08-29 18:30:18.510733+05:30	1134	3	2	2
75	2019-08-29 18:30:18.513567+05:30	2019-08-29 18:30:18.51359+05:30	1134	3	2	5
82	2019-08-29 21:46:32.014051+05:30	2019-08-29 21:46:32.014084+05:30	972	3	12	4
83	2019-08-29 21:46:32.017286+05:30	2019-08-29 21:46:32.01731+05:30	972	3	12	3
84	2019-08-29 21:46:32.01963+05:30	2019-08-29 21:46:32.019671+05:30	972	3	12	6
22	2019-08-08 15:02:34.032629+05:30	2019-08-08 15:02:34.032671+05:30	9	3	4	8
85	2019-08-29 21:46:58.888921+05:30	2019-08-29 21:46:58.888974+05:30	2	3	12	3
86	2019-08-29 21:46:58.893064+05:30	2019-08-29 21:46:58.893092+05:30	2	3	12	6
87	2019-08-29 21:46:58.89548+05:30	2019-08-29 21:46:58.895502+05:30	2	3	12	4
88	2019-08-29 21:47:23.957099+05:30	2019-08-29 21:47:23.957133+05:30	973	3	12	6
89	2019-08-29 21:47:23.960175+05:30	2019-08-29 21:47:23.9602+05:30	973	3	12	3
90	2019-08-29 21:47:23.962123+05:30	2019-08-29 21:47:23.962151+05:30	973	3	12	4
91	2019-08-29 21:47:35.699362+05:30	2019-08-29 21:47:35.699394+05:30	974	3	12	3
92	2019-08-29 21:47:35.702241+05:30	2019-08-29 21:47:35.702264+05:30	974	3	12	6
93	2019-08-29 21:47:35.704026+05:30	2019-08-29 21:47:35.704056+05:30	974	3	12	4
94	2019-08-29 21:48:21.386738+05:30	2019-08-29 21:48:21.386766+05:30	977	3	12	4
95	2019-08-29 21:48:21.390269+05:30	2019-08-29 21:48:21.390291+05:30	977	3	12	6
96	2019-08-29 21:48:21.392328+05:30	2019-08-29 21:48:21.392349+05:30	977	3	12	3
97	2019-08-29 21:49:22.324048+05:30	2019-08-29 21:49:22.324081+05:30	978	3	12	1
98	2019-08-29 21:49:22.327531+05:30	2019-08-29 21:49:22.327557+05:30	978	3	12	6
99	2019-08-29 21:49:22.329594+05:30	2019-08-29 21:49:22.329617+05:30	978	3	12	3
100	2019-08-29 21:55:15.963796+05:30	2019-08-29 21:55:15.963825+05:30	983	3	12	4
101	2019-08-29 21:55:15.966874+05:30	2019-08-29 21:55:15.966896+05:30	983	3	12	3
102	2019-08-29 21:55:15.96953+05:30	2019-08-29 21:55:15.969552+05:30	983	3	12	6
103	2019-08-29 21:56:07.06624+05:30	2019-08-29 21:56:07.066273+05:30	985	3	12	3
104	2019-08-29 21:56:07.069698+05:30	2019-08-29 21:56:07.069721+05:30	985	3	12	4
105	2019-08-29 21:56:07.071563+05:30	2019-08-29 21:56:07.071585+05:30	985	3	12	6
106	2019-08-29 21:56:47.001411+05:30	2019-08-29 21:56:47.001452+05:30	986	3	12	1
107	2019-08-29 21:56:47.006921+05:30	2019-08-29 21:56:47.006948+05:30	986	3	12	6
108	2019-08-29 21:56:47.008906+05:30	2019-08-29 21:56:47.008928+05:30	986	3	12	3
109	2019-08-29 21:57:27.85754+05:30	2019-08-29 21:57:27.857571+05:30	989	3	12	1
110	2019-08-29 21:57:27.860632+05:30	2019-08-29 21:57:27.860656+05:30	989	3	12	3
111	2019-08-29 21:57:27.862477+05:30	2019-08-29 21:57:27.862498+05:30	989	3	12	6
112	2019-08-29 21:58:06.256454+05:30	2019-08-29 21:58:06.256486+05:30	991	3	12	4
113	2019-08-29 21:58:06.259751+05:30	2019-08-29 21:58:06.259774+05:30	991	3	12	6
114	2019-08-29 21:58:06.261794+05:30	2019-08-29 21:58:06.261841+05:30	991	3	12	3
115	2019-08-29 22:01:55.427903+05:30	2019-08-29 22:01:55.427936+05:30	998	3	12	1
116	2019-08-29 22:01:55.43126+05:30	2019-08-29 22:01:55.431282+05:30	998	3	12	6
117	2019-08-29 22:01:55.433294+05:30	2019-08-29 22:01:55.433317+05:30	998	3	12	3
118	2019-08-29 22:02:33.459098+05:30	2019-08-29 22:02:33.459131+05:30	1000	3	12	3
119	2019-08-29 22:02:33.46221+05:30	2019-08-29 22:02:33.462237+05:30	1000	3	12	4
120	2019-08-29 22:02:33.464099+05:30	2019-08-29 22:02:33.464122+05:30	1000	3	12	6
121	2019-08-29 22:05:31.202324+05:30	2019-08-29 22:05:31.202358+05:30	1001	3	12	3
122	2019-08-29 22:05:31.205372+05:30	2019-08-29 22:05:31.205401+05:30	1001	3	12	1
123	2019-08-29 22:05:31.207581+05:30	2019-08-29 22:05:31.207606+05:30	1001	3	12	6
124	2019-08-29 22:08:22.898072+05:30	2019-08-29 22:08:22.898103+05:30	1021	3	12	3
125	2019-08-29 22:08:22.901808+05:30	2019-08-29 22:08:22.901839+05:30	1021	3	12	6
126	2019-08-29 22:08:22.903925+05:30	2019-08-29 22:08:22.903946+05:30	1021	3	12	4
127	2019-08-29 22:09:45.053301+05:30	2019-08-29 22:09:45.053333+05:30	1025	3	12	1
128	2019-08-29 22:09:45.056321+05:30	2019-08-29 22:09:45.056344+05:30	1025	3	12	6
129	2019-08-29 22:09:45.058276+05:30	2019-08-29 22:09:45.058297+05:30	1025	3	12	3
130	2019-08-29 22:19:32.189339+05:30	2019-08-29 22:19:32.189373+05:30	1027	3	12	1
131	2019-08-29 22:19:32.192862+05:30	2019-08-29 22:19:32.192887+05:30	1027	3	12	6
132	2019-08-29 22:19:32.194937+05:30	2019-08-29 22:19:32.194964+05:30	1027	3	12	3
133	2019-08-29 22:20:57.472084+05:30	2019-08-29 22:20:57.47211+05:30	1032	3	12	1
134	2019-08-29 22:20:57.47543+05:30	2019-08-29 22:20:57.475455+05:30	1032	3	12	6
135	2019-08-29 22:20:57.477827+05:30	2019-08-29 22:20:57.477849+05:30	1032	3	12	3
136	2019-08-29 22:22:29.44601+05:30	2019-08-29 22:22:29.446041+05:30	1040	3	12	1
137	2019-08-29 22:22:29.449103+05:30	2019-08-29 22:22:29.449125+05:30	1040	3	12	6
138	2019-08-29 22:22:29.450911+05:30	2019-08-29 22:22:29.450932+05:30	1040	3	12	3
139	2019-08-29 22:23:02.269454+05:30	2019-08-29 22:23:02.269505+05:30	1043	3	12	4
140	2019-08-29 22:23:02.27237+05:30	2019-08-29 22:23:02.272393+05:30	1043	3	12	3
141	2019-08-29 22:23:02.274229+05:30	2019-08-29 22:23:02.274253+05:30	1043	3	12	6
142	2019-08-29 22:23:53.830114+05:30	2019-08-29 22:23:53.830146+05:30	1050	3	12	4
143	2019-08-29 22:23:53.833096+05:30	2019-08-29 22:23:53.833118+05:30	1050	3	12	3
144	2019-08-29 22:23:53.835+05:30	2019-08-29 22:23:53.835022+05:30	1050	3	12	6
145	2019-08-29 22:24:36.925556+05:30	2019-08-29 22:24:36.925592+05:30	1052	3	12	4
146	2019-08-29 22:24:36.928321+05:30	2019-08-29 22:24:36.928343+05:30	1052	3	12	3
147	2019-08-29 22:24:36.93013+05:30	2019-08-29 22:24:36.930151+05:30	1052	3	12	6
148	2019-08-29 22:25:34.572774+05:30	2019-08-29 22:25:34.572803+05:30	1056	3	12	1
149	2019-08-29 22:25:34.575932+05:30	2019-08-29 22:25:34.575954+05:30	1056	3	12	3
150	2019-08-29 22:25:34.577835+05:30	2019-08-29 22:25:34.577857+05:30	1056	3	12	6
151	2019-08-29 22:26:00.571495+05:30	2019-08-29 22:26:00.571529+05:30	1058	3	12	4
152	2019-08-29 22:26:00.574976+05:30	2019-08-29 22:26:00.575006+05:30	1058	3	12	6
153	2019-08-29 22:26:00.577049+05:30	2019-08-29 22:26:00.577074+05:30	1058	3	12	3
154	2019-08-29 22:27:22.929849+05:30	2019-08-29 22:27:22.929878+05:30	1065	3	12	4
155	2019-08-29 22:27:22.935843+05:30	2019-08-29 22:27:22.935867+05:30	1065	3	12	6
156	2019-08-29 22:27:22.93779+05:30	2019-08-29 22:27:22.937812+05:30	1065	3	12	3
157	2019-08-29 22:29:09.470099+05:30	2019-08-29 22:29:09.470128+05:30	1066	3	12	1
158	2019-08-29 22:29:09.473008+05:30	2019-08-29 22:29:09.473031+05:30	1066	3	12	3
159	2019-08-29 22:29:09.474866+05:30	2019-08-29 22:29:09.474888+05:30	1066	3	12	6
160	2019-08-29 22:29:22.925877+05:30	2019-08-29 22:29:22.925907+05:30	1067	3	12	1
161	2019-08-29 22:29:22.92875+05:30	2019-08-29 22:29:22.928773+05:30	1067	3	12	3
162	2019-08-29 22:29:22.930621+05:30	2019-08-29 22:29:22.930643+05:30	1067	3	12	6
163	2019-08-29 22:29:39.279833+05:30	2019-08-29 22:29:39.279865+05:30	1111	3	12	1
164	2019-08-29 22:29:39.283285+05:30	2019-08-29 22:29:39.283311+05:30	1111	3	12	6
165	2019-08-29 22:29:39.285197+05:30	2019-08-29 22:29:39.285219+05:30	1111	3	12	3
166	2019-08-29 22:30:05.470871+05:30	2019-08-29 22:30:05.470901+05:30	1072	3	12	1
167	2019-08-29 22:30:05.473684+05:30	2019-08-29 22:30:05.473706+05:30	1072	3	12	3
168	2019-08-29 22:30:05.477626+05:30	2019-08-29 22:30:05.477647+05:30	1072	3	12	6
169	2019-08-29 22:30:43.109694+05:30	2019-08-29 22:30:43.109724+05:30	1074	3	12	4
170	2019-08-29 22:30:43.112837+05:30	2019-08-29 22:30:43.112859+05:30	1074	3	12	6
171	2019-08-29 22:30:43.114803+05:30	2019-08-29 22:30:43.114825+05:30	1074	3	12	3
172	2019-08-29 22:31:13.157281+05:30	2019-08-29 22:31:13.15734+05:30	1075	3	12	4
173	2019-08-29 22:31:13.160367+05:30	2019-08-29 22:31:13.160388+05:30	1075	3	12	6
174	2019-08-29 22:31:13.162421+05:30	2019-08-29 22:31:13.162452+05:30	1075	3	12	3
175	2019-08-29 22:31:55.877852+05:30	2019-08-29 22:31:55.877885+05:30	1077	3	12	4
176	2019-08-29 22:31:55.881454+05:30	2019-08-29 22:31:55.88148+05:30	1077	3	12	3
177	2019-08-29 22:31:55.8834+05:30	2019-08-29 22:31:55.883422+05:30	1077	3	12	6
178	2019-08-29 22:32:40.563842+05:30	2019-08-29 22:32:40.563874+05:30	1078	3	12	4
179	2019-08-29 22:32:40.569222+05:30	2019-08-29 22:32:40.569277+05:30	1078	3	12	6
180	2019-08-29 22:32:40.571455+05:30	2019-08-29 22:32:40.571476+05:30	1078	3	12	3
181	2019-08-29 22:32:50.810976+05:30	2019-08-29 22:32:50.811008+05:30	1079	3	12	4
182	2019-08-29 22:32:50.814138+05:30	2019-08-29 22:32:50.814201+05:30	1079	3	12	6
183	2019-08-29 22:32:50.816056+05:30	2019-08-29 22:32:50.816078+05:30	1079	3	12	3
184	2019-08-29 22:33:04.562466+05:30	2019-08-29 22:33:04.562497+05:30	1080	3	12	4
185	2019-08-29 22:33:04.56524+05:30	2019-08-29 22:33:04.565265+05:30	1080	3	12	6
186	2019-08-29 22:33:04.567013+05:30	2019-08-29 22:33:04.567034+05:30	1080	3	12	3
187	2019-08-29 22:34:00.698064+05:30	2019-08-29 22:34:00.698097+05:30	1088	3	12	1
188	2019-08-29 22:34:00.701333+05:30	2019-08-29 22:34:00.70136+05:30	1088	3	12	3
189	2019-08-29 22:34:00.703084+05:30	2019-08-29 22:34:00.703106+05:30	1088	3	12	6
190	2019-08-29 22:34:48.239589+05:30	2019-08-29 22:34:48.239625+05:30	1090	3	12	4
191	2019-08-29 22:34:48.242718+05:30	2019-08-29 22:34:48.24274+05:30	1090	3	12	6
192	2019-08-29 22:34:48.244715+05:30	2019-08-29 22:34:48.244735+05:30	1090	3	12	3
193	2019-08-29 22:36:10.959681+05:30	2019-08-29 22:36:10.959714+05:30	1100	3	12	4
194	2019-08-29 22:36:10.962664+05:30	2019-08-29 22:36:10.962687+05:30	1100	3	12	3
195	2019-08-29 22:36:10.96448+05:30	2019-08-29 22:36:10.964501+05:30	1100	3	12	6
199	2019-08-29 22:36:42.631714+05:30	2019-08-29 22:36:42.631746+05:30	1101	3	12	1
200	2019-08-29 22:36:42.634824+05:30	2019-08-29 22:36:42.634848+05:30	1101	3	12	3
201	2019-08-29 22:36:42.636659+05:30	2019-08-29 22:36:42.636681+05:30	1101	3	12	6
202	2019-08-29 22:38:15.10114+05:30	2019-08-29 22:38:15.10117+05:30	1110	3	12	1
203	2019-08-29 22:38:15.104377+05:30	2019-08-29 22:38:15.104399+05:30	1110	3	12	3
204	2019-08-29 22:38:15.106228+05:30	2019-08-29 22:38:15.10625+05:30	1110	3	12	4
205	2019-08-29 22:39:18.609118+05:30	2019-08-29 22:39:18.60915+05:30	1114	3	12	4
206	2019-08-29 22:39:18.613275+05:30	2019-08-29 22:39:18.613297+05:30	1114	3	12	6
207	2019-08-29 22:39:18.615728+05:30	2019-08-29 22:39:18.61575+05:30	1114	3	12	3
208	2019-08-29 22:39:54.356137+05:30	2019-08-29 22:39:54.35617+05:30	1124	3	12	4
209	2019-08-29 22:39:54.35951+05:30	2019-08-29 22:39:54.359532+05:30	1124	3	12	6
210	2019-08-29 22:39:54.361454+05:30	2019-08-29 22:39:54.361475+05:30	1124	3	12	3
211	2019-08-29 22:41:25.818488+05:30	2019-08-29 22:41:25.818521+05:30	1125	3	12	4
212	2019-08-29 22:41:25.822524+05:30	2019-08-29 22:41:25.822549+05:30	1125	3	12	3
213	2019-08-29 22:41:25.825175+05:30	2019-08-29 22:41:25.825197+05:30	1125	3	12	6
214	2019-08-29 22:41:56.27374+05:30	2019-08-29 22:41:56.273772+05:30	1128	3	12	1
215	2019-08-29 22:41:56.277046+05:30	2019-08-29 22:41:56.277071+05:30	1128	3	12	3
216	2019-08-29 22:41:56.279088+05:30	2019-08-29 22:41:56.279111+05:30	1128	3	12	6
217	2019-08-29 22:42:47.864356+05:30	2019-08-29 22:42:47.864388+05:30	1132	3	12	1
218	2019-08-29 22:42:47.86742+05:30	2019-08-29 22:42:47.867443+05:30	1132	3	12	3
219	2019-08-29 22:42:47.869303+05:30	2019-08-29 22:42:47.869326+05:30	1132	3	12	6
220	2019-08-29 22:45:17.50583+05:30	2019-08-29 22:45:17.505873+05:30	1133	3	12	4
221	2019-08-29 22:45:17.509023+05:30	2019-08-29 22:45:17.509052+05:30	1133	3	12	6
222	2019-08-29 22:45:17.511228+05:30	2019-08-29 22:45:17.511258+05:30	1133	3	12	3
223	2019-08-29 22:47:53.098949+05:30	2019-08-29 22:47:53.098988+05:30	1136	3	2	1
224	2019-08-29 22:47:53.102382+05:30	2019-08-29 22:47:53.102405+05:30	1136	3	2	3
225	2019-08-29 22:47:53.104323+05:30	2019-08-29 22:47:53.104351+05:30	1136	3	2	6
226	2019-08-29 22:48:28.538225+05:30	2019-08-29 22:48:28.538257+05:30	1144	3	2	1
227	2019-08-29 22:48:28.541091+05:30	2019-08-29 22:48:28.541113+05:30	1144	3	2	6
228	2019-08-29 22:48:28.54285+05:30	2019-08-29 22:48:28.54287+05:30	1144	3	2	3
229	2019-08-29 22:50:18.585499+05:30	2019-08-29 22:50:18.585531+05:30	1191	3	2	2
230	2019-08-29 22:50:18.588483+05:30	2019-08-29 22:50:18.588505+05:30	1191	3	2	3
231	2019-08-29 22:50:18.590409+05:30	2019-08-29 22:50:18.590438+05:30	1191	3	2	6
232	2019-08-29 22:50:40.361059+05:30	2019-08-29 22:50:40.36109+05:30	1202	3	2	1
233	2019-08-29 22:50:40.363839+05:30	2019-08-29 22:50:40.363862+05:30	1202	3	2	3
234	2019-08-29 22:50:40.365479+05:30	2019-08-29 22:50:40.3655+05:30	1202	3	2	6
235	2019-08-29 22:51:07.14322+05:30	2019-08-29 22:51:07.143253+05:30	1212	3	2	1
236	2019-08-29 22:51:07.146342+05:30	2019-08-29 22:51:07.146368+05:30	1212	3	2	3
237	2019-08-29 22:51:07.148261+05:30	2019-08-29 22:51:07.148284+05:30	1212	3	2	6
238	2019-08-29 22:52:14.572031+05:30	2019-08-29 22:52:14.572076+05:30	1226	3	2	1
239	2019-08-29 22:52:14.575876+05:30	2019-08-29 22:52:14.575908+05:30	1226	3	2	3
240	2019-08-29 22:52:14.578007+05:30	2019-08-29 22:52:14.578036+05:30	1226	3	2	6
241	2019-08-29 22:55:52.123758+05:30	2019-08-29 22:55:52.12379+05:30	1227	3	2	2
242	2019-08-29 22:55:52.126662+05:30	2019-08-29 22:55:52.126684+05:30	1227	3	2	3
243	2019-08-29 22:55:52.12849+05:30	2019-08-29 22:55:52.128513+05:30	1227	3	2	6
244	2019-08-29 22:56:51.000525+05:30	2019-08-29 22:56:51.00058+05:30	1230	3	2	2
245	2019-08-29 22:56:51.003961+05:30	2019-08-29 22:56:51.003983+05:30	1230	3	2	3
246	2019-08-29 22:56:51.005973+05:30	2019-08-29 22:56:51.005994+05:30	1230	3	2	6
247	2019-08-29 22:57:28.551157+05:30	2019-08-29 22:57:28.551196+05:30	1283	3	2	2
248	2019-08-29 22:57:28.554186+05:30	2019-08-29 22:57:28.554211+05:30	1283	3	2	6
249	2019-08-29 22:57:28.555917+05:30	2019-08-29 22:57:28.555944+05:30	1283	3	2	3
250	2019-08-29 22:57:53.968325+05:30	2019-08-29 22:57:53.968367+05:30	1470	3	2	2
251	2019-08-29 22:57:53.971366+05:30	2019-08-29 22:57:53.971388+05:30	1470	3	2	6
252	2019-08-29 22:57:53.973363+05:30	2019-08-29 22:57:53.973385+05:30	1470	3	2	3
253	2019-08-29 22:58:22.758858+05:30	2019-08-29 22:58:22.758888+05:30	1298	3	2	1
254	2019-08-29 22:58:22.762035+05:30	2019-08-29 22:58:22.762057+05:30	1298	3	2	3
255	2019-08-29 22:58:22.764108+05:30	2019-08-29 22:58:22.764131+05:30	1298	3	2	6
258	2019-08-29 22:59:34.140443+05:30	2019-08-29 22:59:34.140475+05:30	1309	3	2	6
259	2019-08-29 22:59:34.144011+05:30	2019-08-29 22:59:34.14405+05:30	1309	3	2	3
260	2019-08-29 22:59:34.146343+05:30	2019-08-29 22:59:34.146365+05:30	1309	3	2	1
261	2019-08-29 22:59:49.381373+05:30	2019-08-29 22:59:49.381413+05:30	1320	3	2	1
262	2019-08-29 22:59:49.384577+05:30	2019-08-29 22:59:49.384601+05:30	1320	3	2	3
263	2019-08-29 22:59:49.386554+05:30	2019-08-29 22:59:49.386576+05:30	1320	3	2	6
264	2019-08-29 23:00:31.772085+05:30	2019-08-29 23:00:31.772128+05:30	1319	3	2	1
265	2019-08-29 23:00:31.775435+05:30	2019-08-29 23:00:31.775465+05:30	1319	3	2	3
266	2019-08-29 23:00:31.777626+05:30	2019-08-29 23:00:31.777657+05:30	1319	3	2	6
267	2019-08-29 23:02:01.412167+05:30	2019-08-29 23:02:01.412213+05:30	1367	3	2	1
268	2019-08-29 23:02:01.415289+05:30	2019-08-29 23:02:01.415312+05:30	1367	3	2	3
269	2019-08-29 23:02:01.416997+05:30	2019-08-29 23:02:01.417019+05:30	1367	3	2	6
270	2019-08-29 23:02:11.457266+05:30	2019-08-29 23:02:11.457295+05:30	1368	3	2	1
271	2019-08-29 23:02:11.460131+05:30	2019-08-29 23:02:11.460183+05:30	1368	3	2	6
272	2019-08-29 23:02:11.461881+05:30	2019-08-29 23:02:11.461902+05:30	1368	3	2	3
273	2019-08-29 23:03:19.066913+05:30	2019-08-29 23:03:19.066943+05:30	1372	3	2	1
274	2019-08-29 23:03:19.070611+05:30	2019-08-29 23:03:19.070632+05:30	1372	3	2	3
275	2019-08-29 23:03:19.07273+05:30	2019-08-29 23:03:19.072751+05:30	1372	3	2	6
276	2019-08-29 23:03:56.953143+05:30	2019-08-29 23:03:56.953186+05:30	1459	3	2	1
277	2019-08-29 23:03:56.956428+05:30	2019-08-29 23:03:56.956452+05:30	1459	3	2	6
278	2019-08-29 23:03:56.958406+05:30	2019-08-29 23:03:56.958434+05:30	1459	3	2	3
279	2019-08-29 23:04:33.592672+05:30	2019-08-29 23:04:33.592704+05:30	1460	3	2	1
280	2019-08-29 23:04:33.595677+05:30	2019-08-29 23:04:33.595699+05:30	1460	3	2	6
281	2019-08-29 23:04:33.597533+05:30	2019-08-29 23:04:33.597555+05:30	1460	3	2	3
282	2019-08-29 23:04:46.286316+05:30	2019-08-29 23:04:46.286347+05:30	1461	3	2	1
283	2019-08-29 23:04:46.289528+05:30	2019-08-29 23:04:46.289552+05:30	1461	3	2	6
284	2019-08-29 23:04:46.291757+05:30	2019-08-29 23:04:46.291779+05:30	1461	3	2	3
285	2019-08-29 23:06:44.29625+05:30	2019-08-29 23:06:44.296281+05:30	1462	3	2	2
286	2019-08-29 23:06:44.299623+05:30	2019-08-29 23:06:44.299645+05:30	1462	3	2	6
287	2019-08-29 23:06:44.301603+05:30	2019-08-29 23:06:44.301624+05:30	1462	3	2	3
288	2019-08-29 23:22:24.759227+05:30	2019-08-29 23:22:24.759259+05:30	1471	3	2	1
289	2019-08-29 23:22:24.763093+05:30	2019-08-29 23:22:24.763116+05:30	1471	3	2	6
290	2019-08-29 23:22:24.767115+05:30	2019-08-29 23:22:24.76714+05:30	1471	3	2	3
294	2019-08-30 00:04:06.873975+05:30	2019-08-30 00:04:06.874006+05:30	1453	3	2	1
295	2019-08-30 00:04:06.87679+05:30	2019-08-30 00:04:06.876813+05:30	1453	3	2	3
296	2019-08-30 00:04:06.87848+05:30	2019-08-30 00:04:06.878502+05:30	1453	3	2	6
297	2019-08-30 00:05:28.032558+05:30	2019-08-30 00:05:28.032588+05:30	1486	3	2	2
298	2019-08-30 00:05:28.035508+05:30	2019-08-30 00:05:28.03553+05:30	1486	3	2	6
299	2019-08-30 00:05:28.03728+05:30	2019-08-30 00:05:28.037301+05:30	1486	3	2	3
300	2019-08-30 00:05:49.623667+05:30	2019-08-30 00:05:49.623721+05:30	1487	3	2	2
301	2019-08-30 00:05:49.626598+05:30	2019-08-30 00:05:49.62662+05:30	1487	3	2	6
302	2019-08-30 00:05:49.628382+05:30	2019-08-30 00:05:49.628403+05:30	1487	3	2	3
303	2019-08-30 00:30:00.72427+05:30	2019-08-30 00:30:00.724303+05:30	971	3	12	3
304	2019-08-30 00:30:00.727607+05:30	2019-08-30 00:30:00.727631+05:30	971	3	12	6
305	2019-08-30 00:30:00.730452+05:30	2019-08-30 00:30:00.730477+05:30	971	3	12	4
306	2019-09-17 16:42:48.733544+05:30	2019-09-17 16:42:48.733592+05:30	1321	3	2	2
307	2019-09-17 16:42:48.743378+05:30	2019-09-17 16:42:48.743443+05:30	1321	3	2	3
308	2019-09-17 16:42:48.747551+05:30	2019-09-17 16:42:48.747592+05:30	1321	3	2	6
309	2019-09-17 16:42:48.752608+05:30	2019-09-17 16:42:48.752638+05:30	1321	3	2	5
310	2019-09-18 12:24:00.455927+05:30	2019-09-18 12:24:00.455957+05:30	1345	3	2	6
311	2019-09-18 12:24:00.465136+05:30	2019-09-18 12:24:00.465199+05:30	1345	3	2	7
\.


--
-- Name: adminsideserviceprovider_serviceprovidercitymap_id_seq; Type: SEQUENCE SET; Schema: public; Owner: postgres
--

SELECT pg_catalog.setval('public.adminsideserviceprovider_serviceprovidercitymap_id_seq', 5, true);


--
-- Data for Name: adminsideserviceprovider_serviceproviderplan; Type: TABLE DATA; Schema: public; Owner: postgres
--

COPY public.adminsideserviceprovider_serviceproviderplan (id, title, retail, actual, qty, created_at, updated_at, manage_service_id, manage_service_category_id, service_provider_id, status) FROM stdin;
1	Sample Service name	20	17.25	1	2019-11-13 15:25:05.240767+05:30	2019-11-13 15:25:05.240795+05:30	1	1	1	active
2	Sample Service name	100	95	1	2019-11-13 15:31:50.982697+05:30	2019-11-13 15:31:50.982726+05:30	1	1	1	active
3	Sample Service name	50	45	1	2019-11-13 16:17:55.25998+05:30	2019-11-13 16:17:55.260008+05:30	1	1	2	active
4	Sample Service name	55	49	1	2019-11-13 16:18:14.894442+05:30	2019-11-13 16:18:14.894471+05:30	1	1	3	active
\.


--
-- Name: adminsideserviceprovider_serviceproviderplan_id_seq; Type: SEQUENCE SET; Schema: public; Owner: postgres
--

SELECT pg_catalog.setval('public.adminsideserviceprovider_serviceproviderplan_id_seq', 4, true);


--
-- Data for Name: adminsideserviceprovider_terminatecontractdetails; Type: TABLE DATA; Schema: public; Owner: postgres
--

COPY public.adminsideserviceprovider_terminatecontractdetails (id, contract_type, contract_date, zone, monthly_charge, outstanding_balance, cancellation_date, cancellation_charge, admin_fee, additional_charge, comment, created_at, updated_at, customercontract_id) FROM stdin;
\.


--
-- Name: adminsideserviceprovider_terminatecontractdetails_id_seq; Type: SEQUENCE SET; Schema: public; Owner: postgres
--

SELECT pg_catalog.setval('public.adminsideserviceprovider_terminatecontractdetails_id_seq', 1, false);


--
-- Data for Name: adminsideserviceprovider_ticketscategories; Type: TABLE DATA; Schema: public; Owner: postgres
--

COPY public.adminsideserviceprovider_ticketscategories (id, category_title, created_at, updated_at) FROM stdin;
1	Ticket Category 1	2019-11-14 13:27:37.164604+05:30	2019-11-14 13:27:37.164629+05:30
2	Ticket Category 2	2019-11-14 13:27:42.799273+05:30	2019-11-14 13:27:42.799301+05:30
\.


--
-- Name: adminsideserviceprovider_ticketscategories_id_seq; Type: SEQUENCE SET; Schema: public; Owner: postgres
--

SELECT pg_catalog.setval('public.adminsideserviceprovider_ticketscategories_id_seq', 2, true);


--
-- Name: adminsideserviceprovider_ticketscategorywithserviceprovi_id_seq; Type: SEQUENCE SET; Schema: public; Owner: postgres
--

SELECT pg_catalog.setval('public.adminsideserviceprovider_ticketscategorywithserviceprovi_id_seq', 1, false);


--
-- Data for Name: adminsideserviceprovider_ticketscategorywithserviceprovider; Type: TABLE DATA; Schema: public; Owner: postgres
--

COPY public.adminsideserviceprovider_ticketscategorywithserviceprovider (id, created_at, updated_at, service_provider_id, ticket_category_id) FROM stdin;
\.


--
-- Data for Name: agentpanel_agent; Type: TABLE DATA; Schema: public; Owner: postgres
--

COPY public.agentpanel_agent (id, first_name, last_name, email_address, phone, status, created_at, updated_at, user_id) FROM stdin;
1	John	Doe	john.doe@gmail.com	9876543210	Agent	2019-11-18 15:26:53.431436+05:30	2019-11-18 15:26:53.438214+05:30	9
2	Jane	doe	jane.doe@gmail.com	9638527410	Agent	2019-11-18 15:27:21.169559+05:30	2019-11-18 15:27:21.17235+05:30	10
\.


--
-- Name: agentpanel_agent_id_seq; Type: SEQUENCE SET; Schema: public; Owner: postgres
--

SELECT pg_catalog.setval('public.agentpanel_agent_id_seq', 2, true);


--
-- Data for Name: auth_group; Type: TABLE DATA; Schema: public; Owner: postgres
--

COPY public.auth_group (id, name) FROM stdin;
\.


--
-- Name: auth_group_id_seq; Type: SEQUENCE SET; Schema: public; Owner: postgres
--

SELECT pg_catalog.setval('public.auth_group_id_seq', 1, false);


--
-- Data for Name: auth_group_permissions; Type: TABLE DATA; Schema: public; Owner: postgres
--

COPY public.auth_group_permissions (id, group_id, permission_id) FROM stdin;
\.


--
-- Name: auth_group_permissions_id_seq; Type: SEQUENCE SET; Schema: public; Owner: postgres
--

SELECT pg_catalog.setval('public.auth_group_permissions_id_seq', 1, false);


--
-- Data for Name: auth_permission; Type: TABLE DATA; Schema: public; Owner: postgres
--

COPY public.auth_permission (id, name, content_type_id, codename) FROM stdin;
1	Can add log entry	1	add_logentry
2	Can change log entry	1	change_logentry
3	Can delete log entry	1	delete_logentry
4	Can add permission	2	add_permission
5	Can change permission	2	change_permission
6	Can delete permission	2	delete_permission
7	Can add group	3	add_group
8	Can change group	3	change_group
9	Can delete group	3	delete_group
10	Can add user	4	add_user
11	Can change user	4	change_user
12	Can delete user	4	delete_user
13	Can add content type	5	add_contenttype
14	Can change content type	5	change_contenttype
15	Can delete content type	5	delete_contenttype
16	Can add session	6	add_session
17	Can change session	6	change_session
18	Can delete session	6	delete_session
19	Can add call cost	7	add_callcost
20	Can change call cost	7	change_callcost
21	Can delete call cost	7	delete_callcost
22	Can add manage service price	8	add_manageserviceprice
23	Can change manage service price	8	change_manageserviceprice
24	Can delete manage service price	8	delete_manageserviceprice
25	Can add manage services price category	9	add_manageservicespricecategory
26	Can change manage services price category	9	change_manageservicespricecategory
27	Can delete manage services price category	9	delete_manageservicespricecategory
28	Can add services	10	add_services
29	Can change services	10	change_services
30	Can delete services	10	delete_services
31	Can add user image	11	add_userimage
32	Can change user image	11	change_userimage
33	Can delete user image	11	delete_userimage
34	Can add user profile	12	add_userprofile
35	Can change user profile	12	change_userprofile
36	Can delete user profile	12	delete_userprofile
37	Can add account address customer	13	add_accountaddresscustomer
38	Can change account address customer	13	change_accountaddresscustomer
39	Can delete account address customer	13	delete_accountaddresscustomer
40	Can add billing address customer	14	add_billingaddresscustomer
41	Can change billing address customer	14	change_billingaddresscustomer
42	Can delete billing address customer	14	delete_billingaddresscustomer
43	Can add billing details customer	15	add_billingdetailscustomer
44	Can change billing details customer	15	change_billingdetailscustomer
45	Can delete billing details customer	15	delete_billingdetailscustomer
46	Can add city	16	add_city
47	Can change city	16	change_city
48	Can delete city	16	delete_city
49	Can add country	17	add_country
50	Can change country	17	change_country
51	Can delete country	17	delete_country
52	Can add customer	18	add_customer
53	Can change customer	18	change_customer
54	Can delete customer	18	delete_customer
55	Can add customer account status	19	add_customeraccountstatus
56	Can change customer account status	19	change_customeraccountstatus
57	Can delete customer account status	19	delete_customeraccountstatus
58	Can add customer comment	20	add_customercomment
59	Can change customer comment	20	change_customercomment
60	Can delete customer comment	20	delete_customercomment
61	Can add customer invoice map	21	add_customerinvoicemap
62	Can change customer invoice map	21	change_customerinvoicemap
63	Can delete customer invoice map	21	delete_customerinvoicemap
64	Can add customer user map	22	add_customerusermap
65	Can change customer user map	22	change_customerusermap
66	Can delete customer user map	22	delete_customerusermap
67	Can add cutomer attachment map	23	add_cutomerattachmentmap
68	Can change cutomer attachment map	23	change_cutomerattachmentmap
69	Can delete cutomer attachment map	23	delete_cutomerattachmentmap
70	Can add province	24	add_province
71	Can change province	24	change_province
72	Can delete province	24	delete_province
73	Can add sales_tax	25	add_sales_tax
74	Can change sales_tax	25	change_sales_tax
75	Can delete sales_tax	25	delete_sales_tax
76	Can add contractbased hardwarewith mac	26	add_contractbasedhardwarewithmac
77	Can change contractbased hardwarewith mac	26	change_contractbasedhardwarewithmac
78	Can delete contractbased hardwarewith mac	26	delete_contractbasedhardwarewithmac
79	Can add customer service contract	27	add_customerservicecontract
80	Can change customer service contract	27	change_customerservicecontract
81	Can delete customer service contract	27	delete_customerservicecontract
82	Can add customer tickets categories map	28	add_customerticketscategoriesmap
83	Can change customer tickets categories map	28	change_customerticketscategoriesmap
84	Can delete customer tickets categories map	28	delete_customerticketscategoriesmap
85	Can add customer with service	29	add_customerwithservice
86	Can change customer with service	29	change_customerwithservice
87	Can delete customer with service	29	delete_customerwithservice
88	Can add hardware	30	add_hardware
89	Can change hardware	30	change_hardware
90	Can delete hardware	30	delete_hardware
91	Can add manage service pricedoc	31	add_manageservicepricedoc
92	Can change manage service pricedoc	31	change_manageservicepricedoc
93	Can delete manage service pricedoc	31	delete_manageservicepricedoc
94	Can add service plan with hardware	32	add_serviceplanwithhardware
95	Can change service plan with hardware	32	change_serviceplanwithhardware
96	Can delete service plan with hardware	32	delete_serviceplanwithhardware
97	Can add service provider	33	add_serviceprovider
98	Can change service provider	33	change_serviceprovider
99	Can delete service provider	33	delete_serviceprovider
100	Can add service provider city map	34	add_serviceprovidercitymap
101	Can change service provider city map	34	change_serviceprovidercitymap
102	Can delete service provider city map	34	delete_serviceprovidercitymap
103	Can add service provider plan	35	add_serviceproviderplan
104	Can change service provider plan	35	change_serviceproviderplan
105	Can delete service provider plan	35	delete_serviceproviderplan
106	Can add terminate contract details	36	add_terminatecontractdetails
107	Can change terminate contract details	36	change_terminatecontractdetails
108	Can delete terminate contract details	36	delete_terminatecontractdetails
109	Can add tickets categories	37	add_ticketscategories
110	Can change tickets categories	37	change_ticketscategories
111	Can delete tickets categories	37	delete_ticketscategories
112	Can add tickets category with service provider	38	add_ticketscategorywithserviceprovider
113	Can change tickets category with service provider	38	change_ticketscategorywithserviceprovider
114	Can delete tickets category with service provider	38	delete_ticketscategorywithserviceprovider
115	Can add number mn pto customer	39	add_numbermnptocustomer
116	Can change number mn pto customer	39	change_numbermnptocustomer
117	Can delete number mn pto customer	39	delete_numbermnptocustomer
118	Can add number province customer map	40	add_numberprovincecustomermap
119	Can change number province customer map	40	change_numberprovincecustomermap
120	Can delete number province customer map	40	delete_numberprovincecustomermap
121	Can add number province map	41	add_numberprovincemap
122	Can change number province map	41	change_numberprovincemap
123	Can delete number province map	41	delete_numberprovincemap
124	Can add customer apply for service	42	add_customerapplyforservice
125	Can change customer apply for service	42	change_customerapplyforservice
126	Can delete customer apply for service	42	delete_customerapplyforservice
127	Can add customer apply for service billing	43	add_customerapplyforservicebilling
128	Can change customer apply for service billing	43	change_customerapplyforservicebilling
129	Can delete customer apply for service billing	43	delete_customerapplyforservicebilling
130	Can add otherdetails	44	add_otherdetails
131	Can change otherdetails	44	change_otherdetails
132	Can delete otherdetails	44	delete_otherdetails
133	Can add agent	45	add_agent
134	Can change agent	45	change_agent
135	Can delete agent	45	delete_agent
136	Can add ratewithareacode	46	add_ratewithareacode
137	Can change ratewithareacode	46	change_ratewithareacode
138	Can delete ratewithareacode	46	delete_ratewithareacode
139	Can add customer billing details	47	add_customerbillingdetails
140	Can change customer billing details	47	change_customerbillingdetails
141	Can delete customer billing details	47	delete_customerbillingdetails
142	Can add customer billing details with edited	48	add_customerbillingdetailswithedited
143	Can change customer billing details with edited	48	change_customerbillingdetailswithedited
144	Can delete customer billing details with edited	48	delete_customerbillingdetailswithedited
145	Can add voip long distance rate	49	add_voiplongdistancerate
146	Can change voip long distance rate	49	change_voiplongdistancerate
147	Can delete voip long distance rate	49	delete_voiplongdistancerate
148	Can add contract sheet	50	add_contractsheet
149	Can change contract sheet	50	change_contractsheet
150	Can delete contract sheet	50	delete_contractsheet
151	Can add faq	51	add_faq
152	Can change faq	51	change_faq
153	Can delete faq	51	delete_faq
154	Can add followus	52	add_followus
155	Can change followus	52	change_followus
156	Can delete followus	52	delete_followus
157	Can add menu category	53	add_menucategory
158	Can change menu category	53	change_menucategory
159	Can delete menu category	53	delete_menucategory
160	Can add menu parent category	54	add_menuparentcategory
161	Can change menu parent category	54	change_menuparentcategory
162	Can delete menu parent category	54	delete_menuparentcategory
163	Can add menu sub parent category	55	add_menusubparentcategory
164	Can change menu sub parent category	55	change_menusubparentcategory
165	Can delete menu sub parent category	55	delete_menusubparentcategory
166	Can add network_status	56	add_network_status
167	Can change network_status	56	change_network_status
168	Can delete network_status	56	delete_network_status
169	Can add serviceandfeature	57	add_serviceandfeature
170	Can change serviceandfeature	57	change_serviceandfeature
171	Can delete serviceandfeature	57	delete_serviceandfeature
172	Can add slider	58	add_slider
173	Can change slider	58	change_slider
174	Can delete slider	58	delete_slider
175	Can add special offers	59	add_specialoffers
176	Can change special offers	59	change_specialoffers
177	Can delete special offers	59	delete_specialoffers
178	Can add specialoffersdoc	60	add_specialoffersdoc
179	Can change specialoffersdoc	60	change_specialoffersdoc
180	Can delete specialoffersdoc	60	delete_specialoffersdoc
181	Can add specialoffers parent category	61	add_specialoffersparentcategory
182	Can change specialoffers parent category	61	change_specialoffersparentcategory
183	Can delete specialoffers parent category	61	delete_specialoffersparentcategory
184	Can add special offers plans	62	add_specialoffersplans
185	Can change special offers plans	62	change_specialoffersplans
186	Can delete special offers plans	62	delete_specialoffersplans
187	Can add special offers plans hard ware	63	add_specialoffersplanshardware
188	Can change special offers plans hard ware	63	change_specialoffersplanshardware
189	Can delete special offers plans hard ware	63	delete_specialoffersplanshardware
190	Can add special offers planswith hardware rates	64	add_specialoffersplanswithhardwarerates
191	Can change special offers planswith hardware rates	64	change_specialoffersplanswithhardwarerates
192	Can delete special offers planswith hardware rates	64	delete_specialoffersplanswithhardwarerates
193	Can add specialoffers sub parent category	65	add_specialofferssubparentcategory
194	Can change specialoffers sub parent category	65	change_specialofferssubparentcategory
195	Can delete specialoffers sub parent category	65	delete_specialofferssubparentcategory
196	Can add specialoffers under category	66	add_specialoffersundercategory
197	Can change specialoffers under category	66	change_specialoffersundercategory
198	Can delete specialoffers under category	66	delete_specialoffersundercategory
199	Can add web logo	67	add_weblogo
200	Can change web logo	67	change_weblogo
201	Can delete web logo	67	delete_weblogo
202	Can add background image	68	add_backgroundimage
203	Can change background image	68	change_backgroundimage
204	Can delete background image	68	delete_backgroundimage
205	Can add billing details customer	69	add_billingdetailscustomer
206	Can change billing details customer	69	change_billingdetailscustomer
207	Can delete billing details customer	69	delete_billingdetailscustomer
208	Can add banking details	70	add_bankingdetails
209	Can change banking details	70	change_bankingdetails
210	Can delete banking details	70	delete_bankingdetails
211	Can add credit card	71	add_creditcard
212	Can change credit card	71	change_creditcard
213	Can delete credit card	71	delete_creditcard
214	Can add paypal details	72	add_paypaldetails
215	Can change paypal details	72	change_paypaldetails
216	Can delete paypal details	72	delete_paypaldetails
\.


--
-- Name: auth_permission_id_seq; Type: SEQUENCE SET; Schema: public; Owner: postgres
--

SELECT pg_catalog.setval('public.auth_permission_id_seq', 216, true);


--
-- Data for Name: auth_user; Type: TABLE DATA; Schema: public; Owner: postgres
--

COPY public.auth_user (id, password, last_login, is_superuser, username, first_name, last_name, email, is_staff, is_active, date_joined) FROM stdin;
9	pbkdf2_sha256$36000$pVlcdLoVjTyF$0+oG0SPXAjv2Ly8z0Dt4t5DEoaIwdUfaBSc6qhuVqxE=	\N	f	John	John	Doe	john.doe@gmail.com	f	t	2019-11-18 15:26:53.320425+05:30
10	pbkdf2_sha256$36000$k7Ye06hw4N2H$Mf66p8gYlvoTIDYGBGub/1QoMqXqCO0T5rU0InSaYSY=	\N	f	Jane	Jane	doe	jane.doe@gmail.com	f	t	2019-11-18 15:27:21.097311+05:30
8	pbkdf2_sha256$36000$Vu7oVoqXYV0R$JJFC4VwQQ34EQZurOCp3VctFHmnRquehJQpFCBO14Zg=	2019-11-19 15:55:07.474515+05:30	f	Ranit	Ranit	Saha	ranit.saha@navsoft.in	f	t	2019-11-13 16:14:00.102721+05:30
2	pbkdf2_sha256$36000$Cq0L3eFBYbUB$kWDQT8FJQ5KmJ9UUmFPsJdLYlTqbduhW5SXFeQ9oaKA=	2019-11-19 19:47:20.827858+05:30	t	admin@admin.com			admin@admin.com	t	t	2019-11-11 10:26:45.916122+05:30
\.


--
-- Data for Name: auth_user_groups; Type: TABLE DATA; Schema: public; Owner: postgres
--

COPY public.auth_user_groups (id, user_id, group_id) FROM stdin;
\.


--
-- Name: auth_user_groups_id_seq; Type: SEQUENCE SET; Schema: public; Owner: postgres
--

SELECT pg_catalog.setval('public.auth_user_groups_id_seq', 1, false);


--
-- Name: auth_user_id_seq; Type: SEQUENCE SET; Schema: public; Owner: postgres
--

SELECT pg_catalog.setval('public.auth_user_id_seq', 10, true);


--
-- Data for Name: auth_user_user_permissions; Type: TABLE DATA; Schema: public; Owner: postgres
--

COPY public.auth_user_user_permissions (id, user_id, permission_id) FROM stdin;
\.


--
-- Name: auth_user_user_permissions_id_seq; Type: SEQUENCE SET; Schema: public; Owner: postgres
--

SELECT pg_catalog.setval('public.auth_user_user_permissions_id_seq', 1, false);


--
-- Data for Name: crmadmin_callcost; Type: TABLE DATA; Schema: public; Owner: postgres
--

COPY public.crmadmin_callcost (id, source, destination, call_cost, start_date, end_date, status, created_at, updated_at, user_id) FROM stdin;
\.


--
-- Name: crmadmin_callcost_id_seq; Type: SEQUENCE SET; Schema: public; Owner: postgres
--

SELECT pg_catalog.setval('public.crmadmin_callcost_id_seq', 1, false);


--
-- Data for Name: crmadmin_manageserviceprice; Type: TABLE DATA; Schema: public; Owner: postgres
--

COPY public.crmadmin_manageserviceprice (id, service_name, service_price, service_desc, service_logo, status, special_offer, created_at, updated_at, service_category_id) FROM stdin;
1	Sample Service name	20	<p>evevervevevukiuk</p>	static/service_logo/34143_WO20nXP_oMYthDd.png	active	no	2019-11-13 15:23:39.914222+05:30	2019-11-13 15:23:54.261957+05:30	1
21	Sample Service name 22	10	<p>xxc xc xc x&nbsp;</p>	static/service_logo/Admin-icon.png	active	no	2019-11-18 12:57:36.333725+05:30	2019-11-18 12:57:36.333758+05:30	2
\.


--
-- Name: crmadmin_manageserviceprice_id_seq; Type: SEQUENCE SET; Schema: public; Owner: postgres
--

SELECT pg_catalog.setval('public.crmadmin_manageserviceprice_id_seq', 2, true);


--
-- Data for Name: crmadmin_manageservicespricecategory; Type: TABLE DATA; Schema: public; Owner: postgres
--

COPY public.crmadmin_manageservicespricecategory (id, service_category_name, status, created_at, updated_at) FROM stdin;
1	Sample Service Category 1	active	2019-11-12 15:04:30.78002+05:30	2019-11-13 15:22:44.545787+05:30
2	Sample Servive Category 2	active	2019-11-18 12:56:51.806807+05:30	2019-11-18 12:56:51.806832+05:30
3	Sample Service Category 3	active	2019-11-18 13:06:50.629688+05:30	2019-11-18 13:06:50.629734+05:30
4	Sample Service Category 4	active	2019-11-18 13:06:54.585721+05:30	2019-11-18 13:06:54.585746+05:30
5	Sample Service Category 5	active	2019-11-18 13:06:59.646039+05:30	2019-11-18 13:06:59.646065+05:30
6	Sample Service Category 6	active	2019-11-18 13:07:04.33406+05:30	2019-11-18 13:07:04.334095+05:30
7	Sample Service Category 7	active	2019-11-18 13:07:11.620184+05:30	2019-11-18 13:07:11.620209+05:30
8	Sample Service Category 8	active	2019-11-18 13:07:16.785733+05:30	2019-11-18 13:07:16.785756+05:30
9	Sample Service Category 9	active	2019-11-18 13:07:26.291058+05:30	2019-11-18 13:07:26.291083+05:30
10	Sample Service Category 10	active	2019-11-18 13:07:32.895304+05:30	2019-11-18 13:07:32.895331+05:30
\.


--
-- Name: crmadmin_manageservicespricecategory_id_seq; Type: SEQUENCE SET; Schema: public; Owner: postgres
--

SELECT pg_catalog.setval('public.crmadmin_manageservicespricecategory_id_seq', 10, true);


--
-- Data for Name: crmadmin_services; Type: TABLE DATA; Schema: public; Owner: postgres
--

COPY public.crmadmin_services (id, title, price, phone_service, internet_service, created_at, updated_at) FROM stdin;
1	Sample Service 1	10	f	f	2019-11-12 15:01:06.003634+05:30	2019-11-12 15:01:06.003691+05:30
\.


--
-- Name: crmadmin_services_id_seq; Type: SEQUENCE SET; Schema: public; Owner: postgres
--

SELECT pg_catalog.setval('public.crmadmin_services_id_seq', 1, true);


--
-- Data for Name: crmadmin_userimage; Type: TABLE DATA; Schema: public; Owner: postgres
--

COPY public.crmadmin_userimage (id, avatardata, created_at, updated_at, user_id) FROM stdin;
1	static/avatar/kisspng-avatar-computer-icons-user-profile-business-user-avatar-5ac3a1f7d9_cpMTBj8.jpg	2019-11-13 15:03:46.928565+05:30	2019-11-13 15:03:46.928606+05:30	2
2	static/avatar/34143_WO20nXP.png	2019-11-14 10:52:47.5768+05:30	2019-11-14 10:52:47.576849+05:30	2
3	static/avatar/administrative-tools_qu6bSrv.png	2019-11-18 17:34:09.109538+05:30	2019-11-18 17:34:09.109572+05:30	2
4	static/avatar/administrative-tools_0ZAO01t.png	2019-11-19 17:00:15.731328+05:30	2019-11-19 17:00:15.731359+05:30	2
\.


--
-- Name: crmadmin_userimage_id_seq; Type: SEQUENCE SET; Schema: public; Owner: postgres
--

SELECT pg_catalog.setval('public.crmadmin_userimage_id_seq', 4, true);


--
-- Data for Name: crmadmin_userprofile; Type: TABLE DATA; Schema: public; Owner: postgres
--

COPY public.crmadmin_userprofile (id, login_type, "commissions_in_USD", commissions_in_percent, role, extentions, user_id) FROM stdin;
\.


--
-- Name: crmadmin_userprofile_id_seq; Type: SEQUENCE SET; Schema: public; Owner: postgres
--

SELECT pg_catalog.setval('public.crmadmin_userprofile_id_seq', 1, false);


--
-- Data for Name: customer_billing_bankingdetails; Type: TABLE DATA; Schema: public; Owner: postgres
--

COPY public.customer_billing_bankingdetails (id, branch_id, institution_no, account_no, account_name, bank_name, user_id) FROM stdin;
\.


--
-- Name: customer_billing_bankingdetails_id_seq; Type: SEQUENCE SET; Schema: public; Owner: postgres
--

SELECT pg_catalog.setval('public.customer_billing_bankingdetails_id_seq', 1, false);


--
-- Data for Name: customer_billing_billingdetailscustomer; Type: TABLE DATA; Schema: public; Owner: postgres
--

COPY public.customer_billing_billingdetailscustomer (id, contract_type, billing_day, payment_mode, payment_method, year_pre_payment, billing_from, billing_to, created_at, updated_at, salesperson_id, user_id) FROM stdin;
1	Standard	2	ONLINE	CREDIT CARD	\N	01/19	11/19	2019-11-18 16:46:21.167767+05:30	2019-11-18 18:29:34.229381+05:30	1	6
2	Special	1	OFFLINE	CASH	\N	03/19	05/19	2019-11-18 16:48:08.280504+05:30	2019-11-18 18:30:43.089409+05:30	2	6
\.


--
-- Name: customer_billing_billingdetailscustomer_id_seq; Type: SEQUENCE SET; Schema: public; Owner: postgres
--

SELECT pg_catalog.setval('public.customer_billing_billingdetailscustomer_id_seq', 2, true);


--
-- Data for Name: customer_billing_creditcard; Type: TABLE DATA; Schema: public; Owner: postgres
--

COPY public.customer_billing_creditcard (id, card_type, name, number, month, year, cvv, user_id, "primary") FROM stdin;
\.


--
-- Name: customer_billing_creditcard_id_seq; Type: SEQUENCE SET; Schema: public; Owner: postgres
--

SELECT pg_catalog.setval('public.customer_billing_creditcard_id_seq', 1, false);


--
-- Data for Name: customer_billing_paypaldetails; Type: TABLE DATA; Schema: public; Owner: postgres
--

COPY public.customer_billing_paypaldetails (id, account_id, user_id) FROM stdin;
\.


--
-- Name: customer_billing_paypaldetails_id_seq; Type: SEQUENCE SET; Schema: public; Owner: postgres
--

SELECT pg_catalog.setval('public.customer_billing_paypaldetails_id_seq', 1, false);


--
-- Data for Name: django_admin_log; Type: TABLE DATA; Schema: public; Owner: postgres
--

COPY public.django_admin_log (id, action_time, object_id, object_repr, action_flag, change_message, content_type_id, user_id) FROM stdin;
\.


--
-- Name: django_admin_log_id_seq; Type: SEQUENCE SET; Schema: public; Owner: postgres
--

SELECT pg_catalog.setval('public.django_admin_log_id_seq', 1, false);


--
-- Data for Name: django_content_type; Type: TABLE DATA; Schema: public; Owner: postgres
--

COPY public.django_content_type (id, app_label, model) FROM stdin;
1	admin	logentry
2	auth	permission
3	auth	group
4	auth	user
5	contenttypes	contenttype
6	sessions	session
7	crmadmin	callcost
8	crmadmin	manageserviceprice
9	crmadmin	manageservicespricecategory
10	crmadmin	services
11	crmadmin	userimage
12	crmadmin	userprofile
13	adminsidecustomer	accountaddresscustomer
14	adminsidecustomer	billingaddresscustomer
15	adminsidecustomer	billingdetailscustomer
16	adminsidecustomer	city
17	adminsidecustomer	country
18	adminsidecustomer	customer
19	adminsidecustomer	customeraccountstatus
20	adminsidecustomer	customercomment
21	adminsidecustomer	customerinvoicemap
22	adminsidecustomer	customerusermap
23	adminsidecustomer	cutomerattachmentmap
24	adminsidecustomer	province
25	adminsidecustomer	sales_tax
26	adminsideserviceprovider	contractbasedhardwarewithmac
27	adminsideserviceprovider	customerservicecontract
28	adminsideserviceprovider	customerticketscategoriesmap
29	adminsideserviceprovider	customerwithservice
30	adminsideserviceprovider	hardware
31	adminsideserviceprovider	manageservicepricedoc
32	adminsideserviceprovider	serviceplanwithhardware
33	adminsideserviceprovider	serviceprovider
34	adminsideserviceprovider	serviceprovidercitymap
35	adminsideserviceprovider	serviceproviderplan
36	adminsideserviceprovider	terminatecontractdetails
37	adminsideserviceprovider	ticketscategories
38	adminsideserviceprovider	ticketscategorywithserviceprovider
39	adminnumberprovider	numbermnptocustomer
40	adminnumberprovider	numberprovincecustomermap
41	adminnumberprovider	numberprovincemap
42	egciptvhome	customerapplyforservice
43	egciptvhome	customerapplyforservicebilling
44	egciptvhome	otherdetails
45	agentpanel	agent
46	rateareacode	ratewithareacode
47	ratecustomerbillingwithcdr	customerbillingdetails
48	ratecustomerbillingwithcdr	customerbillingdetailswithedited
49	ratecustomerbillingwithcdr	voiplongdistancerate
50	settingcontractsheet	contractsheet
51	sitefrontendbyadmin	faq
52	sitefrontendbyadmin	followus
53	sitefrontendbyadmin	menucategory
54	sitefrontendbyadmin	menuparentcategory
55	sitefrontendbyadmin	menusubparentcategory
56	sitefrontendbyadmin	network_status
57	sitefrontendbyadmin	serviceandfeature
58	sitefrontendbyadmin	slider
59	sitefrontendbyadmin	specialoffers
60	sitefrontendbyadmin	specialoffersdoc
61	sitefrontendbyadmin	specialoffersparentcategory
62	sitefrontendbyadmin	specialoffersplans
63	sitefrontendbyadmin	specialoffersplanshardware
64	sitefrontendbyadmin	specialoffersplanswithhardwarerates
65	sitefrontendbyadmin	specialofferssubparentcategory
66	sitefrontendbyadmin	specialoffersundercategory
67	sitefrontendbyadmin	weblogo
68	sitefrontendbyadmin	backgroundimage
69	customer_billing	billingdetailscustomer
70	customer_billing	bankingdetails
71	customer_billing	creditcard
72	customer_billing	paypaldetails
\.


--
-- Name: django_content_type_id_seq; Type: SEQUENCE SET; Schema: public; Owner: postgres
--

SELECT pg_catalog.setval('public.django_content_type_id_seq', 72, true);


--
-- Data for Name: django_migrations; Type: TABLE DATA; Schema: public; Owner: postgres
--

COPY public.django_migrations (id, app, name, applied) FROM stdin;
1	contenttypes	0001_initial	2019-11-06 18:58:42.579482+05:30
2	auth	0001_initial	2019-11-06 18:58:43.08547+05:30
3	admin	0001_initial	2019-11-06 18:58:43.332564+05:30
4	admin	0002_logentry_remove_auto_add	2019-11-06 18:58:43.504925+05:30
5	crmadmin	0001_initial	2019-11-06 18:58:44.103229+05:30
6	adminsidecustomer	0001_initial	2019-11-06 18:58:45.773188+05:30
7	adminnumberprovider	0001_initial	2019-11-06 18:58:46.346193+05:30
8	adminsidecustomer	0002_auto_20190713_0639	2019-11-06 18:58:47.03404+05:30
9	adminsidecustomer	0003_auto_20190713_0702	2019-11-06 18:58:47.140777+05:30
10	adminsidecustomer	0004_auto_20190717_0624	2019-11-06 18:58:47.220195+05:30
11	adminsidecustomer	0005_auto_20190729_0843	2019-11-06 18:58:47.684255+05:30
12	adminsidecustomer	0006_auto_20190803_0848	2019-11-06 18:58:47.746174+05:30
13	adminsidecustomer	0007_auto_20191001_0622	2019-11-06 18:58:47.98111+05:30
14	adminsidecustomer	0008_auto_20191001_0913	2019-11-06 18:58:48.467593+05:30
15	adminsidecustomer	0009_auto_20191001_1412	2019-11-06 18:58:48.969915+05:30
16	adminsideserviceprovider	0001_initial	2019-11-06 18:58:51.917232+05:30
17	adminsideserviceprovider	0002_auto_20190713_0639	2019-11-06 18:58:52.090811+05:30
18	adminsideserviceprovider	0003_auto_20190713_0702	2019-11-06 18:58:52.172494+05:30
19	adminsideserviceprovider	0004_auto_20190717_0624	2019-11-06 18:58:52.247751+05:30
20	adminsideserviceprovider	0005_auto_20190729_0843	2019-11-06 18:58:52.354834+05:30
21	adminsideserviceprovider	0006_auto_20190803_0848	2019-11-06 18:58:52.543592+05:30
22	adminsideserviceprovider	0007_auto_20191001_0622	2019-11-06 18:58:52.657588+05:30
23	adminsideserviceprovider	0008_auto_20191001_0913	2019-11-06 18:58:52.770184+05:30
24	adminsideserviceprovider	0009_auto_20191001_1412	2019-11-06 18:58:52.8776+05:30
25	agentpanel	0001_initial	2019-11-06 18:58:53.083154+05:30
26	contenttypes	0002_remove_content_type_name	2019-11-06 18:58:53.310262+05:30
27	auth	0002_alter_permission_name_max_length	2019-11-06 18:58:53.347931+05:30
28	auth	0003_alter_user_email_max_length	2019-11-06 18:58:53.408601+05:30
29	auth	0004_alter_user_username_opts	2019-11-06 18:58:53.463131+05:30
30	auth	0005_alter_user_last_login_null	2019-11-06 18:58:53.524037+05:30
31	auth	0006_require_contenttypes_0002	2019-11-06 18:58:53.534732+05:30
32	auth	0007_alter_validators_add_error_messages	2019-11-06 18:58:53.594165+05:30
33	auth	0008_alter_user_username_max_length	2019-11-06 18:58:53.675217+05:30
34	sitefrontendbyadmin	0001_initial	2019-11-06 18:58:55.994899+05:30
35	egciptvhome	0001_initial	2019-11-06 18:58:56.813896+05:30
36	egciptvhome	0002_auto_20191001_0913	2019-11-06 18:58:58.970586+05:30
37	egciptvhome	0003_auto_20191001_1412	2019-11-06 18:58:59.077014+05:30
38	rateareacode	0001_initial	2019-11-06 18:58:59.318455+05:30
39	ratecustomerbillingwithcdr	0001_initial	2019-11-06 18:58:59.849907+05:30
40	sessions	0001_initial	2019-11-06 18:58:59.939868+05:30
41	settingcontractsheet	0001_initial	2019-11-06 18:59:00.327933+05:30
42	sitefrontendbyadmin	0002_auto_20190717_0624	2019-11-06 18:59:00.39286+05:30
43	sitefrontendbyadmin	0003_auto_20190729_0843	2019-11-06 18:59:00.630144+05:30
44	adminsidecustomer	0010_auto_20191112_1112	2019-11-12 16:43:08.701088+05:30
45	sitefrontendbyadmin	0004_backgroundimage	2019-11-12 16:43:08.987386+05:30
46	adminsidecustomer	0011_auto_20191113_1019	2019-11-13 15:49:27.790637+05:30
47	adminsideserviceprovider	0010_auto_20191113_1019	2019-11-13 15:49:27.838877+05:30
48	adminsidecustomer	0012_auto_20191113_1114	2019-11-13 16:44:17.721405+05:30
49	adminsideserviceprovider	0011_auto_20191113_1114	2019-11-13 16:44:18.052678+05:30
50	adminsidecustomer	0013_auto_20191114_0803	2019-11-14 13:34:28.083851+05:30
51	adminsideserviceprovider	0012_auto_20191114_0803	2019-11-14 13:34:28.901025+05:30
52	adminsideserviceprovider	0013_auto_20191114_1108	2019-11-14 16:38:45.011637+05:30
53	adminsidecustomer	0014_auto_20191118_1012	2019-11-18 15:42:40.782325+05:30
54	adminsideserviceprovider	0014_auto_20191118_1012	2019-11-18 15:42:40.835873+05:30
55	customer_billing	0001_initial	2019-11-18 15:42:41.028415+05:30
56	adminsidecustomer	0015_auto_20191118_1105	2019-11-18 16:35:16.633653+05:30
57	adminsideserviceprovider	0015_auto_20191118_1105	2019-11-18 16:35:16.706958+05:30
58	customer_billing	0002_auto_20191118_1105	2019-11-18 16:35:17.053342+05:30
59	adminsidecustomer	0016_auto_20191118_1246	2019-11-18 18:16:54.325658+05:30
60	customer_billing	0003_auto_20191118_1246	2019-11-18 18:16:54.801629+05:30
61	adminsidecustomer	0017_auto_20191119_0733	2019-11-19 13:03:32.591203+05:30
62	adminsideserviceprovider	0016_auto_20191119_0733	2019-11-19 13:03:32.670985+05:30
63	customer_billing	0004_auto_20191119_0733	2019-11-19 13:03:33.318678+05:30
64	adminsidecustomer	0018_auto_20191119_1049	2019-11-19 16:19:38.384064+05:30
65	adminsideserviceprovider	0017_auto_20191119_1049	2019-11-19 16:19:38.662306+05:30
66	customer_billing	0005_creditcard_primary	2019-11-19 16:19:39.451626+05:30
\.


--
-- Name: django_migrations_id_seq; Type: SEQUENCE SET; Schema: public; Owner: postgres
--

SELECT pg_catalog.setval('public.django_migrations_id_seq', 66, true);


--
-- Data for Name: django_session; Type: TABLE DATA; Schema: public; Owner: postgres
--

COPY public.django_session (session_key, session_data, expire_date) FROM stdin;
zlzmsqxrktiofktwtvwoxkdwwn805tdt	MmFhMGQwMGI3NmM1MmVhNjU5NTVlNzJmYzMxNjVjNzk5MzY2ZDg0YTp7fQ==	2019-11-21 12:27:12.260856+05:30
pu9vxifl709gka7bn9019279dum1xi9c	YWJiZjBkMTQxZTgxYTU2NGQyMGJlMTJhY2ZkZjliZWRiNGMxMTljZjp7Il9hdXRoX3VzZXJfaWQiOiIyIiwiX2F1dGhfdXNlcl9iYWNrZW5kIjoiZGphbmdvLmNvbnRyaWIuYXV0aC5iYWNrZW5kcy5Nb2RlbEJhY2tlbmQiLCJfYXV0aF91c2VyX2hhc2giOiJiOWRhMTcyZjU1MDZlZDkzNzdhNWY4ZmQwYWFlZDg3YzgyMGIzZDZkIiwiYWRtaW5lbWFpbCI6ImFkbWluQGFkbWluLmNvbSIsInVzZXJfaWQiOjIsInVzZXJuYW1lIjoiYWRtaW5AYWRtaW4uY29tIiwiY3VycmVudGRhdGUiOiIyMDE5LTExLTE5IiwiY3VzdG9tZXIiOiI2IiwiY291bnRyeSI6IkNhbmFkYSIsInByb3ZpbmNlIjoiMiIsImNpdHkiOiIxMTQ4IiwiY2l0eV9pZCI6IjExNDgiLCJwcm92aW5jZV9pZCI6IjIiLCJjb3VudHJ5X2lkIjozLCJwcm92aW5jZV9uYW1lIjoiUXVlYmVjIiwiY2l0eV9uYW1lIjoiQmFya21lcmUiLCJ0YWJOYW1lIjoibWFuYWdlX3NlcnZpY2VfcHJpY2VzIiwibGFuZyI6ImZyIn0=	2019-12-04 01:51:18.06118+05:30
p6u1vrak8mr5tvx2i55a8ktoak2ot936	ZDA0NzBjNGM3NzY5NWIzMmU5NzQ1MTlkM2IwZGNjYTM3MjJiNjA0Zjp7Il9hdXRoX3VzZXJfaWQiOiIyIiwiX2F1dGhfdXNlcl9iYWNrZW5kIjoiZGphbmdvLmNvbnRyaWIuYXV0aC5iYWNrZW5kcy5Nb2RlbEJhY2tlbmQiLCJfYXV0aF91c2VyX2hhc2giOiJiOWRhMTcyZjU1MDZlZDkzNzdhNWY4ZmQwYWFlZDg3YzgyMGIzZDZkIiwiYWRtaW5lbWFpbCI6ImFkbWluQGFkbWluLmNvbSIsInVzZXJfaWQiOjIsInVzZXJuYW1lIjoiYWRtaW5AYWRtaW4uY29tIiwiY3VycmVudGRhdGUiOiIyMDE5LTExLTIwIiwidGFiTmFtZSI6ImxvZ2lucyIsIm1lc3NhZ2UiOiJzdWNjZXNzIiwiYXZhdGFyIjoic3RhdGljL2F2YXRhci9hZG1pbmlzdHJhdGl2ZS10b29sc18wWkFPMDF0LnBuZyJ9	2019-12-04 11:28:09.707381+05:30
s3hljz4quvuv1xsllrxazaqg92b2v4j1	YmIzOTdhNWQ3ODFjZDg1ZTRmYmYxYjlkMmNiOWM0NzA5ZGNmYzNlMTp7Il9hdXRoX3VzZXJfaWQiOiIxIiwiX2F1dGhfdXNlcl9iYWNrZW5kIjoiZGphbmdvLmNvbnRyaWIuYXV0aC5iYWNrZW5kcy5Nb2RlbEJhY2tlbmQiLCJfYXV0aF91c2VyX2hhc2giOiJhYzEzMDE3OTM2N2VjMzA1OWQxYzg2OTgwYTY0YTAwNzY0N2VjNTUzIiwiYWRtaW5lbWFpbCI6ImFkbWluQGFkbWluLmNvbSIsInVzZXJfaWQiOjEsInVzZXJuYW1lIjoiYWRtaW4iLCJjdXJyZW50ZGF0ZSI6IjIwMTktMTEtMDciLCJ0YWJOYW1lIjoibG9naW5zIn0=	2019-11-21 14:45:10.634831+05:30
28ni25j028k8qkmgxj4jyfz8dzdq30x2	N2NmYjhhNDE0MjRjMDY5NTNlYTNjYzUwNDRhYzE2YzI5OWVmNzNiODp7Il9hdXRoX3VzZXJfaWQiOiIyIiwiX2F1dGhfdXNlcl9iYWNrZW5kIjoiZGphbmdvLmNvbnRyaWIuYXV0aC5iYWNrZW5kcy5Nb2RlbEJhY2tlbmQiLCJfYXV0aF91c2VyX2hhc2giOiJiOWRhMTcyZjU1MDZlZDkzNzdhNWY4ZmQwYWFlZDg3YzgyMGIzZDZkIiwiYWRtaW5lbWFpbCI6ImFkbWluQGFkbWluLmNvbSIsInVzZXJfaWQiOjIsInVzZXJuYW1lIjoiYWRtaW5AYWRtaW4uY29tIiwiY3VycmVudGRhdGUiOiIyMDE5LTExLTEzIiwiY3VzdG9tZXIiOiI2IiwibWVzc2FnZSI6InN1Y2Nlc3MiLCJhdmF0YXIiOiJzdGF0aWMvYXZhdGFyL2tpc3NwbmctYXZhdGFyLWNvbXB1dGVyLWljb25zLXVzZXItcHJvZmlsZS1idXNpbmVzcy11c2VyLWF2YXRhci01YWMzYTFmN2Q5X2NwTVRCajguanBnIiwidGFiTmFtZSI6Im1hbmFnZV9zZXJ2aWNlX3ByaWNlcyIsInRhYk5hbWVjb2wiOiJjb2xsYXBzZU9uZTEiLCJwbGFuX2lkIjoiMSJ9	2019-11-27 18:52:52.096562+05:30
xb8hfy1vxm9mnpzfq0w5gvljxr8grzye	NTc1ZDM3ODNhZTIwMjZhOTQ5N2IxZGZkOGViZWUwNWZkZmVkYjhlMjp7Il9hdXRoX3VzZXJfaWQiOiIyIiwiX2F1dGhfdXNlcl9iYWNrZW5kIjoiZGphbmdvLmNvbnRyaWIuYXV0aC5iYWNrZW5kcy5Nb2RlbEJhY2tlbmQiLCJfYXV0aF91c2VyX2hhc2giOiJiOWRhMTcyZjU1MDZlZDkzNzdhNWY4ZmQwYWFlZDg3YzgyMGIzZDZkIiwiYWRtaW5lbWFpbCI6ImFkbWluQGFkbWluLmNvbSIsInVzZXJfaWQiOjIsInVzZXJuYW1lIjoiYWRtaW5AYWRtaW4uY29tIiwiY3VycmVudGRhdGUiOiIyMDE5LTExLTE5In0=	2019-12-03 18:50:27.215233+05:30
ez8tsvmu3jxjacycfs57xb4lbqv1r784	NjU0MGI5ZDQ4NTc3ZWYwMjU3Zjg2YmQzYjljZGI4YzQ5OTAyYTBhYzp7ImNvdW50cnkiOiJDYW5hZGEiLCJwcm92aW5jZSI6IjUiLCJjaXR5IjoiMjg4IiwiY2l0eV9pZCI6IjI4OCIsInByb3ZpbmNlX2lkIjoiNSIsImNvdW50cnlfaWQiOjMsInByb3ZpbmNlX25hbWUiOiJCcml0aXNoIENvbHVtYmlhIiwiY2l0eV9uYW1lIjoiQWJib3RzZm9yZCJ9	2019-12-03 18:59:49.084547+05:30
pxsohls90184v8gzr298zdcm6kxekv0c	M2JkMzQ3M2VjYWViZjIwOGNjMjMxYTIwM2Y3ZDgzNmVjMzExNWQwZTp7ImxhbmciOiJmciJ9	2019-12-03 19:41:25.365808+05:30
zzrwb2x84015k3pp26by72yvuau6s0es	MmZlYzgyMTlmNjkzOTkzMDM0MWNlODM1MGIxODM0ZjQ5ZTA4MDdjZjp7Il9hdXRoX3VzZXJfaWQiOiIyIiwiX2F1dGhfdXNlcl9iYWNrZW5kIjoiZGphbmdvLmNvbnRyaWIuYXV0aC5iYWNrZW5kcy5Nb2RlbEJhY2tlbmQiLCJfYXV0aF91c2VyX2hhc2giOiJiOWRhMTcyZjU1MDZlZDkzNzdhNWY4ZmQwYWFlZDg3YzgyMGIzZDZkIiwiYWRtaW5lbWFpbCI6ImFkbWluQGFkbWluLmNvbSIsInVzZXJfaWQiOjIsInVzZXJuYW1lIjoiYWRtaW5AYWRtaW4uY29tIiwiY3VycmVudGRhdGUiOiIyMDE5LTExLTEzIiwidGFiTmFtZWNvbCI6ImNvbGxhcHNlT25lMSIsInRhYk5hbWUiOiJtYW5hZ2Vfc2VydmljZV9wcmljZXMiLCJjdXN0b21lciI6IjEiLCJteWlkIjozfQ==	2019-11-27 12:44:37.316422+05:30
\.


--
-- Data for Name: egciptvhome_customerapplyforservice; Type: TABLE DATA; Schema: public; Owner: postgres
--

COPY public.egciptvhome_customerapplyforservice (id, first_name, last_name, email_address, company_name, phone, cell_number, call_time, installation_time, hear_about_us, existing_service_provider, service_date_time, cancellation_date_with_current_provider, terms_of_service, referred_ac_no, referred_by, promo_code, message, service_address_1, service_address_2, service_apt_suite, service_postcode, applied_ip_address, previous_invoice, created_at, updated_at, menu_category_id, plan_id, service_city_id, service_country_id, service_province_id) FROM stdin;
\.


--
-- Name: egciptvhome_customerapplyforservice_id_seq; Type: SEQUENCE SET; Schema: public; Owner: postgres
--

SELECT pg_catalog.setval('public.egciptvhome_customerapplyforservice_id_seq', 1, false);


--
-- Data for Name: egciptvhome_customerapplyforservicebilling; Type: TABLE DATA; Schema: public; Owner: postgres
--

COPY public.egciptvhome_customerapplyforservicebilling (id, billing_address_1, billing_address_2, billing_apt_suite, billing_postcode, billing_city_id, billing_country_id, billing_province_id, customer_apply_for_service_id) FROM stdin;
\.


--
-- Name: egciptvhome_customerapplyforservicebilling_id_seq; Type: SEQUENCE SET; Schema: public; Owner: postgres
--

SELECT pg_catalog.setval('public.egciptvhome_customerapplyforservicebilling_id_seq', 1, false);


--
-- Data for Name: egciptvhome_otherdetails; Type: TABLE DATA; Schema: public; Owner: postgres
--

COPY public.egciptvhome_otherdetails (id, key, value, address, city, province, country, zip, fax, phone, email, created_at, updated_at) FROM stdin;
\.


--
-- Name: egciptvhome_otherdetails_id_seq; Type: SEQUENCE SET; Schema: public; Owner: postgres
--

SELECT pg_catalog.setval('public.egciptvhome_otherdetails_id_seq', 1, false);


--
-- Data for Name: rateareacode_ratewithareacode; Type: TABLE DATA; Schema: public; Owner: postgres
--

COPY public.rateareacode_ratewithareacode (id, area_code, rate, status, created_at, updated_at, country_id, province_id) FROM stdin;
\.


--
-- Name: rateareacode_ratewithareacode_id_seq; Type: SEQUENCE SET; Schema: public; Owner: postgres
--

SELECT pg_catalog.setval('public.rateareacode_ratewithareacode_id_seq', 1, false);


--
-- Data for Name: ratecustomerbillingwithcdr_customerbillingdetails; Type: TABLE DATA; Schema: public; Owner: postgres
--

COPY public.ratecustomerbillingwithcdr_customerbillingdetails (id, customer_service_contract, call_cost, previous_balance, current_balance, due_amount, payment_status, created_at, updated_at, user_id) FROM stdin;
\.


--
-- Name: ratecustomerbillingwithcdr_customerbillingdetails_id_seq; Type: SEQUENCE SET; Schema: public; Owner: postgres
--

SELECT pg_catalog.setval('public.ratecustomerbillingwithcdr_customerbillingdetails_id_seq', 1, false);


--
-- Name: ratecustomerbillingwithcdr_customerbillingdetailswithedi_id_seq; Type: SEQUENCE SET; Schema: public; Owner: postgres
--

SELECT pg_catalog.setval('public.ratecustomerbillingwithcdr_customerbillingdetailswithedi_id_seq', 1, false);


--
-- Data for Name: ratecustomerbillingwithcdr_customerbillingdetailswithedited; Type: TABLE DATA; Schema: public; Owner: postgres
--

COPY public.ratecustomerbillingwithcdr_customerbillingdetailswithedited (id, reduce_payment, paid_payment, created_at, updated_at, customer_billing_details_id, user_id) FROM stdin;
\.


--
-- Data for Name: ratecustomerbillingwithcdr_voiplongdistancerate; Type: TABLE DATA; Schema: public; Owner: postgres
--

COPY public.ratecustomerbillingwithcdr_voiplongdistancerate (id, country, prefix, rate, created_at, updated_at) FROM stdin;
\.


--
-- Name: ratecustomerbillingwithcdr_voiplongdistancerate_id_seq; Type: SEQUENCE SET; Schema: public; Owner: postgres
--

SELECT pg_catalog.setval('public.ratecustomerbillingwithcdr_voiplongdistancerate_id_seq', 1, false);


--
-- Data for Name: settingcontractsheet_contractsheet; Type: TABLE DATA; Schema: public; Owner: postgres
--

COPY public.settingcontractsheet_contractsheet (id, title1, title2, title3, title4, title5, title6, title7, title8, title9, title10, title11, title12, title13, title14, title15, title16, title17, title18, title19, title20, created_at, updated_at, user_id) FROM stdin;
\.


--
-- Name: settingcontractsheet_contractsheet_id_seq; Type: SEQUENCE SET; Schema: public; Owner: postgres
--

SELECT pg_catalog.setval('public.settingcontractsheet_contractsheet_id_seq', 1, false);


--
-- Data for Name: sitefrontendbyadmin_backgroundimage; Type: TABLE DATA; Schema: public; Owner: postgres
--

COPY public.sitefrontendbyadmin_backgroundimage (id, image, created_at, updated_at) FROM stdin;
2	static/bg_image/pexels-photo-949587.jpeg	2019-11-12 17:02:47.504648+05:30	2019-11-12 17:02:47.50471+05:30
\.


--
-- Name: sitefrontendbyadmin_backgroundimage_id_seq; Type: SEQUENCE SET; Schema: public; Owner: postgres
--

SELECT pg_catalog.setval('public.sitefrontendbyadmin_backgroundimage_id_seq', 2, true);


--
-- Data for Name: sitefrontendbyadmin_faq; Type: TABLE DATA; Schema: public; Owner: postgres
--

COPY public.sitefrontendbyadmin_faq (id, questions, answers, docs, link, status, created_at, updated_at) FROM stdin;
\.


--
-- Name: sitefrontendbyadmin_faq_id_seq; Type: SEQUENCE SET; Schema: public; Owner: postgres
--

SELECT pg_catalog.setval('public.sitefrontendbyadmin_faq_id_seq', 1, false);


--
-- Data for Name: sitefrontendbyadmin_followus; Type: TABLE DATA; Schema: public; Owner: postgres
--

COPY public.sitefrontendbyadmin_followus (id, url, fa_fa_icon, status, created_at, updated_at) FROM stdin;
\.


--
-- Name: sitefrontendbyadmin_followus_id_seq; Type: SEQUENCE SET; Schema: public; Owner: postgres
--

SELECT pg_catalog.setval('public.sitefrontendbyadmin_followus_id_seq', 1, false);


--
-- Data for Name: sitefrontendbyadmin_menucategory; Type: TABLE DATA; Schema: public; Owner: postgres
--

COPY public.sitefrontendbyadmin_menucategory (id, status, created_at, updated_at, service_category_id, service_parent_category_id, service_sub_parent_category_name_id) FROM stdin;
1	active	2019-11-12 15:05:11.718069+05:30	2019-11-12 15:05:11.718126+05:30	1	1	2
\.


--
-- Name: sitefrontendbyadmin_menucategory_id_seq; Type: SEQUENCE SET; Schema: public; Owner: postgres
--

SELECT pg_catalog.setval('public.sitefrontendbyadmin_menucategory_id_seq', 1, true);


--
-- Data for Name: sitefrontendbyadmin_menuparentcategory; Type: TABLE DATA; Schema: public; Owner: postgres
--

COPY public.sitefrontendbyadmin_menuparentcategory (id, service_parent_category_name, created_at, updated_at, status) FROM stdin;
1	Parent 1	2019-11-12 14:56:13.651237+05:30	2019-11-12 14:56:13.651296+05:30	active
2	Parent 2	2019-11-12 14:56:23.905071+05:30	2019-11-12 14:56:23.905127+05:30	active
\.


--
-- Name: sitefrontendbyadmin_menuparentcategory_id_seq; Type: SEQUENCE SET; Schema: public; Owner: postgres
--

SELECT pg_catalog.setval('public.sitefrontendbyadmin_menuparentcategory_id_seq', 2, true);


--
-- Data for Name: sitefrontendbyadmin_menusubparentcategory; Type: TABLE DATA; Schema: public; Owner: postgres
--

COPY public.sitefrontendbyadmin_menusubparentcategory (id, service_sub_parent_category_name, created_at, updated_at, service_parent_category_id, status) FROM stdin;
1	Sub Parent 3	2019-11-12 14:57:08.685591+05:30	2019-11-12 14:57:08.685644+05:30	1	active
2	Sub Parent 4	2019-11-12 14:57:22.717683+05:30	2019-11-12 14:57:22.717739+05:30	1	active
\.


--
-- Name: sitefrontendbyadmin_menusubparentcategory_id_seq; Type: SEQUENCE SET; Schema: public; Owner: postgres
--

SELECT pg_catalog.setval('public.sitefrontendbyadmin_menusubparentcategory_id_seq', 2, true);


--
-- Data for Name: sitefrontendbyadmin_network_status; Type: TABLE DATA; Schema: public; Owner: postgres
--

COPY public.sitefrontendbyadmin_network_status (id, questions, answers, docs, link, status, created_at, updated_at) FROM stdin;
\.


--
-- Name: sitefrontendbyadmin_network_status_id_seq; Type: SEQUENCE SET; Schema: public; Owner: postgres
--

SELECT pg_catalog.setval('public.sitefrontendbyadmin_network_status_id_seq', 1, false);


--
-- Data for Name: sitefrontendbyadmin_serviceandfeature; Type: TABLE DATA; Schema: public; Owner: postgres
--

COPY public.sitefrontendbyadmin_serviceandfeature (id, details, service_feature_logo, created_at, updated_at, service_category_id, service_parent_category_id, service_sub_parent_category_name_id, status) FROM stdin;
3	<p><strong>Lorem Ipsum</strong> is simply dummy text of the printing and \r\ntypesetting industry. Lorem Ipsum has been the industry's standard dummy\r\n text ever since the 1500s, when an unknown printer took a galley of \r\ntype and scrambled it to make a type specimen book. It has survived not \r\nonly five centuries, but also the leap into electronic typesetting, \r\nremaining essentially unchanged. It was popularised in the 1960s with \r\nthe release of Letraset sheets containing Lorem Ipsum passages, and more\r\n recently with desktop publishing software like Aldus PageMaker \r\nincluding versions of Lorem Ipsum.</p>	static/service_feature_logo/transperent_tv_logo_Wncn8AT.png	2019-11-12 15:25:40.56673+05:30	2019-11-12 15:25:40.566794+05:30	1	1	1	active
4	<p><strong>Lorem Ipsum</strong> is simply dummy text of the printing and \r\ntypesetting industry. Lorem Ipsum has been the industry's standard dummy\r\n text ever since the 1500s, when an unknown printer took a galley of \r\ntype and scrambled it to make a type specimen book. It has survived not \r\nonly five centuries, but also the leap into electronic typesetting, \r\nremaining essentially unchanged. It was popularised in the 1960s with \r\nthe release of Letraset sheets containing Lorem Ipsum passages, and more\r\n recently with desktop publishing software like Aldus PageMaker \r\nincluding versions of Lorem Ipsum.</p>	static/service_feature_logo/Virtual__transparent.png	2019-11-12 15:36:37.229385+05:30	2019-11-12 15:36:37.229462+05:30	1	1	1	active
2	<p><strong>Lorem Ipsum</strong> is simply dummy text of the printing and \r\ntypesetting industry. Lorem Ipsum has been the industry's standard dummy\r\n text ever since the 1500s, when an unknown printer took a galley of \r\ntype and scrambled it to make a type specimen book. It has survived not \r\nonly five centuries, but also the leap into electronic typesetting, \r\nremaining essentially unchanged. It was popularised in the 1960s with \r\nthe release of Letraset sheets containing Lorem Ipsum passages, and more\r\n recently with desktop publishing software like Aldus PageMaker \r\nincluding versions of Lorem Ipsum.</p>	static/service_feature_logo/34143_WO20nXP.png	2019-11-12 15:20:17.899672+05:30	2019-11-12 15:38:46.581037+05:30	1	1	1	active
1	<p>Sample details ..................................................................................<br></p>	static/service_feature_logo/Capture4.PNG	2019-11-12 15:07:11.899212+05:30	2019-11-12 16:09:58.384231+05:30	1	1	2	inactive
\.


--
-- Name: sitefrontendbyadmin_serviceandfeature_id_seq; Type: SEQUENCE SET; Schema: public; Owner: postgres
--

SELECT pg_catalog.setval('public.sitefrontendbyadmin_serviceandfeature_id_seq', 4, true);


--
-- Data for Name: sitefrontendbyadmin_slider; Type: TABLE DATA; Schema: public; Owner: postgres
--

COPY public.sitefrontendbyadmin_slider (id, slider_name, details, image, url, status, created_at, updated_at) FROM stdin;
\.


--
-- Name: sitefrontendbyadmin_slider_id_seq; Type: SEQUENCE SET; Schema: public; Owner: postgres
--

SELECT pg_catalog.setval('public.sitefrontendbyadmin_slider_id_seq', 1, false);


--
-- Data for Name: sitefrontendbyadmin_specialoffers; Type: TABLE DATA; Schema: public; Owner: postgres
--

COPY public.sitefrontendbyadmin_specialoffers (id, details, features, actual_price, offers_price, created_at, updated_at) FROM stdin;
1	<p>Smple Details</p>	<p>dcdsc</p><p>dsfcdsfc</p><p>dsfdf</p>	20	18.50	2019-11-14 17:15:19.319357+05:30	2019-11-14 17:15:19.319381+05:30
2	<p>ccccccccc</p>	<p>xxxxxxxxxxx</p>	10	0.00	2019-11-19 20:03:25.261295+05:30	2019-11-19 20:03:25.26132+05:30
\.


--
-- Name: sitefrontendbyadmin_specialoffers_id_seq; Type: SEQUENCE SET; Schema: public; Owner: postgres
--

SELECT pg_catalog.setval('public.sitefrontendbyadmin_specialoffers_id_seq', 2, true);


--
-- Data for Name: sitefrontendbyadmin_specialoffersdoc; Type: TABLE DATA; Schema: public; Owner: postgres
--

COPY public.sitefrontendbyadmin_specialoffersdoc (id, special_offers_doc_name, special_offers_doc, status, created_at, updated_at, special_offers_id) FROM stdin;
\.


--
-- Name: sitefrontendbyadmin_specialoffersdoc_id_seq; Type: SEQUENCE SET; Schema: public; Owner: postgres
--

SELECT pg_catalog.setval('public.sitefrontendbyadmin_specialoffersdoc_id_seq', 1, false);


--
-- Data for Name: sitefrontendbyadmin_specialoffersparentcategory; Type: TABLE DATA; Schema: public; Owner: postgres
--

COPY public.sitefrontendbyadmin_specialoffersparentcategory (id, special_offers_parent_category_name, "desc", status, created_at, updated_at) FROM stdin;
1	SO PArent	csdvcsvsvdsvsdv	active	2019-11-14 17:16:21.752368+05:30	2019-11-14 17:16:21.7524+05:30
\.


--
-- Name: sitefrontendbyadmin_specialoffersparentcategory_id_seq; Type: SEQUENCE SET; Schema: public; Owner: postgres
--

SELECT pg_catalog.setval('public.sitefrontendbyadmin_specialoffersparentcategory_id_seq', 1, true);


--
-- Data for Name: sitefrontendbyadmin_specialoffersplans; Type: TABLE DATA; Schema: public; Owner: postgres
--

COPY public.sitefrontendbyadmin_specialoffersplans (id, actual_price, offers_price, created_at, updated_at, service_price_id, special_offers_id) FROM stdin;
1			2019-11-14 17:15:19.35524+05:30	2019-11-14 17:15:19.355273+05:30	1	1
2			2019-11-19 20:03:25.28387+05:30	2019-11-19 20:03:25.283897+05:30	21	2
\.


--
-- Name: sitefrontendbyadmin_specialoffersplans_id_seq; Type: SEQUENCE SET; Schema: public; Owner: postgres
--

SELECT pg_catalog.setval('public.sitefrontendbyadmin_specialoffersplans_id_seq', 2, true);


--
-- Data for Name: sitefrontendbyadmin_specialoffersplanshardware; Type: TABLE DATA; Schema: public; Owner: postgres
--

COPY public.sitefrontendbyadmin_specialoffersplanshardware (id, actual_price, offers_price, created_at, updated_at, service_price_id, special_offers_id) FROM stdin;
\.


--
-- Name: sitefrontendbyadmin_specialoffersplanshardware_id_seq; Type: SEQUENCE SET; Schema: public; Owner: postgres
--

SELECT pg_catalog.setval('public.sitefrontendbyadmin_specialoffersplanshardware_id_seq', 1, false);


--
-- Data for Name: sitefrontendbyadmin_specialoffersplanswithhardwarerates; Type: TABLE DATA; Schema: public; Owner: postgres
--

COPY public.sitefrontendbyadmin_specialoffersplanswithhardwarerates (id, hw_qty, device_buy, device_rental, montly_rent, offer_price, created_at, updated_at, hw_id, service_plan_id, service_price_id, special_offers_id) FROM stdin;
\.


--
-- Name: sitefrontendbyadmin_specialoffersplanswithhardwarerates_id_seq; Type: SEQUENCE SET; Schema: public; Owner: postgres
--

SELECT pg_catalog.setval('public.sitefrontendbyadmin_specialoffersplanswithhardwarerates_id_seq', 1, false);


--
-- Data for Name: sitefrontendbyadmin_specialofferssubparentcategory; Type: TABLE DATA; Schema: public; Owner: postgres
--

COPY public.sitefrontendbyadmin_specialofferssubparentcategory (id, special_offers_sub_parent_category_name, "desc", status, created_at, updated_at, special_offers_parent_category_id) FROM stdin;
1	SO Sub Cat	Lorem Ipsum is simply dummy text of the printing and typesetting industry. Lorem Ipsum has been the industry's standard dummy text ever since the 1500s, when an unknown printer took a galley of type and scrambled it to make a type specimen book. It has survived not only five centuries,	active	2019-11-14 17:17:08.363118+05:30	2019-11-14 17:17:08.363147+05:30	1
2	SO Sub Cat 2	Lorem Ipsum is simply dummy text of the printing and typesetting industry. Lorem Ipsum has been the industry's standard dummy text ever since the 1500s, when an unknown printer took a galley of type and scrambled it to make a type specimen book. It has survived not only five centuries,	active	2019-11-14 17:17:21.281196+05:30	2019-11-14 17:17:21.281227+05:30	1
\.


--
-- Name: sitefrontendbyadmin_specialofferssubparentcategory_id_seq; Type: SEQUENCE SET; Schema: public; Owner: postgres
--

SELECT pg_catalog.setval('public.sitefrontendbyadmin_specialofferssubparentcategory_id_seq', 2, true);


--
-- Data for Name: sitefrontendbyadmin_specialoffersundercategory; Type: TABLE DATA; Schema: public; Owner: postgres
--

COPY public.sitefrontendbyadmin_specialoffersundercategory (id, special_offers_combo_name, special_offers_type_name, telecom_name, telecom_logo, status, created_at, updated_at, city_id, province_id, special_offers_id, special_offers_parent_category_id, special_offers_sub_parent_category_id) FROM stdin;
1	Internet + Cable	Bundles	Sys001	static/telecom_logo/output-onlinepngtools.png	active	2019-11-14 17:19:06.108308+05:30	2019-11-14 17:19:06.108337+05:30	1	3	1	1	1
2	Internet + Cable	Bundles	Sys002	static/telecom_logo/Internet.PNG	active	2019-11-14 17:19:37.14001+05:30	2019-11-14 17:19:37.140037+05:30	2	3	1	1	1
4	DSL	Cables	Sys004	static/telecom_logo/administrative-tools_0ZAO01t.png	active	2019-11-19 17:06:24.997944+05:30	2019-11-19 17:06:24.997971+05:30	1148	2	1	1	1
3	DSL	CAbles	Sys003	static/telecom_logo/server-admin_Oj3B3yD.png	active	2019-11-19 17:03:57.850461+05:30	2019-11-19 19:53:09.428481+05:30	19	4	1	1	2
5	DSL	Cables	Sys004	static/telecom_logo/2a5618256ce77ded0828187050201ae6.jpeg	active	2019-11-19 20:05:52.193431+05:30	2019-11-19 20:05:52.193461+05:30	1148	2	2	1	1
\.


--
-- Name: sitefrontendbyadmin_specialoffersundercategory_id_seq; Type: SEQUENCE SET; Schema: public; Owner: postgres
--

SELECT pg_catalog.setval('public.sitefrontendbyadmin_specialoffersundercategory_id_seq', 5, true);


--
-- Data for Name: sitefrontendbyadmin_weblogo; Type: TABLE DATA; Schema: public; Owner: postgres
--

COPY public.sitefrontendbyadmin_weblogo (id, image, created_at, updated_at) FROM stdin;
1	EGC_logo.png	2019-11-13 02:40:25+05:30	2019-11-13 02:40:25+05:30
\.


--
-- Name: sitefrontendbyadmin_weblogo_id_seq; Type: SEQUENCE SET; Schema: public; Owner: postgres
--

SELECT pg_catalog.setval('public.sitefrontendbyadmin_weblogo_id_seq', 2, true);


--
-- Name: adminnumberprovider_numbermnptocustomer_pkey; Type: CONSTRAINT; Schema: public; Owner: postgres
--

ALTER TABLE ONLY public.adminnumberprovider_numbermnptocustomer
    ADD CONSTRAINT adminnumberprovider_numbermnptocustomer_pkey PRIMARY KEY (id);


--
-- Name: adminnumberprovider_numberprovincecustomermap_pkey; Type: CONSTRAINT; Schema: public; Owner: postgres
--

ALTER TABLE ONLY public.adminnumberprovider_numberprovincecustomermap
    ADD CONSTRAINT adminnumberprovider_numberprovincecustomermap_pkey PRIMARY KEY (id);


--
-- Name: adminnumberprovider_numberprovincemap_pkey; Type: CONSTRAINT; Schema: public; Owner: postgres
--

ALTER TABLE ONLY public.adminnumberprovider_numberprovincemap
    ADD CONSTRAINT adminnumberprovider_numberprovincemap_pkey PRIMARY KEY (id);


--
-- Name: adminsidecustomer_accountaddresscustomer_pkey; Type: CONSTRAINT; Schema: public; Owner: postgres
--

ALTER TABLE ONLY public.adminsidecustomer_accountaddresscustomer
    ADD CONSTRAINT adminsidecustomer_accountaddresscustomer_pkey PRIMARY KEY (id);


--
-- Name: adminsidecustomer_billingaddresscustomer_pkey; Type: CONSTRAINT; Schema: public; Owner: postgres
--

ALTER TABLE ONLY public.adminsidecustomer_billingaddresscustomer
    ADD CONSTRAINT adminsidecustomer_billingaddresscustomer_pkey PRIMARY KEY (id);


--
-- Name: adminsidecustomer_city_pkey; Type: CONSTRAINT; Schema: public; Owner: postgres
--

ALTER TABLE ONLY public.adminsidecustomer_city
    ADD CONSTRAINT adminsidecustomer_city_pkey PRIMARY KEY (id);


--
-- Name: adminsidecustomer_country_pkey; Type: CONSTRAINT; Schema: public; Owner: postgres
--

ALTER TABLE ONLY public.adminsidecustomer_country
    ADD CONSTRAINT adminsidecustomer_country_pkey PRIMARY KEY (id);


--
-- Name: adminsidecustomer_customer_pkey; Type: CONSTRAINT; Schema: public; Owner: postgres
--

ALTER TABLE ONLY public.adminsidecustomer_customer
    ADD CONSTRAINT adminsidecustomer_customer_pkey PRIMARY KEY (id);


--
-- Name: adminsidecustomer_customeraccountstatus_pkey; Type: CONSTRAINT; Schema: public; Owner: postgres
--

ALTER TABLE ONLY public.adminsidecustomer_customeraccountstatus
    ADD CONSTRAINT adminsidecustomer_customeraccountstatus_pkey PRIMARY KEY (id);


--
-- Name: adminsidecustomer_customercomment_pkey; Type: CONSTRAINT; Schema: public; Owner: postgres
--

ALTER TABLE ONLY public.adminsidecustomer_customercomment
    ADD CONSTRAINT adminsidecustomer_customercomment_pkey PRIMARY KEY (id);


--
-- Name: adminsidecustomer_customerinvoicemap_pkey; Type: CONSTRAINT; Schema: public; Owner: postgres
--

ALTER TABLE ONLY public.adminsidecustomer_customerinvoicemap
    ADD CONSTRAINT adminsidecustomer_customerinvoicemap_pkey PRIMARY KEY (id);


--
-- Name: adminsidecustomer_customerusermap_pkey; Type: CONSTRAINT; Schema: public; Owner: postgres
--

ALTER TABLE ONLY public.adminsidecustomer_customerusermap
    ADD CONSTRAINT adminsidecustomer_customerusermap_pkey PRIMARY KEY (id);


--
-- Name: adminsidecustomer_cutomerattachmentmap_pkey; Type: CONSTRAINT; Schema: public; Owner: postgres
--

ALTER TABLE ONLY public.adminsidecustomer_cutomerattachmentmap
    ADD CONSTRAINT adminsidecustomer_cutomerattachmentmap_pkey PRIMARY KEY (id);


--
-- Name: adminsidecustomer_province_pkey; Type: CONSTRAINT; Schema: public; Owner: postgres
--

ALTER TABLE ONLY public.adminsidecustomer_province
    ADD CONSTRAINT adminsidecustomer_province_pkey PRIMARY KEY (id);


--
-- Name: adminsidecustomer_sales_tax_pkey; Type: CONSTRAINT; Schema: public; Owner: postgres
--

ALTER TABLE ONLY public.adminsidecustomer_sales_tax
    ADD CONSTRAINT adminsidecustomer_sales_tax_pkey PRIMARY KEY (id);


--
-- Name: adminsideserviceprovider_contractbasedhardwarewithmac_pkey; Type: CONSTRAINT; Schema: public; Owner: postgres
--

ALTER TABLE ONLY public.adminsideserviceprovider_contractbasedhardwarewithmac
    ADD CONSTRAINT adminsideserviceprovider_contractbasedhardwarewithmac_pkey PRIMARY KEY (id);


--
-- Name: adminsideserviceprovider_customerservicecontract_pkey; Type: CONSTRAINT; Schema: public; Owner: postgres
--

ALTER TABLE ONLY public.adminsideserviceprovider_customerservicecontract
    ADD CONSTRAINT adminsideserviceprovider_customerservicecontract_pkey PRIMARY KEY (id);


--
-- Name: adminsideserviceprovider_customerticketscategoriesmap_pkey; Type: CONSTRAINT; Schema: public; Owner: postgres
--

ALTER TABLE ONLY public.adminsideserviceprovider_customerticketscategoriesmap
    ADD CONSTRAINT adminsideserviceprovider_customerticketscategoriesmap_pkey PRIMARY KEY (id);


--
-- Name: adminsideserviceprovider_customerwithservice_pkey; Type: CONSTRAINT; Schema: public; Owner: postgres
--

ALTER TABLE ONLY public.adminsideserviceprovider_customerwithservice
    ADD CONSTRAINT adminsideserviceprovider_customerwithservice_pkey PRIMARY KEY (id);


--
-- Name: adminsideserviceprovider_hardware_pkey; Type: CONSTRAINT; Schema: public; Owner: postgres
--

ALTER TABLE ONLY public.adminsideserviceprovider_hardware
    ADD CONSTRAINT adminsideserviceprovider_hardware_pkey PRIMARY KEY (id);


--
-- Name: adminsideserviceprovider_manageservicepricedoc_pkey; Type: CONSTRAINT; Schema: public; Owner: postgres
--

ALTER TABLE ONLY public.adminsideserviceprovider_manageservicepricedoc
    ADD CONSTRAINT adminsideserviceprovider_manageservicepricedoc_pkey PRIMARY KEY (id);


--
-- Name: adminsideserviceprovider_serviceplanwithhardware_pkey; Type: CONSTRAINT; Schema: public; Owner: postgres
--

ALTER TABLE ONLY public.adminsideserviceprovider_serviceplanwithhardware
    ADD CONSTRAINT adminsideserviceprovider_serviceplanwithhardware_pkey PRIMARY KEY (id);


--
-- Name: adminsideserviceprovider_serviceprovider_pkey; Type: CONSTRAINT; Schema: public; Owner: postgres
--

ALTER TABLE ONLY public.adminsideserviceprovider_serviceprovider
    ADD CONSTRAINT adminsideserviceprovider_serviceprovider_pkey PRIMARY KEY (id);


--
-- Name: adminsideserviceprovider_serviceprovidercitymap_pkey; Type: CONSTRAINT; Schema: public; Owner: postgres
--

ALTER TABLE ONLY public.adminsideserviceprovider_serviceprovidercitymap
    ADD CONSTRAINT adminsideserviceprovider_serviceprovidercitymap_pkey PRIMARY KEY (id);


--
-- Name: adminsideserviceprovider_serviceproviderplan_pkey; Type: CONSTRAINT; Schema: public; Owner: postgres
--

ALTER TABLE ONLY public.adminsideserviceprovider_serviceproviderplan
    ADD CONSTRAINT adminsideserviceprovider_serviceproviderplan_pkey PRIMARY KEY (id);


--
-- Name: adminsideserviceprovider_terminatecontractdetails_pkey; Type: CONSTRAINT; Schema: public; Owner: postgres
--

ALTER TABLE ONLY public.adminsideserviceprovider_terminatecontractdetails
    ADD CONSTRAINT adminsideserviceprovider_terminatecontractdetails_pkey PRIMARY KEY (id);


--
-- Name: adminsideserviceprovider_ticketscategories_pkey; Type: CONSTRAINT; Schema: public; Owner: postgres
--

ALTER TABLE ONLY public.adminsideserviceprovider_ticketscategories
    ADD CONSTRAINT adminsideserviceprovider_ticketscategories_pkey PRIMARY KEY (id);


--
-- Name: adminsideserviceprovider_ticketscategorywithserviceprovide_pkey; Type: CONSTRAINT; Schema: public; Owner: postgres
--

ALTER TABLE ONLY public.adminsideserviceprovider_ticketscategorywithserviceprovider
    ADD CONSTRAINT adminsideserviceprovider_ticketscategorywithserviceprovide_pkey PRIMARY KEY (id);


--
-- Name: agentpanel_agent_pkey; Type: CONSTRAINT; Schema: public; Owner: postgres
--

ALTER TABLE ONLY public.agentpanel_agent
    ADD CONSTRAINT agentpanel_agent_pkey PRIMARY KEY (id);


--
-- Name: auth_group_name_key; Type: CONSTRAINT; Schema: public; Owner: postgres
--

ALTER TABLE ONLY public.auth_group
    ADD CONSTRAINT auth_group_name_key UNIQUE (name);


--
-- Name: auth_group_permissions_group_id_permission_id_0cd325b0_uniq; Type: CONSTRAINT; Schema: public; Owner: postgres
--

ALTER TABLE ONLY public.auth_group_permissions
    ADD CONSTRAINT auth_group_permissions_group_id_permission_id_0cd325b0_uniq UNIQUE (group_id, permission_id);


--
-- Name: auth_group_permissions_pkey; Type: CONSTRAINT; Schema: public; Owner: postgres
--

ALTER TABLE ONLY public.auth_group_permissions
    ADD CONSTRAINT auth_group_permissions_pkey PRIMARY KEY (id);


--
-- Name: auth_group_pkey; Type: CONSTRAINT; Schema: public; Owner: postgres
--

ALTER TABLE ONLY public.auth_group
    ADD CONSTRAINT auth_group_pkey PRIMARY KEY (id);


--
-- Name: auth_permission_content_type_id_codename_01ab375a_uniq; Type: CONSTRAINT; Schema: public; Owner: postgres
--

ALTER TABLE ONLY public.auth_permission
    ADD CONSTRAINT auth_permission_content_type_id_codename_01ab375a_uniq UNIQUE (content_type_id, codename);


--
-- Name: auth_permission_pkey; Type: CONSTRAINT; Schema: public; Owner: postgres
--

ALTER TABLE ONLY public.auth_permission
    ADD CONSTRAINT auth_permission_pkey PRIMARY KEY (id);


--
-- Name: auth_user_groups_pkey; Type: CONSTRAINT; Schema: public; Owner: postgres
--

ALTER TABLE ONLY public.auth_user_groups
    ADD CONSTRAINT auth_user_groups_pkey PRIMARY KEY (id);


--
-- Name: auth_user_groups_user_id_group_id_94350c0c_uniq; Type: CONSTRAINT; Schema: public; Owner: postgres
--

ALTER TABLE ONLY public.auth_user_groups
    ADD CONSTRAINT auth_user_groups_user_id_group_id_94350c0c_uniq UNIQUE (user_id, group_id);


--
-- Name: auth_user_pkey; Type: CONSTRAINT; Schema: public; Owner: postgres
--

ALTER TABLE ONLY public.auth_user
    ADD CONSTRAINT auth_user_pkey PRIMARY KEY (id);


--
-- Name: auth_user_user_permissions_pkey; Type: CONSTRAINT; Schema: public; Owner: postgres
--

ALTER TABLE ONLY public.auth_user_user_permissions
    ADD CONSTRAINT auth_user_user_permissions_pkey PRIMARY KEY (id);


--
-- Name: auth_user_user_permissions_user_id_permission_id_14a6b632_uniq; Type: CONSTRAINT; Schema: public; Owner: postgres
--

ALTER TABLE ONLY public.auth_user_user_permissions
    ADD CONSTRAINT auth_user_user_permissions_user_id_permission_id_14a6b632_uniq UNIQUE (user_id, permission_id);


--
-- Name: auth_user_username_key; Type: CONSTRAINT; Schema: public; Owner: postgres
--

ALTER TABLE ONLY public.auth_user
    ADD CONSTRAINT auth_user_username_key UNIQUE (username);


--
-- Name: crmadmin_callcost_pkey; Type: CONSTRAINT; Schema: public; Owner: postgres
--

ALTER TABLE ONLY public.crmadmin_callcost
    ADD CONSTRAINT crmadmin_callcost_pkey PRIMARY KEY (id);


--
-- Name: crmadmin_manageserviceprice_pkey; Type: CONSTRAINT; Schema: public; Owner: postgres
--

ALTER TABLE ONLY public.crmadmin_manageserviceprice
    ADD CONSTRAINT crmadmin_manageserviceprice_pkey PRIMARY KEY (id);


--
-- Name: crmadmin_manageservicespricecategory_pkey; Type: CONSTRAINT; Schema: public; Owner: postgres
--

ALTER TABLE ONLY public.crmadmin_manageservicespricecategory
    ADD CONSTRAINT crmadmin_manageservicespricecategory_pkey PRIMARY KEY (id);


--
-- Name: crmadmin_services_pkey; Type: CONSTRAINT; Schema: public; Owner: postgres
--

ALTER TABLE ONLY public.crmadmin_services
    ADD CONSTRAINT crmadmin_services_pkey PRIMARY KEY (id);


--
-- Name: crmadmin_userimage_pkey; Type: CONSTRAINT; Schema: public; Owner: postgres
--

ALTER TABLE ONLY public.crmadmin_userimage
    ADD CONSTRAINT crmadmin_userimage_pkey PRIMARY KEY (id);


--
-- Name: crmadmin_userprofile_pkey; Type: CONSTRAINT; Schema: public; Owner: postgres
--

ALTER TABLE ONLY public.crmadmin_userprofile
    ADD CONSTRAINT crmadmin_userprofile_pkey PRIMARY KEY (id);


--
-- Name: customer_billing_bankingdetails_pkey; Type: CONSTRAINT; Schema: public; Owner: postgres
--

ALTER TABLE ONLY public.customer_billing_bankingdetails
    ADD CONSTRAINT customer_billing_bankingdetails_pkey PRIMARY KEY (id);


--
-- Name: customer_billing_billingdetailscustomer_pkey; Type: CONSTRAINT; Schema: public; Owner: postgres
--

ALTER TABLE ONLY public.customer_billing_billingdetailscustomer
    ADD CONSTRAINT customer_billing_billingdetailscustomer_pkey PRIMARY KEY (id);


--
-- Name: customer_billing_creditcard_pkey; Type: CONSTRAINT; Schema: public; Owner: postgres
--

ALTER TABLE ONLY public.customer_billing_creditcard
    ADD CONSTRAINT customer_billing_creditcard_pkey PRIMARY KEY (id);


--
-- Name: customer_billing_paypaldetails_pkey; Type: CONSTRAINT; Schema: public; Owner: postgres
--

ALTER TABLE ONLY public.customer_billing_paypaldetails
    ADD CONSTRAINT customer_billing_paypaldetails_pkey PRIMARY KEY (id);


--
-- Name: django_admin_log_pkey; Type: CONSTRAINT; Schema: public; Owner: postgres
--

ALTER TABLE ONLY public.django_admin_log
    ADD CONSTRAINT django_admin_log_pkey PRIMARY KEY (id);


--
-- Name: django_content_type_app_label_model_76bd3d3b_uniq; Type: CONSTRAINT; Schema: public; Owner: postgres
--

ALTER TABLE ONLY public.django_content_type
    ADD CONSTRAINT django_content_type_app_label_model_76bd3d3b_uniq UNIQUE (app_label, model);


--
-- Name: django_content_type_pkey; Type: CONSTRAINT; Schema: public; Owner: postgres
--

ALTER TABLE ONLY public.django_content_type
    ADD CONSTRAINT django_content_type_pkey PRIMARY KEY (id);


--
-- Name: django_migrations_pkey; Type: CONSTRAINT; Schema: public; Owner: postgres
--

ALTER TABLE ONLY public.django_migrations
    ADD CONSTRAINT django_migrations_pkey PRIMARY KEY (id);


--
-- Name: django_session_pkey; Type: CONSTRAINT; Schema: public; Owner: postgres
--

ALTER TABLE ONLY public.django_session
    ADD CONSTRAINT django_session_pkey PRIMARY KEY (session_key);


--
-- Name: egciptvhome_customerapplyforservice_pkey; Type: CONSTRAINT; Schema: public; Owner: postgres
--

ALTER TABLE ONLY public.egciptvhome_customerapplyforservice
    ADD CONSTRAINT egciptvhome_customerapplyforservice_pkey PRIMARY KEY (id);


--
-- Name: egciptvhome_customerapplyforservicebilling_pkey; Type: CONSTRAINT; Schema: public; Owner: postgres
--

ALTER TABLE ONLY public.egciptvhome_customerapplyforservicebilling
    ADD CONSTRAINT egciptvhome_customerapplyforservicebilling_pkey PRIMARY KEY (id);


--
-- Name: egciptvhome_otherdetails_pkey; Type: CONSTRAINT; Schema: public; Owner: postgres
--

ALTER TABLE ONLY public.egciptvhome_otherdetails
    ADD CONSTRAINT egciptvhome_otherdetails_pkey PRIMARY KEY (id);


--
-- Name: rateareacode_ratewithareacode_pkey; Type: CONSTRAINT; Schema: public; Owner: postgres
--

ALTER TABLE ONLY public.rateareacode_ratewithareacode
    ADD CONSTRAINT rateareacode_ratewithareacode_pkey PRIMARY KEY (id);


--
-- Name: ratecustomerbillingwithcdr_customerbillingdetails_pkey; Type: CONSTRAINT; Schema: public; Owner: postgres
--

ALTER TABLE ONLY public.ratecustomerbillingwithcdr_customerbillingdetails
    ADD CONSTRAINT ratecustomerbillingwithcdr_customerbillingdetails_pkey PRIMARY KEY (id);


--
-- Name: ratecustomerbillingwithcdr_customerbillingdetailswithedite_pkey; Type: CONSTRAINT; Schema: public; Owner: postgres
--

ALTER TABLE ONLY public.ratecustomerbillingwithcdr_customerbillingdetailswithedited
    ADD CONSTRAINT ratecustomerbillingwithcdr_customerbillingdetailswithedite_pkey PRIMARY KEY (id);


--
-- Name: ratecustomerbillingwithcdr_voiplongdistancerate_pkey; Type: CONSTRAINT; Schema: public; Owner: postgres
--

ALTER TABLE ONLY public.ratecustomerbillingwithcdr_voiplongdistancerate
    ADD CONSTRAINT ratecustomerbillingwithcdr_voiplongdistancerate_pkey PRIMARY KEY (id);


--
-- Name: settingcontractsheet_contractsheet_pkey; Type: CONSTRAINT; Schema: public; Owner: postgres
--

ALTER TABLE ONLY public.settingcontractsheet_contractsheet
    ADD CONSTRAINT settingcontractsheet_contractsheet_pkey PRIMARY KEY (id);


--
-- Name: sitefrontendbyadmin_backgroundimage_pkey; Type: CONSTRAINT; Schema: public; Owner: postgres
--

ALTER TABLE ONLY public.sitefrontendbyadmin_backgroundimage
    ADD CONSTRAINT sitefrontendbyadmin_backgroundimage_pkey PRIMARY KEY (id);


--
-- Name: sitefrontendbyadmin_faq_pkey; Type: CONSTRAINT; Schema: public; Owner: postgres
--

ALTER TABLE ONLY public.sitefrontendbyadmin_faq
    ADD CONSTRAINT sitefrontendbyadmin_faq_pkey PRIMARY KEY (id);


--
-- Name: sitefrontendbyadmin_followus_pkey; Type: CONSTRAINT; Schema: public; Owner: postgres
--

ALTER TABLE ONLY public.sitefrontendbyadmin_followus
    ADD CONSTRAINT sitefrontendbyadmin_followus_pkey PRIMARY KEY (id);


--
-- Name: sitefrontendbyadmin_menucategory_pkey; Type: CONSTRAINT; Schema: public; Owner: postgres
--

ALTER TABLE ONLY public.sitefrontendbyadmin_menucategory
    ADD CONSTRAINT sitefrontendbyadmin_menucategory_pkey PRIMARY KEY (id);


--
-- Name: sitefrontendbyadmin_menuparentcategory_pkey; Type: CONSTRAINT; Schema: public; Owner: postgres
--

ALTER TABLE ONLY public.sitefrontendbyadmin_menuparentcategory
    ADD CONSTRAINT sitefrontendbyadmin_menuparentcategory_pkey PRIMARY KEY (id);


--
-- Name: sitefrontendbyadmin_menusubparentcategory_pkey; Type: CONSTRAINT; Schema: public; Owner: postgres
--

ALTER TABLE ONLY public.sitefrontendbyadmin_menusubparentcategory
    ADD CONSTRAINT sitefrontendbyadmin_menusubparentcategory_pkey PRIMARY KEY (id);


--
-- Name: sitefrontendbyadmin_network_status_pkey; Type: CONSTRAINT; Schema: public; Owner: postgres
--

ALTER TABLE ONLY public.sitefrontendbyadmin_network_status
    ADD CONSTRAINT sitefrontendbyadmin_network_status_pkey PRIMARY KEY (id);


--
-- Name: sitefrontendbyadmin_serviceandfeature_pkey; Type: CONSTRAINT; Schema: public; Owner: postgres
--

ALTER TABLE ONLY public.sitefrontendbyadmin_serviceandfeature
    ADD CONSTRAINT sitefrontendbyadmin_serviceandfeature_pkey PRIMARY KEY (id);


--
-- Name: sitefrontendbyadmin_slider_pkey; Type: CONSTRAINT; Schema: public; Owner: postgres
--

ALTER TABLE ONLY public.sitefrontendbyadmin_slider
    ADD CONSTRAINT sitefrontendbyadmin_slider_pkey PRIMARY KEY (id);


--
-- Name: sitefrontendbyadmin_specialoffers_pkey; Type: CONSTRAINT; Schema: public; Owner: postgres
--

ALTER TABLE ONLY public.sitefrontendbyadmin_specialoffers
    ADD CONSTRAINT sitefrontendbyadmin_specialoffers_pkey PRIMARY KEY (id);


--
-- Name: sitefrontendbyadmin_specialoffersdoc_pkey; Type: CONSTRAINT; Schema: public; Owner: postgres
--

ALTER TABLE ONLY public.sitefrontendbyadmin_specialoffersdoc
    ADD CONSTRAINT sitefrontendbyadmin_specialoffersdoc_pkey PRIMARY KEY (id);


--
-- Name: sitefrontendbyadmin_specialoffersparentcategory_pkey; Type: CONSTRAINT; Schema: public; Owner: postgres
--

ALTER TABLE ONLY public.sitefrontendbyadmin_specialoffersparentcategory
    ADD CONSTRAINT sitefrontendbyadmin_specialoffersparentcategory_pkey PRIMARY KEY (id);


--
-- Name: sitefrontendbyadmin_specialoffersplans_pkey; Type: CONSTRAINT; Schema: public; Owner: postgres
--

ALTER TABLE ONLY public.sitefrontendbyadmin_specialoffersplans
    ADD CONSTRAINT sitefrontendbyadmin_specialoffersplans_pkey PRIMARY KEY (id);


--
-- Name: sitefrontendbyadmin_specialoffersplanshardware_pkey; Type: CONSTRAINT; Schema: public; Owner: postgres
--

ALTER TABLE ONLY public.sitefrontendbyadmin_specialoffersplanshardware
    ADD CONSTRAINT sitefrontendbyadmin_specialoffersplanshardware_pkey PRIMARY KEY (id);


--
-- Name: sitefrontendbyadmin_specialoffersplanswithhardwarerates_pkey; Type: CONSTRAINT; Schema: public; Owner: postgres
--

ALTER TABLE ONLY public.sitefrontendbyadmin_specialoffersplanswithhardwarerates
    ADD CONSTRAINT sitefrontendbyadmin_specialoffersplanswithhardwarerates_pkey PRIMARY KEY (id);


--
-- Name: sitefrontendbyadmin_specialofferssubparentcategory_pkey; Type: CONSTRAINT; Schema: public; Owner: postgres
--

ALTER TABLE ONLY public.sitefrontendbyadmin_specialofferssubparentcategory
    ADD CONSTRAINT sitefrontendbyadmin_specialofferssubparentcategory_pkey PRIMARY KEY (id);


--
-- Name: sitefrontendbyadmin_specialoffersundercategory_pkey; Type: CONSTRAINT; Schema: public; Owner: postgres
--

ALTER TABLE ONLY public.sitefrontendbyadmin_specialoffersundercategory
    ADD CONSTRAINT sitefrontendbyadmin_specialoffersundercategory_pkey PRIMARY KEY (id);


--
-- Name: sitefrontendbyadmin_weblogo_pkey; Type: CONSTRAINT; Schema: public; Owner: postgres
--

ALTER TABLE ONLY public.sitefrontendbyadmin_weblogo
    ADD CONSTRAINT sitefrontendbyadmin_weblogo_pkey PRIMARY KEY (id);


--
-- Name: adminnumberprovider_number_number_id_921d509b; Type: INDEX; Schema: public; Owner: postgres
--

CREATE INDEX adminnumberprovider_number_number_id_921d509b ON public.adminnumberprovider_numberprovincecustomermap USING btree (number_id);


--
-- Name: adminnumberprovider_numbermnptocustomer_user_id_a194351d; Type: INDEX; Schema: public; Owner: postgres
--

CREATE INDEX adminnumberprovider_numbermnptocustomer_user_id_a194351d ON public.adminnumberprovider_numbermnptocustomer USING btree (user_id);


--
-- Name: adminnumberprovider_numberprovincecustomermap_user_id_4347a498; Type: INDEX; Schema: public; Owner: postgres
--

CREATE INDEX adminnumberprovider_numberprovincecustomermap_user_id_4347a498 ON public.adminnumberprovider_numberprovincecustomermap USING btree (user_id);


--
-- Name: adminnumberprovider_numberprovincemap_country_id_f4d2f844; Type: INDEX; Schema: public; Owner: postgres
--

CREATE INDEX adminnumberprovider_numberprovincemap_country_id_f4d2f844 ON public.adminnumberprovider_numberprovincemap USING btree (country_id);


--
-- Name: adminnumberprovider_numberprovincemap_province_id_c9949dbe; Type: INDEX; Schema: public; Owner: postgres
--

CREATE INDEX adminnumberprovider_numberprovincemap_province_id_c9949dbe ON public.adminnumberprovider_numberprovincemap USING btree (province_id);


--
-- Name: adminsidecustomer_accountaddresscustomer_city_id_bc91801b; Type: INDEX; Schema: public; Owner: postgres
--

CREATE INDEX adminsidecustomer_accountaddresscustomer_city_id_bc91801b ON public.adminsidecustomer_accountaddresscustomer USING btree (city_id);


--
-- Name: adminsidecustomer_accountaddresscustomer_country_id_6ac44e70; Type: INDEX; Schema: public; Owner: postgres
--

CREATE INDEX adminsidecustomer_accountaddresscustomer_country_id_6ac44e70 ON public.adminsidecustomer_accountaddresscustomer USING btree (country_id);


--
-- Name: adminsidecustomer_accountaddresscustomer_province_id_d19022f6; Type: INDEX; Schema: public; Owner: postgres
--

CREATE INDEX adminsidecustomer_accountaddresscustomer_province_id_d19022f6 ON public.adminsidecustomer_accountaddresscustomer USING btree (province_id);


--
-- Name: adminsidecustomer_accountaddresscustomer_user_id_1746d396; Type: INDEX; Schema: public; Owner: postgres
--

CREATE INDEX adminsidecustomer_accountaddresscustomer_user_id_1746d396 ON public.adminsidecustomer_accountaddresscustomer USING btree (user_id);


--
-- Name: adminsidecustomer_billinga_billing_city_id_68ead1a3; Type: INDEX; Schema: public; Owner: postgres
--

CREATE INDEX adminsidecustomer_billinga_billing_city_id_68ead1a3 ON public.adminsidecustomer_billingaddresscustomer USING btree (billing_city_id);


--
-- Name: adminsidecustomer_billinga_billing_country_id_390ac6eb; Type: INDEX; Schema: public; Owner: postgres
--

CREATE INDEX adminsidecustomer_billinga_billing_country_id_390ac6eb ON public.adminsidecustomer_billingaddresscustomer USING btree (billing_country_id);


--
-- Name: adminsidecustomer_billinga_billing_province_id_6456ce8c; Type: INDEX; Schema: public; Owner: postgres
--

CREATE INDEX adminsidecustomer_billinga_billing_province_id_6456ce8c ON public.adminsidecustomer_billingaddresscustomer USING btree (billing_province_id);


--
-- Name: adminsidecustomer_billingaddresscustomer_user_id_b563b559; Type: INDEX; Schema: public; Owner: postgres
--

CREATE INDEX adminsidecustomer_billingaddresscustomer_user_id_b563b559 ON public.adminsidecustomer_billingaddresscustomer USING btree (user_id);


--
-- Name: adminsidecustomer_city_province_id_id_b5bdd2bb; Type: INDEX; Schema: public; Owner: postgres
--

CREATE INDEX adminsidecustomer_city_province_id_id_b5bdd2bb ON public.adminsidecustomer_city USING btree (province_id_id);


--
-- Name: adminsidecustomer_customeraccountstatus_customer_id_5cb884e9; Type: INDEX; Schema: public; Owner: postgres
--

CREATE INDEX adminsidecustomer_customeraccountstatus_customer_id_5cb884e9 ON public.adminsidecustomer_customeraccountstatus USING btree (customer_id);


--
-- Name: adminsidecustomer_customercomment_touser_id_2f030347; Type: INDEX; Schema: public; Owner: postgres
--

CREATE INDEX adminsidecustomer_customercomment_touser_id_2f030347 ON public.adminsidecustomer_customercomment USING btree (touser_id);


--
-- Name: adminsidecustomer_customercomment_user_id_98ee4c06; Type: INDEX; Schema: public; Owner: postgres
--

CREATE INDEX adminsidecustomer_customercomment_user_id_98ee4c06 ON public.adminsidecustomer_customercomment USING btree (user_id);


--
-- Name: adminsidecustomer_customerinvoicemap_customer_id_53a1e6ff; Type: INDEX; Schema: public; Owner: postgres
--

CREATE INDEX adminsidecustomer_customerinvoicemap_customer_id_53a1e6ff ON public.adminsidecustomer_customerinvoicemap USING btree (customer_id);


--
-- Name: adminsidecustomer_customerusermap_customer_id_f332be62; Type: INDEX; Schema: public; Owner: postgres
--

CREATE INDEX adminsidecustomer_customerusermap_customer_id_f332be62 ON public.adminsidecustomer_customerusermap USING btree (customer_id);


--
-- Name: adminsidecustomer_customerusermap_user_id_eb01055c; Type: INDEX; Schema: public; Owner: postgres
--

CREATE INDEX adminsidecustomer_customerusermap_user_id_eb01055c ON public.adminsidecustomer_customerusermap USING btree (user_id);


--
-- Name: adminsidecustomer_cutomerattachmentmap_customer_id_82aa5fd2; Type: INDEX; Schema: public; Owner: postgres
--

CREATE INDEX adminsidecustomer_cutomerattachmentmap_customer_id_82aa5fd2 ON public.adminsidecustomer_cutomerattachmentmap USING btree (customer_id);


--
-- Name: adminsidecustomer_province_country_id_id_cd111a72; Type: INDEX; Schema: public; Owner: postgres
--

CREATE INDEX adminsidecustomer_province_country_id_id_cd111a72 ON public.adminsidecustomer_province USING btree (country_id_id);


--
-- Name: adminsidecustomer_sales_tax_province_id_49bf1fbb; Type: INDEX; Schema: public; Owner: postgres
--

CREATE INDEX adminsidecustomer_sales_tax_province_id_49bf1fbb ON public.adminsidecustomer_sales_tax USING btree (province_id);


--
-- Name: adminsideserviceprovider_c_customer_id_5367aad7; Type: INDEX; Schema: public; Owner: postgres
--

CREATE INDEX adminsideserviceprovider_c_customer_id_5367aad7 ON public.adminsideserviceprovider_customerticketscategoriesmap USING btree (customer_id);


--
-- Name: adminsideserviceprovider_c_customer_id_ec0a84f7; Type: INDEX; Schema: public; Owner: postgres
--

CREATE INDEX adminsideserviceprovider_c_customer_id_ec0a84f7 ON public.adminsideserviceprovider_contractbasedhardwarewithmac USING btree (customer_id);


--
-- Name: adminsideserviceprovider_c_hw_id_b15774c0; Type: INDEX; Schema: public; Owner: postgres
--

CREATE INDEX adminsideserviceprovider_c_hw_id_b15774c0 ON public.adminsideserviceprovider_contractbasedhardwarewithmac USING btree (hw_id);


--
-- Name: adminsideserviceprovider_c_service_plan_id_a39935e7; Type: INDEX; Schema: public; Owner: postgres
--

CREATE INDEX adminsideserviceprovider_c_service_plan_id_a39935e7 ON public.adminsideserviceprovider_customerwithservice USING btree (service_plan_id);


--
-- Name: adminsideserviceprovider_c_service_provider_id_84431b96; Type: INDEX; Schema: public; Owner: postgres
--

CREATE INDEX adminsideserviceprovider_c_service_provider_id_84431b96 ON public.adminsideserviceprovider_customerwithservice USING btree (service_provider_id);


--
-- Name: adminsideserviceprovider_c_service_provider_id_fd754faf; Type: INDEX; Schema: public; Owner: postgres
--

CREATE INDEX adminsideserviceprovider_c_service_provider_id_fd754faf ON public.adminsideserviceprovider_customerticketscategoriesmap USING btree (service_provider_id);


--
-- Name: adminsideserviceprovider_c_ticketCategory_id_3c8bf414; Type: INDEX; Schema: public; Owner: postgres
--

CREATE INDEX "adminsideserviceprovider_c_ticketCategory_id_3c8bf414" ON public.adminsideserviceprovider_customerticketscategoriesmap USING btree ("ticketCategory_id");


--
-- Name: adminsideserviceprovider_c_updatedby_id_23a80103; Type: INDEX; Schema: public; Owner: postgres
--

CREATE INDEX adminsideserviceprovider_c_updatedby_id_23a80103 ON public.adminsideserviceprovider_customerticketscategoriesmap USING btree (updatedby_id);


--
-- Name: adminsideserviceprovider_c_user_id_ed2670ad; Type: INDEX; Schema: public; Owner: postgres
--

CREATE INDEX adminsideserviceprovider_c_user_id_ed2670ad ON public.adminsideserviceprovider_customerservicecontract USING btree (user_id);


--
-- Name: adminsideserviceprovider_customerwithservice_user_id_9333b6de; Type: INDEX; Schema: public; Owner: postgres
--

CREATE INDEX adminsideserviceprovider_customerwithservice_user_id_9333b6de ON public.adminsideserviceprovider_customerwithservice USING btree (user_id);


--
-- Name: adminsideserviceprovider_m_service_price_provider_id_4ce78790; Type: INDEX; Schema: public; Owner: postgres
--

CREATE INDEX adminsideserviceprovider_m_service_price_provider_id_4ce78790 ON public.adminsideserviceprovider_manageservicepricedoc USING btree (service_price_provider_id);


--
-- Name: adminsideserviceprovider_s_city_id_be2bd845; Type: INDEX; Schema: public; Owner: postgres
--

CREATE INDEX adminsideserviceprovider_s_city_id_be2bd845 ON public.adminsideserviceprovider_serviceprovidercitymap USING btree (city_id);


--
-- Name: adminsideserviceprovider_s_country_id_fa9a055c; Type: INDEX; Schema: public; Owner: postgres
--

CREATE INDEX adminsideserviceprovider_s_country_id_fa9a055c ON public.adminsideserviceprovider_serviceprovidercitymap USING btree (country_id);


--
-- Name: adminsideserviceprovider_s_manage_service_category_id_e2c565f9; Type: INDEX; Schema: public; Owner: postgres
--

CREATE INDEX adminsideserviceprovider_s_manage_service_category_id_e2c565f9 ON public.adminsideserviceprovider_serviceproviderplan USING btree (manage_service_category_id);


--
-- Name: adminsideserviceprovider_s_manage_service_id_a93036eb; Type: INDEX; Schema: public; Owner: postgres
--

CREATE INDEX adminsideserviceprovider_s_manage_service_id_a93036eb ON public.adminsideserviceprovider_serviceproviderplan USING btree (manage_service_id);


--
-- Name: adminsideserviceprovider_s_province_id_81aa0be6; Type: INDEX; Schema: public; Owner: postgres
--

CREATE INDEX adminsideserviceprovider_s_province_id_81aa0be6 ON public.adminsideserviceprovider_serviceprovidercitymap USING btree (province_id);


--
-- Name: adminsideserviceprovider_s_service_plan_id_35031c4c; Type: INDEX; Schema: public; Owner: postgres
--

CREATE INDEX adminsideserviceprovider_s_service_plan_id_35031c4c ON public.adminsideserviceprovider_serviceplanwithhardware USING btree (service_plan_id);


--
-- Name: adminsideserviceprovider_s_service_provider_id_7d29f3c0; Type: INDEX; Schema: public; Owner: postgres
--

CREATE INDEX adminsideserviceprovider_s_service_provider_id_7d29f3c0 ON public.adminsideserviceprovider_serviceproviderplan USING btree (service_provider_id);


--
-- Name: adminsideserviceprovider_s_service_provider_id_f329204e; Type: INDEX; Schema: public; Owner: postgres
--

CREATE INDEX adminsideserviceprovider_s_service_provider_id_f329204e ON public.adminsideserviceprovider_serviceprovidercitymap USING btree (service_provider_id);


--
-- Name: adminsideserviceprovider_serviceplanwithhardware_hw_id_bfe6d36c; Type: INDEX; Schema: public; Owner: postgres
--

CREATE INDEX adminsideserviceprovider_serviceplanwithhardware_hw_id_bfe6d36c ON public.adminsideserviceprovider_serviceplanwithhardware USING btree (hw_id);


--
-- Name: adminsideserviceprovider_t_customercontract_id_40d3423c; Type: INDEX; Schema: public; Owner: postgres
--

CREATE INDEX adminsideserviceprovider_t_customercontract_id_40d3423c ON public.adminsideserviceprovider_terminatecontractdetails USING btree (customercontract_id);


--
-- Name: adminsideserviceprovider_t_service_provider_id_180a6350; Type: INDEX; Schema: public; Owner: postgres
--

CREATE INDEX adminsideserviceprovider_t_service_provider_id_180a6350 ON public.adminsideserviceprovider_ticketscategorywithserviceprovider USING btree (service_provider_id);


--
-- Name: adminsideserviceprovider_t_ticket_category_id_60fac0b3; Type: INDEX; Schema: public; Owner: postgres
--

CREATE INDEX adminsideserviceprovider_t_ticket_category_id_60fac0b3 ON public.adminsideserviceprovider_ticketscategorywithserviceprovider USING btree (ticket_category_id);


--
-- Name: agentpanel_agent_user_id_e1918d6c; Type: INDEX; Schema: public; Owner: postgres
--

CREATE INDEX agentpanel_agent_user_id_e1918d6c ON public.agentpanel_agent USING btree (user_id);


--
-- Name: auth_group_name_a6ea08ec_like; Type: INDEX; Schema: public; Owner: postgres
--

CREATE INDEX auth_group_name_a6ea08ec_like ON public.auth_group USING btree (name varchar_pattern_ops);


--
-- Name: auth_group_permissions_group_id_b120cbf9; Type: INDEX; Schema: public; Owner: postgres
--

CREATE INDEX auth_group_permissions_group_id_b120cbf9 ON public.auth_group_permissions USING btree (group_id);


--
-- Name: auth_group_permissions_permission_id_84c5c92e; Type: INDEX; Schema: public; Owner: postgres
--

CREATE INDEX auth_group_permissions_permission_id_84c5c92e ON public.auth_group_permissions USING btree (permission_id);


--
-- Name: auth_permission_content_type_id_2f476e4b; Type: INDEX; Schema: public; Owner: postgres
--

CREATE INDEX auth_permission_content_type_id_2f476e4b ON public.auth_permission USING btree (content_type_id);


--
-- Name: auth_user_groups_group_id_97559544; Type: INDEX; Schema: public; Owner: postgres
--

CREATE INDEX auth_user_groups_group_id_97559544 ON public.auth_user_groups USING btree (group_id);


--
-- Name: auth_user_groups_user_id_6a12ed8b; Type: INDEX; Schema: public; Owner: postgres
--

CREATE INDEX auth_user_groups_user_id_6a12ed8b ON public.auth_user_groups USING btree (user_id);


--
-- Name: auth_user_user_permissions_permission_id_1fbb5f2c; Type: INDEX; Schema: public; Owner: postgres
--

CREATE INDEX auth_user_user_permissions_permission_id_1fbb5f2c ON public.auth_user_user_permissions USING btree (permission_id);


--
-- Name: auth_user_user_permissions_user_id_a95ead1b; Type: INDEX; Schema: public; Owner: postgres
--

CREATE INDEX auth_user_user_permissions_user_id_a95ead1b ON public.auth_user_user_permissions USING btree (user_id);


--
-- Name: auth_user_username_6821ab7c_like; Type: INDEX; Schema: public; Owner: postgres
--

CREATE INDEX auth_user_username_6821ab7c_like ON public.auth_user USING btree (username varchar_pattern_ops);


--
-- Name: crmadmin_callcost_user_id_beb440c6; Type: INDEX; Schema: public; Owner: postgres
--

CREATE INDEX crmadmin_callcost_user_id_beb440c6 ON public.crmadmin_callcost USING btree (user_id);


--
-- Name: crmadmin_manageserviceprice_service_category_id_664ca378; Type: INDEX; Schema: public; Owner: postgres
--

CREATE INDEX crmadmin_manageserviceprice_service_category_id_664ca378 ON public.crmadmin_manageserviceprice USING btree (service_category_id);


--
-- Name: crmadmin_userimage_user_id_8a21015f; Type: INDEX; Schema: public; Owner: postgres
--

CREATE INDEX crmadmin_userimage_user_id_8a21015f ON public.crmadmin_userimage USING btree (user_id);


--
-- Name: crmadmin_userprofile_user_id_430878b3; Type: INDEX; Schema: public; Owner: postgres
--

CREATE INDEX crmadmin_userprofile_user_id_430878b3 ON public.crmadmin_userprofile USING btree (user_id);


--
-- Name: customer_billing_bankingdetails_user_id_95b7fd37; Type: INDEX; Schema: public; Owner: postgres
--

CREATE INDEX customer_billing_bankingdetails_user_id_95b7fd37 ON public.customer_billing_bankingdetails USING btree (user_id);


--
-- Name: customer_billing_billingdetailscustomer_salesperson_id_23524620; Type: INDEX; Schema: public; Owner: postgres
--

CREATE INDEX customer_billing_billingdetailscustomer_salesperson_id_23524620 ON public.customer_billing_billingdetailscustomer USING btree (salesperson_id);


--
-- Name: customer_billing_billingdetailscustomer_user_id_0068a90a; Type: INDEX; Schema: public; Owner: postgres
--

CREATE INDEX customer_billing_billingdetailscustomer_user_id_0068a90a ON public.customer_billing_billingdetailscustomer USING btree (user_id);


--
-- Name: customer_billing_creditcard_user_id_8a9be187; Type: INDEX; Schema: public; Owner: postgres
--

CREATE INDEX customer_billing_creditcard_user_id_8a9be187 ON public.customer_billing_creditcard USING btree (user_id);


--
-- Name: customer_billing_paypaldetails_user_id_9bddd0bc; Type: INDEX; Schema: public; Owner: postgres
--

CREATE INDEX customer_billing_paypaldetails_user_id_9bddd0bc ON public.customer_billing_paypaldetails USING btree (user_id);


--
-- Name: django_admin_log_content_type_id_c4bce8eb; Type: INDEX; Schema: public; Owner: postgres
--

CREATE INDEX django_admin_log_content_type_id_c4bce8eb ON public.django_admin_log USING btree (content_type_id);


--
-- Name: django_admin_log_user_id_c564eba6; Type: INDEX; Schema: public; Owner: postgres
--

CREATE INDEX django_admin_log_user_id_c564eba6 ON public.django_admin_log USING btree (user_id);


--
-- Name: django_session_expire_date_a5c62663; Type: INDEX; Schema: public; Owner: postgres
--

CREATE INDEX django_session_expire_date_a5c62663 ON public.django_session USING btree (expire_date);


--
-- Name: django_session_session_key_c0390e0f_like; Type: INDEX; Schema: public; Owner: postgres
--

CREATE INDEX django_session_session_key_c0390e0f_like ON public.django_session USING btree (session_key varchar_pattern_ops);


--
-- Name: egciptvhome_customerapplyf_billing_city_id_923150a0; Type: INDEX; Schema: public; Owner: postgres
--

CREATE INDEX egciptvhome_customerapplyf_billing_city_id_923150a0 ON public.egciptvhome_customerapplyforservicebilling USING btree (billing_city_id);


--
-- Name: egciptvhome_customerapplyf_billing_country_id_244b216a; Type: INDEX; Schema: public; Owner: postgres
--

CREATE INDEX egciptvhome_customerapplyf_billing_country_id_244b216a ON public.egciptvhome_customerapplyforservicebilling USING btree (billing_country_id);


--
-- Name: egciptvhome_customerapplyf_billing_province_id_a778ae29; Type: INDEX; Schema: public; Owner: postgres
--

CREATE INDEX egciptvhome_customerapplyf_billing_province_id_a778ae29 ON public.egciptvhome_customerapplyforservicebilling USING btree (billing_province_id);


--
-- Name: egciptvhome_customerapplyf_customer_apply_for_service_58f462d4; Type: INDEX; Schema: public; Owner: postgres
--

CREATE INDEX egciptvhome_customerapplyf_customer_apply_for_service_58f462d4 ON public.egciptvhome_customerapplyforservicebilling USING btree (customer_apply_for_service_id);


--
-- Name: egciptvhome_customerapplyf_service_province_id_c1c2ca23; Type: INDEX; Schema: public; Owner: postgres
--

CREATE INDEX egciptvhome_customerapplyf_service_province_id_c1c2ca23 ON public.egciptvhome_customerapplyforservice USING btree (service_province_id);


--
-- Name: egciptvhome_customerapplyforservice_menu_category_id_99a5d9ca; Type: INDEX; Schema: public; Owner: postgres
--

CREATE INDEX egciptvhome_customerapplyforservice_menu_category_id_99a5d9ca ON public.egciptvhome_customerapplyforservice USING btree (menu_category_id);


--
-- Name: egciptvhome_customerapplyforservice_plan_id_6f4aaf5e; Type: INDEX; Schema: public; Owner: postgres
--

CREATE INDEX egciptvhome_customerapplyforservice_plan_id_6f4aaf5e ON public.egciptvhome_customerapplyforservice USING btree (plan_id);


--
-- Name: egciptvhome_customerapplyforservice_service_city_id_10d6a27e; Type: INDEX; Schema: public; Owner: postgres
--

CREATE INDEX egciptvhome_customerapplyforservice_service_city_id_10d6a27e ON public.egciptvhome_customerapplyforservice USING btree (service_city_id);


--
-- Name: egciptvhome_customerapplyforservice_service_country_id_4b12e6fe; Type: INDEX; Schema: public; Owner: postgres
--

CREATE INDEX egciptvhome_customerapplyforservice_service_country_id_4b12e6fe ON public.egciptvhome_customerapplyforservice USING btree (service_country_id);


--
-- Name: rateareacode_ratewithareacode_country_id_64cd4a5c; Type: INDEX; Schema: public; Owner: postgres
--

CREATE INDEX rateareacode_ratewithareacode_country_id_64cd4a5c ON public.rateareacode_ratewithareacode USING btree (country_id);


--
-- Name: rateareacode_ratewithareacode_province_id_d96e2c48; Type: INDEX; Schema: public; Owner: postgres
--

CREATE INDEX rateareacode_ratewithareacode_province_id_d96e2c48 ON public.rateareacode_ratewithareacode USING btree (province_id);


--
-- Name: ratecustomerbillingwithcdr_customer_billing_details_i_3ca31b47; Type: INDEX; Schema: public; Owner: postgres
--

CREATE INDEX ratecustomerbillingwithcdr_customer_billing_details_i_3ca31b47 ON public.ratecustomerbillingwithcdr_customerbillingdetailswithedited USING btree (customer_billing_details_id);


--
-- Name: ratecustomerbillingwithcdr_user_id_518a5e5f; Type: INDEX; Schema: public; Owner: postgres
--

CREATE INDEX ratecustomerbillingwithcdr_user_id_518a5e5f ON public.ratecustomerbillingwithcdr_customerbillingdetails USING btree (user_id);


--
-- Name: ratecustomerbillingwithcdr_user_id_7fbd9df3; Type: INDEX; Schema: public; Owner: postgres
--

CREATE INDEX ratecustomerbillingwithcdr_user_id_7fbd9df3 ON public.ratecustomerbillingwithcdr_customerbillingdetailswithedited USING btree (user_id);


--
-- Name: settingcontractsheet_contractsheet_user_id_76075312; Type: INDEX; Schema: public; Owner: postgres
--

CREATE INDEX settingcontractsheet_contractsheet_user_id_76075312 ON public.settingcontractsheet_contractsheet USING btree (user_id);


--
-- Name: sitefrontendbyadmin_menuca_service_parent_category_id_f64eab40; Type: INDEX; Schema: public; Owner: postgres
--

CREATE INDEX sitefrontendbyadmin_menuca_service_parent_category_id_f64eab40 ON public.sitefrontendbyadmin_menucategory USING btree (service_parent_category_id);


--
-- Name: sitefrontendbyadmin_menuca_service_sub_parent_categor_9ed723da; Type: INDEX; Schema: public; Owner: postgres
--

CREATE INDEX sitefrontendbyadmin_menuca_service_sub_parent_categor_9ed723da ON public.sitefrontendbyadmin_menucategory USING btree (service_sub_parent_category_name_id);


--
-- Name: sitefrontendbyadmin_menucategory_service_category_id_00659a87; Type: INDEX; Schema: public; Owner: postgres
--

CREATE INDEX sitefrontendbyadmin_menucategory_service_category_id_00659a87 ON public.sitefrontendbyadmin_menucategory USING btree (service_category_id);


--
-- Name: sitefrontendbyadmin_menusu_service_parent_category_id_d07dcaff; Type: INDEX; Schema: public; Owner: postgres
--

CREATE INDEX sitefrontendbyadmin_menusu_service_parent_category_id_d07dcaff ON public.sitefrontendbyadmin_menusubparentcategory USING btree (service_parent_category_id);


--
-- Name: sitefrontendbyadmin_servic_service_category_id_ee1838d6; Type: INDEX; Schema: public; Owner: postgres
--

CREATE INDEX sitefrontendbyadmin_servic_service_category_id_ee1838d6 ON public.sitefrontendbyadmin_serviceandfeature USING btree (service_category_id);


--
-- Name: sitefrontendbyadmin_servic_service_parent_category_id_f13067e9; Type: INDEX; Schema: public; Owner: postgres
--

CREATE INDEX sitefrontendbyadmin_servic_service_parent_category_id_f13067e9 ON public.sitefrontendbyadmin_serviceandfeature USING btree (service_parent_category_id);


--
-- Name: sitefrontendbyadmin_servic_service_sub_parent_categor_a4b033d5; Type: INDEX; Schema: public; Owner: postgres
--

CREATE INDEX sitefrontendbyadmin_servic_service_sub_parent_categor_a4b033d5 ON public.sitefrontendbyadmin_serviceandfeature USING btree (service_sub_parent_category_name_id);


--
-- Name: sitefrontendbyadmin_specia_hw_id_906416d3; Type: INDEX; Schema: public; Owner: postgres
--

CREATE INDEX sitefrontendbyadmin_specia_hw_id_906416d3 ON public.sitefrontendbyadmin_specialoffersplanswithhardwarerates USING btree (hw_id);


--
-- Name: sitefrontendbyadmin_specia_province_id_29e441bc; Type: INDEX; Schema: public; Owner: postgres
--

CREATE INDEX sitefrontendbyadmin_specia_province_id_29e441bc ON public.sitefrontendbyadmin_specialoffersundercategory USING btree (province_id);


--
-- Name: sitefrontendbyadmin_specia_service_plan_id_4c20e549; Type: INDEX; Schema: public; Owner: postgres
--

CREATE INDEX sitefrontendbyadmin_specia_service_plan_id_4c20e549 ON public.sitefrontendbyadmin_specialoffersplanswithhardwarerates USING btree (service_plan_id);


--
-- Name: sitefrontendbyadmin_specia_service_price_id_3ff746a8; Type: INDEX; Schema: public; Owner: postgres
--

CREATE INDEX sitefrontendbyadmin_specia_service_price_id_3ff746a8 ON public.sitefrontendbyadmin_specialoffersplanswithhardwarerates USING btree (service_price_id);


--
-- Name: sitefrontendbyadmin_specia_service_price_id_8d90337c; Type: INDEX; Schema: public; Owner: postgres
--

CREATE INDEX sitefrontendbyadmin_specia_service_price_id_8d90337c ON public.sitefrontendbyadmin_specialoffersplanshardware USING btree (service_price_id);


--
-- Name: sitefrontendbyadmin_specia_service_price_id_c16a4921; Type: INDEX; Schema: public; Owner: postgres
--

CREATE INDEX sitefrontendbyadmin_specia_service_price_id_c16a4921 ON public.sitefrontendbyadmin_specialoffersplans USING btree (service_price_id);


--
-- Name: sitefrontendbyadmin_specia_special_offers_id_182f45ca; Type: INDEX; Schema: public; Owner: postgres
--

CREATE INDEX sitefrontendbyadmin_specia_special_offers_id_182f45ca ON public.sitefrontendbyadmin_specialoffersplans USING btree (special_offers_id);


--
-- Name: sitefrontendbyadmin_specia_special_offers_id_3ce4d627; Type: INDEX; Schema: public; Owner: postgres
--

CREATE INDEX sitefrontendbyadmin_specia_special_offers_id_3ce4d627 ON public.sitefrontendbyadmin_specialoffersplanshardware USING btree (special_offers_id);


--
-- Name: sitefrontendbyadmin_specia_special_offers_id_64afa30a; Type: INDEX; Schema: public; Owner: postgres
--

CREATE INDEX sitefrontendbyadmin_specia_special_offers_id_64afa30a ON public.sitefrontendbyadmin_specialoffersundercategory USING btree (special_offers_id);


--
-- Name: sitefrontendbyadmin_specia_special_offers_id_7373732c; Type: INDEX; Schema: public; Owner: postgres
--

CREATE INDEX sitefrontendbyadmin_specia_special_offers_id_7373732c ON public.sitefrontendbyadmin_specialoffersplanswithhardwarerates USING btree (special_offers_id);


--
-- Name: sitefrontendbyadmin_specia_special_offers_parent_cate_9885f1b1; Type: INDEX; Schema: public; Owner: postgres
--

CREATE INDEX sitefrontendbyadmin_specia_special_offers_parent_cate_9885f1b1 ON public.sitefrontendbyadmin_specialofferssubparentcategory USING btree (special_offers_parent_category_id);


--
-- Name: sitefrontendbyadmin_specia_special_offers_parent_cate_df70d6f7; Type: INDEX; Schema: public; Owner: postgres
--

CREATE INDEX sitefrontendbyadmin_specia_special_offers_parent_cate_df70d6f7 ON public.sitefrontendbyadmin_specialoffersundercategory USING btree (special_offers_parent_category_id);


--
-- Name: sitefrontendbyadmin_specia_special_offers_sub_parent__40e80eec; Type: INDEX; Schema: public; Owner: postgres
--

CREATE INDEX sitefrontendbyadmin_specia_special_offers_sub_parent__40e80eec ON public.sitefrontendbyadmin_specialoffersundercategory USING btree (special_offers_sub_parent_category_id);


--
-- Name: sitefrontendbyadmin_specialoffersdoc_special_offers_id_6c8bc2de; Type: INDEX; Schema: public; Owner: postgres
--

CREATE INDEX sitefrontendbyadmin_specialoffersdoc_special_offers_id_6c8bc2de ON public.sitefrontendbyadmin_specialoffersdoc USING btree (special_offers_id);


--
-- Name: sitefrontendbyadmin_specialoffersundercategory_city_id_da414083; Type: INDEX; Schema: public; Owner: postgres
--

CREATE INDEX sitefrontendbyadmin_specialoffersundercategory_city_id_da414083 ON public.sitefrontendbyadmin_specialoffersundercategory USING btree (city_id);


--
-- Name: adminnumberprovider__country_id_f4d2f844_fk_adminside; Type: FK CONSTRAINT; Schema: public; Owner: postgres
--

ALTER TABLE ONLY public.adminnumberprovider_numberprovincemap
    ADD CONSTRAINT adminnumberprovider__country_id_f4d2f844_fk_adminside FOREIGN KEY (country_id) REFERENCES public.adminsidecustomer_country(id) DEFERRABLE INITIALLY DEFERRED;


--
-- Name: adminnumberprovider__number_id_921d509b_fk_adminnumb; Type: FK CONSTRAINT; Schema: public; Owner: postgres
--

ALTER TABLE ONLY public.adminnumberprovider_numberprovincecustomermap
    ADD CONSTRAINT adminnumberprovider__number_id_921d509b_fk_adminnumb FOREIGN KEY (number_id) REFERENCES public.adminnumberprovider_numberprovincemap(id) DEFERRABLE INITIALLY DEFERRED;


--
-- Name: adminnumberprovider__province_id_c9949dbe_fk_adminside; Type: FK CONSTRAINT; Schema: public; Owner: postgres
--

ALTER TABLE ONLY public.adminnumberprovider_numberprovincemap
    ADD CONSTRAINT adminnumberprovider__province_id_c9949dbe_fk_adminside FOREIGN KEY (province_id) REFERENCES public.adminsidecustomer_province(id) DEFERRABLE INITIALLY DEFERRED;


--
-- Name: adminnumberprovider__user_id_4347a498_fk_adminside; Type: FK CONSTRAINT; Schema: public; Owner: postgres
--

ALTER TABLE ONLY public.adminnumberprovider_numberprovincecustomermap
    ADD CONSTRAINT adminnumberprovider__user_id_4347a498_fk_adminside FOREIGN KEY (user_id) REFERENCES public.adminsidecustomer_customer(id) DEFERRABLE INITIALLY DEFERRED;


--
-- Name: adminnumberprovider__user_id_a194351d_fk_adminside; Type: FK CONSTRAINT; Schema: public; Owner: postgres
--

ALTER TABLE ONLY public.adminnumberprovider_numbermnptocustomer
    ADD CONSTRAINT adminnumberprovider__user_id_a194351d_fk_adminside FOREIGN KEY (user_id) REFERENCES public.adminsidecustomer_customer(id) DEFERRABLE INITIALLY DEFERRED;


--
-- Name: adminsidecustomer_ac_city_id_bc91801b_fk_adminside; Type: FK CONSTRAINT; Schema: public; Owner: postgres
--

ALTER TABLE ONLY public.adminsidecustomer_accountaddresscustomer
    ADD CONSTRAINT adminsidecustomer_ac_city_id_bc91801b_fk_adminside FOREIGN KEY (city_id) REFERENCES public.adminsidecustomer_city(id) DEFERRABLE INITIALLY DEFERRED;


--
-- Name: adminsidecustomer_ac_country_id_6ac44e70_fk_adminside; Type: FK CONSTRAINT; Schema: public; Owner: postgres
--

ALTER TABLE ONLY public.adminsidecustomer_accountaddresscustomer
    ADD CONSTRAINT adminsidecustomer_ac_country_id_6ac44e70_fk_adminside FOREIGN KEY (country_id) REFERENCES public.adminsidecustomer_country(id) DEFERRABLE INITIALLY DEFERRED;


--
-- Name: adminsidecustomer_ac_province_id_d19022f6_fk_adminside; Type: FK CONSTRAINT; Schema: public; Owner: postgres
--

ALTER TABLE ONLY public.adminsidecustomer_accountaddresscustomer
    ADD CONSTRAINT adminsidecustomer_ac_province_id_d19022f6_fk_adminside FOREIGN KEY (province_id) REFERENCES public.adminsidecustomer_province(id) DEFERRABLE INITIALLY DEFERRED;


--
-- Name: adminsidecustomer_ac_user_id_1746d396_fk_adminside; Type: FK CONSTRAINT; Schema: public; Owner: postgres
--

ALTER TABLE ONLY public.adminsidecustomer_accountaddresscustomer
    ADD CONSTRAINT adminsidecustomer_ac_user_id_1746d396_fk_adminside FOREIGN KEY (user_id) REFERENCES public.adminsidecustomer_customer(id) DEFERRABLE INITIALLY DEFERRED;


--
-- Name: adminsidecustomer_bi_billing_city_id_68ead1a3_fk_adminside; Type: FK CONSTRAINT; Schema: public; Owner: postgres
--

ALTER TABLE ONLY public.adminsidecustomer_billingaddresscustomer
    ADD CONSTRAINT adminsidecustomer_bi_billing_city_id_68ead1a3_fk_adminside FOREIGN KEY (billing_city_id) REFERENCES public.adminsidecustomer_city(id) DEFERRABLE INITIALLY DEFERRED;


--
-- Name: adminsidecustomer_bi_billing_country_id_390ac6eb_fk_adminside; Type: FK CONSTRAINT; Schema: public; Owner: postgres
--

ALTER TABLE ONLY public.adminsidecustomer_billingaddresscustomer
    ADD CONSTRAINT adminsidecustomer_bi_billing_country_id_390ac6eb_fk_adminside FOREIGN KEY (billing_country_id) REFERENCES public.adminsidecustomer_country(id) DEFERRABLE INITIALLY DEFERRED;


--
-- Name: adminsidecustomer_bi_billing_province_id_6456ce8c_fk_adminside; Type: FK CONSTRAINT; Schema: public; Owner: postgres
--

ALTER TABLE ONLY public.adminsidecustomer_billingaddresscustomer
    ADD CONSTRAINT adminsidecustomer_bi_billing_province_id_6456ce8c_fk_adminside FOREIGN KEY (billing_province_id) REFERENCES public.adminsidecustomer_province(id) DEFERRABLE INITIALLY DEFERRED;


--
-- Name: adminsidecustomer_bi_user_id_b563b559_fk_adminside; Type: FK CONSTRAINT; Schema: public; Owner: postgres
--

ALTER TABLE ONLY public.adminsidecustomer_billingaddresscustomer
    ADD CONSTRAINT adminsidecustomer_bi_user_id_b563b559_fk_adminside FOREIGN KEY (user_id) REFERENCES public.adminsidecustomer_customer(id) DEFERRABLE INITIALLY DEFERRED;


--
-- Name: adminsidecustomer_ci_province_id_id_b5bdd2bb_fk_adminside; Type: FK CONSTRAINT; Schema: public; Owner: postgres
--

ALTER TABLE ONLY public.adminsidecustomer_city
    ADD CONSTRAINT adminsidecustomer_ci_province_id_id_b5bdd2bb_fk_adminside FOREIGN KEY (province_id_id) REFERENCES public.adminsidecustomer_province(id) DEFERRABLE INITIALLY DEFERRED;


--
-- Name: adminsidecustomer_cu_customer_id_53a1e6ff_fk_adminside; Type: FK CONSTRAINT; Schema: public; Owner: postgres
--

ALTER TABLE ONLY public.adminsidecustomer_customerinvoicemap
    ADD CONSTRAINT adminsidecustomer_cu_customer_id_53a1e6ff_fk_adminside FOREIGN KEY (customer_id) REFERENCES public.adminsidecustomer_customer(id) DEFERRABLE INITIALLY DEFERRED;


--
-- Name: adminsidecustomer_cu_customer_id_5cb884e9_fk_adminside; Type: FK CONSTRAINT; Schema: public; Owner: postgres
--

ALTER TABLE ONLY public.adminsidecustomer_customeraccountstatus
    ADD CONSTRAINT adminsidecustomer_cu_customer_id_5cb884e9_fk_adminside FOREIGN KEY (customer_id) REFERENCES public.adminsidecustomer_customer(id) DEFERRABLE INITIALLY DEFERRED;


--
-- Name: adminsidecustomer_cu_customer_id_82aa5fd2_fk_adminside; Type: FK CONSTRAINT; Schema: public; Owner: postgres
--

ALTER TABLE ONLY public.adminsidecustomer_cutomerattachmentmap
    ADD CONSTRAINT adminsidecustomer_cu_customer_id_82aa5fd2_fk_adminside FOREIGN KEY (customer_id) REFERENCES public.adminsidecustomer_customer(id) DEFERRABLE INITIALLY DEFERRED;


--
-- Name: adminsidecustomer_cu_customer_id_f332be62_fk_adminside; Type: FK CONSTRAINT; Schema: public; Owner: postgres
--

ALTER TABLE ONLY public.adminsidecustomer_customerusermap
    ADD CONSTRAINT adminsidecustomer_cu_customer_id_f332be62_fk_adminside FOREIGN KEY (customer_id) REFERENCES public.adminsidecustomer_customer(id) DEFERRABLE INITIALLY DEFERRED;


--
-- Name: adminsidecustomer_cu_touser_id_2f030347_fk_auth_user; Type: FK CONSTRAINT; Schema: public; Owner: postgres
--

ALTER TABLE ONLY public.adminsidecustomer_customercomment
    ADD CONSTRAINT adminsidecustomer_cu_touser_id_2f030347_fk_auth_user FOREIGN KEY (touser_id) REFERENCES public.auth_user(id) DEFERRABLE INITIALLY DEFERRED;


--
-- Name: adminsidecustomer_cu_user_id_98ee4c06_fk_auth_user; Type: FK CONSTRAINT; Schema: public; Owner: postgres
--

ALTER TABLE ONLY public.adminsidecustomer_customercomment
    ADD CONSTRAINT adminsidecustomer_cu_user_id_98ee4c06_fk_auth_user FOREIGN KEY (user_id) REFERENCES public.auth_user(id) DEFERRABLE INITIALLY DEFERRED;


--
-- Name: adminsidecustomer_cu_user_id_eb01055c_fk_auth_user; Type: FK CONSTRAINT; Schema: public; Owner: postgres
--

ALTER TABLE ONLY public.adminsidecustomer_customerusermap
    ADD CONSTRAINT adminsidecustomer_cu_user_id_eb01055c_fk_auth_user FOREIGN KEY (user_id) REFERENCES public.auth_user(id) DEFERRABLE INITIALLY DEFERRED;


--
-- Name: adminsidecustomer_pr_country_id_id_cd111a72_fk_adminside; Type: FK CONSTRAINT; Schema: public; Owner: postgres
--

ALTER TABLE ONLY public.adminsidecustomer_province
    ADD CONSTRAINT adminsidecustomer_pr_country_id_id_cd111a72_fk_adminside FOREIGN KEY (country_id_id) REFERENCES public.adminsidecustomer_country(id) DEFERRABLE INITIALLY DEFERRED;


--
-- Name: adminsidecustomer_sa_province_id_49bf1fbb_fk_adminside; Type: FK CONSTRAINT; Schema: public; Owner: postgres
--

ALTER TABLE ONLY public.adminsidecustomer_sales_tax
    ADD CONSTRAINT adminsidecustomer_sa_province_id_49bf1fbb_fk_adminside FOREIGN KEY (province_id) REFERENCES public.adminsidecustomer_province(id) DEFERRABLE INITIALLY DEFERRED;


--
-- Name: adminsideserviceprov_city_id_be2bd845_fk_adminside; Type: FK CONSTRAINT; Schema: public; Owner: postgres
--

ALTER TABLE ONLY public.adminsideserviceprovider_serviceprovidercitymap
    ADD CONSTRAINT adminsideserviceprov_city_id_be2bd845_fk_adminside FOREIGN KEY (city_id) REFERENCES public.adminsidecustomer_city(id) DEFERRABLE INITIALLY DEFERRED;


--
-- Name: adminsideserviceprov_country_id_fa9a055c_fk_adminside; Type: FK CONSTRAINT; Schema: public; Owner: postgres
--

ALTER TABLE ONLY public.adminsideserviceprovider_serviceprovidercitymap
    ADD CONSTRAINT adminsideserviceprov_country_id_fa9a055c_fk_adminside FOREIGN KEY (country_id) REFERENCES public.adminsidecustomer_country(id) DEFERRABLE INITIALLY DEFERRED;


--
-- Name: adminsideserviceprov_customer_id_5367aad7_fk_adminside; Type: FK CONSTRAINT; Schema: public; Owner: postgres
--

ALTER TABLE ONLY public.adminsideserviceprovider_customerticketscategoriesmap
    ADD CONSTRAINT adminsideserviceprov_customer_id_5367aad7_fk_adminside FOREIGN KEY (customer_id) REFERENCES public.adminsidecustomer_customer(id) DEFERRABLE INITIALLY DEFERRED;


--
-- Name: adminsideserviceprov_customer_id_ec0a84f7_fk_adminside; Type: FK CONSTRAINT; Schema: public; Owner: postgres
--

ALTER TABLE ONLY public.adminsideserviceprovider_contractbasedhardwarewithmac
    ADD CONSTRAINT adminsideserviceprov_customer_id_ec0a84f7_fk_adminside FOREIGN KEY (customer_id) REFERENCES public.adminsidecustomer_customer(id) DEFERRABLE INITIALLY DEFERRED;


--
-- Name: adminsideserviceprov_customercontract_id_40d3423c_fk_adminside; Type: FK CONSTRAINT; Schema: public; Owner: postgres
--

ALTER TABLE ONLY public.adminsideserviceprovider_terminatecontractdetails
    ADD CONSTRAINT adminsideserviceprov_customercontract_id_40d3423c_fk_adminside FOREIGN KEY (customercontract_id) REFERENCES public.adminsideserviceprovider_customerservicecontract(id) DEFERRABLE INITIALLY DEFERRED;


--
-- Name: adminsideserviceprov_hw_id_b15774c0_fk_adminside; Type: FK CONSTRAINT; Schema: public; Owner: postgres
--

ALTER TABLE ONLY public.adminsideserviceprovider_contractbasedhardwarewithmac
    ADD CONSTRAINT adminsideserviceprov_hw_id_b15774c0_fk_adminside FOREIGN KEY (hw_id) REFERENCES public.adminsideserviceprovider_hardware(id) DEFERRABLE INITIALLY DEFERRED;


--
-- Name: adminsideserviceprov_hw_id_bfe6d36c_fk_adminside; Type: FK CONSTRAINT; Schema: public; Owner: postgres
--

ALTER TABLE ONLY public.adminsideserviceprovider_serviceplanwithhardware
    ADD CONSTRAINT adminsideserviceprov_hw_id_bfe6d36c_fk_adminside FOREIGN KEY (hw_id) REFERENCES public.adminsideserviceprovider_hardware(id) DEFERRABLE INITIALLY DEFERRED;


--
-- Name: adminsideserviceprov_manage_service_categ_e2c565f9_fk_crmadmin_; Type: FK CONSTRAINT; Schema: public; Owner: postgres
--

ALTER TABLE ONLY public.adminsideserviceprovider_serviceproviderplan
    ADD CONSTRAINT adminsideserviceprov_manage_service_categ_e2c565f9_fk_crmadmin_ FOREIGN KEY (manage_service_category_id) REFERENCES public.crmadmin_manageservicespricecategory(id) DEFERRABLE INITIALLY DEFERRED;


--
-- Name: adminsideserviceprov_manage_service_id_a93036eb_fk_crmadmin_; Type: FK CONSTRAINT; Schema: public; Owner: postgres
--

ALTER TABLE ONLY public.adminsideserviceprovider_serviceproviderplan
    ADD CONSTRAINT adminsideserviceprov_manage_service_id_a93036eb_fk_crmadmin_ FOREIGN KEY (manage_service_id) REFERENCES public.crmadmin_manageserviceprice(id) DEFERRABLE INITIALLY DEFERRED;


--
-- Name: adminsideserviceprov_province_id_81aa0be6_fk_adminside; Type: FK CONSTRAINT; Schema: public; Owner: postgres
--

ALTER TABLE ONLY public.adminsideserviceprovider_serviceprovidercitymap
    ADD CONSTRAINT adminsideserviceprov_province_id_81aa0be6_fk_adminside FOREIGN KEY (province_id) REFERENCES public.adminsidecustomer_province(id) DEFERRABLE INITIALLY DEFERRED;


--
-- Name: adminsideserviceprov_service_plan_id_35031c4c_fk_adminside; Type: FK CONSTRAINT; Schema: public; Owner: postgres
--

ALTER TABLE ONLY public.adminsideserviceprovider_serviceplanwithhardware
    ADD CONSTRAINT adminsideserviceprov_service_plan_id_35031c4c_fk_adminside FOREIGN KEY (service_plan_id) REFERENCES public.adminsideserviceprovider_serviceproviderplan(id) DEFERRABLE INITIALLY DEFERRED;


--
-- Name: adminsideserviceprov_service_plan_id_a39935e7_fk_adminside; Type: FK CONSTRAINT; Schema: public; Owner: postgres
--

ALTER TABLE ONLY public.adminsideserviceprovider_customerwithservice
    ADD CONSTRAINT adminsideserviceprov_service_plan_id_a39935e7_fk_adminside FOREIGN KEY (service_plan_id) REFERENCES public.adminsideserviceprovider_serviceproviderplan(id) DEFERRABLE INITIALLY DEFERRED;


--
-- Name: adminsideserviceprov_service_price_provid_4ce78790_fk_adminside; Type: FK CONSTRAINT; Schema: public; Owner: postgres
--

ALTER TABLE ONLY public.adminsideserviceprovider_manageservicepricedoc
    ADD CONSTRAINT adminsideserviceprov_service_price_provid_4ce78790_fk_adminside FOREIGN KEY (service_price_provider_id) REFERENCES public.adminsideserviceprovider_serviceproviderplan(id) DEFERRABLE INITIALLY DEFERRED;


--
-- Name: adminsideserviceprov_service_provider_id_180a6350_fk_adminside; Type: FK CONSTRAINT; Schema: public; Owner: postgres
--

ALTER TABLE ONLY public.adminsideserviceprovider_ticketscategorywithserviceprovider
    ADD CONSTRAINT adminsideserviceprov_service_provider_id_180a6350_fk_adminside FOREIGN KEY (service_provider_id) REFERENCES public.adminsideserviceprovider_serviceprovider(id) DEFERRABLE INITIALLY DEFERRED;


--
-- Name: adminsideserviceprov_service_provider_id_7d29f3c0_fk_adminside; Type: FK CONSTRAINT; Schema: public; Owner: postgres
--

ALTER TABLE ONLY public.adminsideserviceprovider_serviceproviderplan
    ADD CONSTRAINT adminsideserviceprov_service_provider_id_7d29f3c0_fk_adminside FOREIGN KEY (service_provider_id) REFERENCES public.adminsideserviceprovider_serviceprovider(id) DEFERRABLE INITIALLY DEFERRED;


--
-- Name: adminsideserviceprov_service_provider_id_84431b96_fk_adminside; Type: FK CONSTRAINT; Schema: public; Owner: postgres
--

ALTER TABLE ONLY public.adminsideserviceprovider_customerwithservice
    ADD CONSTRAINT adminsideserviceprov_service_provider_id_84431b96_fk_adminside FOREIGN KEY (service_provider_id) REFERENCES public.adminsideserviceprovider_serviceprovider(id) DEFERRABLE INITIALLY DEFERRED;


--
-- Name: adminsideserviceprov_service_provider_id_f329204e_fk_adminside; Type: FK CONSTRAINT; Schema: public; Owner: postgres
--

ALTER TABLE ONLY public.adminsideserviceprovider_serviceprovidercitymap
    ADD CONSTRAINT adminsideserviceprov_service_provider_id_f329204e_fk_adminside FOREIGN KEY (service_provider_id) REFERENCES public.adminsideserviceprovider_serviceprovider(id) DEFERRABLE INITIALLY DEFERRED;


--
-- Name: adminsideserviceprov_service_provider_id_fd754faf_fk_adminside; Type: FK CONSTRAINT; Schema: public; Owner: postgres
--

ALTER TABLE ONLY public.adminsideserviceprovider_customerticketscategoriesmap
    ADD CONSTRAINT adminsideserviceprov_service_provider_id_fd754faf_fk_adminside FOREIGN KEY (service_provider_id) REFERENCES public.adminsideserviceprovider_serviceprovider(id) DEFERRABLE INITIALLY DEFERRED;


--
-- Name: adminsideserviceprov_ticketCategory_id_3c8bf414_fk_adminside; Type: FK CONSTRAINT; Schema: public; Owner: postgres
--

ALTER TABLE ONLY public.adminsideserviceprovider_customerticketscategoriesmap
    ADD CONSTRAINT "adminsideserviceprov_ticketCategory_id_3c8bf414_fk_adminside" FOREIGN KEY ("ticketCategory_id") REFERENCES public.adminsideserviceprovider_ticketscategories(id) DEFERRABLE INITIALLY DEFERRED;


--
-- Name: adminsideserviceprov_ticket_category_id_60fac0b3_fk_adminside; Type: FK CONSTRAINT; Schema: public; Owner: postgres
--

ALTER TABLE ONLY public.adminsideserviceprovider_ticketscategorywithserviceprovider
    ADD CONSTRAINT adminsideserviceprov_ticket_category_id_60fac0b3_fk_adminside FOREIGN KEY (ticket_category_id) REFERENCES public.adminsideserviceprovider_ticketscategories(id) DEFERRABLE INITIALLY DEFERRED;


--
-- Name: adminsideserviceprov_updatedby_id_23a80103_fk_auth_user; Type: FK CONSTRAINT; Schema: public; Owner: postgres
--

ALTER TABLE ONLY public.adminsideserviceprovider_customerticketscategoriesmap
    ADD CONSTRAINT adminsideserviceprov_updatedby_id_23a80103_fk_auth_user FOREIGN KEY (updatedby_id) REFERENCES public.auth_user(id) DEFERRABLE INITIALLY DEFERRED;


--
-- Name: adminsideserviceprov_user_id_9333b6de_fk_adminside; Type: FK CONSTRAINT; Schema: public; Owner: postgres
--

ALTER TABLE ONLY public.adminsideserviceprovider_customerwithservice
    ADD CONSTRAINT adminsideserviceprov_user_id_9333b6de_fk_adminside FOREIGN KEY (user_id) REFERENCES public.adminsidecustomer_customer(id) DEFERRABLE INITIALLY DEFERRED;


--
-- Name: adminsideserviceprov_user_id_ed2670ad_fk_adminside; Type: FK CONSTRAINT; Schema: public; Owner: postgres
--

ALTER TABLE ONLY public.adminsideserviceprovider_customerservicecontract
    ADD CONSTRAINT adminsideserviceprov_user_id_ed2670ad_fk_adminside FOREIGN KEY (user_id) REFERENCES public.adminsidecustomer_customer(id) DEFERRABLE INITIALLY DEFERRED;


--
-- Name: agentpanel_agent_user_id_e1918d6c_fk_auth_user_id; Type: FK CONSTRAINT; Schema: public; Owner: postgres
--

ALTER TABLE ONLY public.agentpanel_agent
    ADD CONSTRAINT agentpanel_agent_user_id_e1918d6c_fk_auth_user_id FOREIGN KEY (user_id) REFERENCES public.auth_user(id) DEFERRABLE INITIALLY DEFERRED;


--
-- Name: auth_group_permissio_permission_id_84c5c92e_fk_auth_perm; Type: FK CONSTRAINT; Schema: public; Owner: postgres
--

ALTER TABLE ONLY public.auth_group_permissions
    ADD CONSTRAINT auth_group_permissio_permission_id_84c5c92e_fk_auth_perm FOREIGN KEY (permission_id) REFERENCES public.auth_permission(id) DEFERRABLE INITIALLY DEFERRED;


--
-- Name: auth_group_permissions_group_id_b120cbf9_fk_auth_group_id; Type: FK CONSTRAINT; Schema: public; Owner: postgres
--

ALTER TABLE ONLY public.auth_group_permissions
    ADD CONSTRAINT auth_group_permissions_group_id_b120cbf9_fk_auth_group_id FOREIGN KEY (group_id) REFERENCES public.auth_group(id) DEFERRABLE INITIALLY DEFERRED;


--
-- Name: auth_permission_content_type_id_2f476e4b_fk_django_co; Type: FK CONSTRAINT; Schema: public; Owner: postgres
--

ALTER TABLE ONLY public.auth_permission
    ADD CONSTRAINT auth_permission_content_type_id_2f476e4b_fk_django_co FOREIGN KEY (content_type_id) REFERENCES public.django_content_type(id) DEFERRABLE INITIALLY DEFERRED;


--
-- Name: auth_user_groups_group_id_97559544_fk_auth_group_id; Type: FK CONSTRAINT; Schema: public; Owner: postgres
--

ALTER TABLE ONLY public.auth_user_groups
    ADD CONSTRAINT auth_user_groups_group_id_97559544_fk_auth_group_id FOREIGN KEY (group_id) REFERENCES public.auth_group(id) DEFERRABLE INITIALLY DEFERRED;


--
-- Name: auth_user_groups_user_id_6a12ed8b_fk_auth_user_id; Type: FK CONSTRAINT; Schema: public; Owner: postgres
--

ALTER TABLE ONLY public.auth_user_groups
    ADD CONSTRAINT auth_user_groups_user_id_6a12ed8b_fk_auth_user_id FOREIGN KEY (user_id) REFERENCES public.auth_user(id) DEFERRABLE INITIALLY DEFERRED;


--
-- Name: auth_user_user_permi_permission_id_1fbb5f2c_fk_auth_perm; Type: FK CONSTRAINT; Schema: public; Owner: postgres
--

ALTER TABLE ONLY public.auth_user_user_permissions
    ADD CONSTRAINT auth_user_user_permi_permission_id_1fbb5f2c_fk_auth_perm FOREIGN KEY (permission_id) REFERENCES public.auth_permission(id) DEFERRABLE INITIALLY DEFERRED;


--
-- Name: auth_user_user_permissions_user_id_a95ead1b_fk_auth_user_id; Type: FK CONSTRAINT; Schema: public; Owner: postgres
--

ALTER TABLE ONLY public.auth_user_user_permissions
    ADD CONSTRAINT auth_user_user_permissions_user_id_a95ead1b_fk_auth_user_id FOREIGN KEY (user_id) REFERENCES public.auth_user(id) DEFERRABLE INITIALLY DEFERRED;


--
-- Name: crmadmin_callcost_user_id_beb440c6_fk_auth_user_id; Type: FK CONSTRAINT; Schema: public; Owner: postgres
--

ALTER TABLE ONLY public.crmadmin_callcost
    ADD CONSTRAINT crmadmin_callcost_user_id_beb440c6_fk_auth_user_id FOREIGN KEY (user_id) REFERENCES public.auth_user(id) DEFERRABLE INITIALLY DEFERRED;


--
-- Name: crmadmin_manageservi_service_category_id_664ca378_fk_crmadmin_; Type: FK CONSTRAINT; Schema: public; Owner: postgres
--

ALTER TABLE ONLY public.crmadmin_manageserviceprice
    ADD CONSTRAINT crmadmin_manageservi_service_category_id_664ca378_fk_crmadmin_ FOREIGN KEY (service_category_id) REFERENCES public.crmadmin_manageservicespricecategory(id) DEFERRABLE INITIALLY DEFERRED;


--
-- Name: crmadmin_userimage_user_id_8a21015f_fk_auth_user_id; Type: FK CONSTRAINT; Schema: public; Owner: postgres
--

ALTER TABLE ONLY public.crmadmin_userimage
    ADD CONSTRAINT crmadmin_userimage_user_id_8a21015f_fk_auth_user_id FOREIGN KEY (user_id) REFERENCES public.auth_user(id) DEFERRABLE INITIALLY DEFERRED;


--
-- Name: crmadmin_userprofile_user_id_430878b3_fk_auth_user_id; Type: FK CONSTRAINT; Schema: public; Owner: postgres
--

ALTER TABLE ONLY public.crmadmin_userprofile
    ADD CONSTRAINT crmadmin_userprofile_user_id_430878b3_fk_auth_user_id FOREIGN KEY (user_id) REFERENCES public.auth_user(id) DEFERRABLE INITIALLY DEFERRED;


--
-- Name: customer_billing_ban_user_id_95b7fd37_fk_adminside; Type: FK CONSTRAINT; Schema: public; Owner: postgres
--

ALTER TABLE ONLY public.customer_billing_bankingdetails
    ADD CONSTRAINT customer_billing_ban_user_id_95b7fd37_fk_adminside FOREIGN KEY (user_id) REFERENCES public.adminsidecustomer_customer(id) DEFERRABLE INITIALLY DEFERRED;


--
-- Name: customer_billing_bil_salesperson_id_23524620_fk_agentpane; Type: FK CONSTRAINT; Schema: public; Owner: postgres
--

ALTER TABLE ONLY public.customer_billing_billingdetailscustomer
    ADD CONSTRAINT customer_billing_bil_salesperson_id_23524620_fk_agentpane FOREIGN KEY (salesperson_id) REFERENCES public.agentpanel_agent(id) DEFERRABLE INITIALLY DEFERRED;


--
-- Name: customer_billing_bil_user_id_0068a90a_fk_adminside; Type: FK CONSTRAINT; Schema: public; Owner: postgres
--

ALTER TABLE ONLY public.customer_billing_billingdetailscustomer
    ADD CONSTRAINT customer_billing_bil_user_id_0068a90a_fk_adminside FOREIGN KEY (user_id) REFERENCES public.adminsidecustomer_customer(id) DEFERRABLE INITIALLY DEFERRED;


--
-- Name: customer_billing_cre_user_id_8a9be187_fk_adminside; Type: FK CONSTRAINT; Schema: public; Owner: postgres
--

ALTER TABLE ONLY public.customer_billing_creditcard
    ADD CONSTRAINT customer_billing_cre_user_id_8a9be187_fk_adminside FOREIGN KEY (user_id) REFERENCES public.adminsidecustomer_customer(id) DEFERRABLE INITIALLY DEFERRED;


--
-- Name: customer_billing_pay_user_id_9bddd0bc_fk_adminside; Type: FK CONSTRAINT; Schema: public; Owner: postgres
--

ALTER TABLE ONLY public.customer_billing_paypaldetails
    ADD CONSTRAINT customer_billing_pay_user_id_9bddd0bc_fk_adminside FOREIGN KEY (user_id) REFERENCES public.adminsidecustomer_customer(id) DEFERRABLE INITIALLY DEFERRED;


--
-- Name: django_admin_log_content_type_id_c4bce8eb_fk_django_co; Type: FK CONSTRAINT; Schema: public; Owner: postgres
--

ALTER TABLE ONLY public.django_admin_log
    ADD CONSTRAINT django_admin_log_content_type_id_c4bce8eb_fk_django_co FOREIGN KEY (content_type_id) REFERENCES public.django_content_type(id) DEFERRABLE INITIALLY DEFERRED;


--
-- Name: django_admin_log_user_id_c564eba6_fk_auth_user_id; Type: FK CONSTRAINT; Schema: public; Owner: postgres
--

ALTER TABLE ONLY public.django_admin_log
    ADD CONSTRAINT django_admin_log_user_id_c564eba6_fk_auth_user_id FOREIGN KEY (user_id) REFERENCES public.auth_user(id) DEFERRABLE INITIALLY DEFERRED;


--
-- Name: egciptvhome_customer_billing_city_id_923150a0_fk_adminside; Type: FK CONSTRAINT; Schema: public; Owner: postgres
--

ALTER TABLE ONLY public.egciptvhome_customerapplyforservicebilling
    ADD CONSTRAINT egciptvhome_customer_billing_city_id_923150a0_fk_adminside FOREIGN KEY (billing_city_id) REFERENCES public.adminsidecustomer_city(id) DEFERRABLE INITIALLY DEFERRED;


--
-- Name: egciptvhome_customer_billing_country_id_244b216a_fk_adminside; Type: FK CONSTRAINT; Schema: public; Owner: postgres
--

ALTER TABLE ONLY public.egciptvhome_customerapplyforservicebilling
    ADD CONSTRAINT egciptvhome_customer_billing_country_id_244b216a_fk_adminside FOREIGN KEY (billing_country_id) REFERENCES public.adminsidecustomer_country(id) DEFERRABLE INITIALLY DEFERRED;


--
-- Name: egciptvhome_customer_billing_province_id_a778ae29_fk_adminside; Type: FK CONSTRAINT; Schema: public; Owner: postgres
--

ALTER TABLE ONLY public.egciptvhome_customerapplyforservicebilling
    ADD CONSTRAINT egciptvhome_customer_billing_province_id_a778ae29_fk_adminside FOREIGN KEY (billing_province_id) REFERENCES public.adminsidecustomer_province(id) DEFERRABLE INITIALLY DEFERRED;


--
-- Name: egciptvhome_customer_customer_apply_for_s_58f462d4_fk_egciptvho; Type: FK CONSTRAINT; Schema: public; Owner: postgres
--

ALTER TABLE ONLY public.egciptvhome_customerapplyforservicebilling
    ADD CONSTRAINT egciptvhome_customer_customer_apply_for_s_58f462d4_fk_egciptvho FOREIGN KEY (customer_apply_for_service_id) REFERENCES public.egciptvhome_customerapplyforservice(id) DEFERRABLE INITIALLY DEFERRED;


--
-- Name: egciptvhome_customer_menu_category_id_99a5d9ca_fk_sitefront; Type: FK CONSTRAINT; Schema: public; Owner: postgres
--

ALTER TABLE ONLY public.egciptvhome_customerapplyforservice
    ADD CONSTRAINT egciptvhome_customer_menu_category_id_99a5d9ca_fk_sitefront FOREIGN KEY (menu_category_id) REFERENCES public.sitefrontendbyadmin_menucategory(id) DEFERRABLE INITIALLY DEFERRED;


--
-- Name: egciptvhome_customer_plan_id_6f4aaf5e_fk_adminside; Type: FK CONSTRAINT; Schema: public; Owner: postgres
--

ALTER TABLE ONLY public.egciptvhome_customerapplyforservice
    ADD CONSTRAINT egciptvhome_customer_plan_id_6f4aaf5e_fk_adminside FOREIGN KEY (plan_id) REFERENCES public.adminsideserviceprovider_serviceproviderplan(id) DEFERRABLE INITIALLY DEFERRED;


--
-- Name: egciptvhome_customer_service_city_id_10d6a27e_fk_adminside; Type: FK CONSTRAINT; Schema: public; Owner: postgres
--

ALTER TABLE ONLY public.egciptvhome_customerapplyforservice
    ADD CONSTRAINT egciptvhome_customer_service_city_id_10d6a27e_fk_adminside FOREIGN KEY (service_city_id) REFERENCES public.adminsidecustomer_city(id) DEFERRABLE INITIALLY DEFERRED;


--
-- Name: egciptvhome_customer_service_country_id_4b12e6fe_fk_adminside; Type: FK CONSTRAINT; Schema: public; Owner: postgres
--

ALTER TABLE ONLY public.egciptvhome_customerapplyforservice
    ADD CONSTRAINT egciptvhome_customer_service_country_id_4b12e6fe_fk_adminside FOREIGN KEY (service_country_id) REFERENCES public.adminsidecustomer_country(id) DEFERRABLE INITIALLY DEFERRED;


--
-- Name: egciptvhome_customer_service_province_id_c1c2ca23_fk_adminside; Type: FK CONSTRAINT; Schema: public; Owner: postgres
--

ALTER TABLE ONLY public.egciptvhome_customerapplyforservice
    ADD CONSTRAINT egciptvhome_customer_service_province_id_c1c2ca23_fk_adminside FOREIGN KEY (service_province_id) REFERENCES public.adminsidecustomer_province(id) DEFERRABLE INITIALLY DEFERRED;


--
-- Name: rateareacode_ratewit_country_id_64cd4a5c_fk_adminside; Type: FK CONSTRAINT; Schema: public; Owner: postgres
--

ALTER TABLE ONLY public.rateareacode_ratewithareacode
    ADD CONSTRAINT rateareacode_ratewit_country_id_64cd4a5c_fk_adminside FOREIGN KEY (country_id) REFERENCES public.adminsidecustomer_country(id) DEFERRABLE INITIALLY DEFERRED;


--
-- Name: rateareacode_ratewit_province_id_d96e2c48_fk_adminside; Type: FK CONSTRAINT; Schema: public; Owner: postgres
--

ALTER TABLE ONLY public.rateareacode_ratewithareacode
    ADD CONSTRAINT rateareacode_ratewit_province_id_d96e2c48_fk_adminside FOREIGN KEY (province_id) REFERENCES public.adminsidecustomer_province(id) DEFERRABLE INITIALLY DEFERRED;


--
-- Name: ratecustomerbillingw_customer_billing_det_3ca31b47_fk_ratecusto; Type: FK CONSTRAINT; Schema: public; Owner: postgres
--

ALTER TABLE ONLY public.ratecustomerbillingwithcdr_customerbillingdetailswithedited
    ADD CONSTRAINT ratecustomerbillingw_customer_billing_det_3ca31b47_fk_ratecusto FOREIGN KEY (customer_billing_details_id) REFERENCES public.ratecustomerbillingwithcdr_customerbillingdetails(id) DEFERRABLE INITIALLY DEFERRED;


--
-- Name: ratecustomerbillingw_user_id_518a5e5f_fk_auth_user; Type: FK CONSTRAINT; Schema: public; Owner: postgres
--

ALTER TABLE ONLY public.ratecustomerbillingwithcdr_customerbillingdetails
    ADD CONSTRAINT ratecustomerbillingw_user_id_518a5e5f_fk_auth_user FOREIGN KEY (user_id) REFERENCES public.auth_user(id) DEFERRABLE INITIALLY DEFERRED;


--
-- Name: ratecustomerbillingw_user_id_7fbd9df3_fk_auth_user; Type: FK CONSTRAINT; Schema: public; Owner: postgres
--

ALTER TABLE ONLY public.ratecustomerbillingwithcdr_customerbillingdetailswithedited
    ADD CONSTRAINT ratecustomerbillingw_user_id_7fbd9df3_fk_auth_user FOREIGN KEY (user_id) REFERENCES public.auth_user(id) DEFERRABLE INITIALLY DEFERRED;


--
-- Name: settingcontractsheet_user_id_76075312_fk_auth_user; Type: FK CONSTRAINT; Schema: public; Owner: postgres
--

ALTER TABLE ONLY public.settingcontractsheet_contractsheet
    ADD CONSTRAINT settingcontractsheet_user_id_76075312_fk_auth_user FOREIGN KEY (user_id) REFERENCES public.auth_user(id) DEFERRABLE INITIALLY DEFERRED;


--
-- Name: sitefrontendbyadmin__city_id_da414083_fk_adminside; Type: FK CONSTRAINT; Schema: public; Owner: postgres
--

ALTER TABLE ONLY public.sitefrontendbyadmin_specialoffersundercategory
    ADD CONSTRAINT sitefrontendbyadmin__city_id_da414083_fk_adminside FOREIGN KEY (city_id) REFERENCES public.adminsidecustomer_city(id) DEFERRABLE INITIALLY DEFERRED;


--
-- Name: sitefrontendbyadmin__hw_id_906416d3_fk_adminside; Type: FK CONSTRAINT; Schema: public; Owner: postgres
--

ALTER TABLE ONLY public.sitefrontendbyadmin_specialoffersplanswithhardwarerates
    ADD CONSTRAINT sitefrontendbyadmin__hw_id_906416d3_fk_adminside FOREIGN KEY (hw_id) REFERENCES public.adminsideserviceprovider_hardware(id) DEFERRABLE INITIALLY DEFERRED;


--
-- Name: sitefrontendbyadmin__province_id_29e441bc_fk_adminside; Type: FK CONSTRAINT; Schema: public; Owner: postgres
--

ALTER TABLE ONLY public.sitefrontendbyadmin_specialoffersundercategory
    ADD CONSTRAINT sitefrontendbyadmin__province_id_29e441bc_fk_adminside FOREIGN KEY (province_id) REFERENCES public.adminsidecustomer_province(id) DEFERRABLE INITIALLY DEFERRED;


--
-- Name: sitefrontendbyadmin__service_category_id_00659a87_fk_crmadmin_; Type: FK CONSTRAINT; Schema: public; Owner: postgres
--

ALTER TABLE ONLY public.sitefrontendbyadmin_menucategory
    ADD CONSTRAINT sitefrontendbyadmin__service_category_id_00659a87_fk_crmadmin_ FOREIGN KEY (service_category_id) REFERENCES public.crmadmin_manageservicespricecategory(id) DEFERRABLE INITIALLY DEFERRED;


--
-- Name: sitefrontendbyadmin__service_category_id_ee1838d6_fk_crmadmin_; Type: FK CONSTRAINT; Schema: public; Owner: postgres
--

ALTER TABLE ONLY public.sitefrontendbyadmin_serviceandfeature
    ADD CONSTRAINT sitefrontendbyadmin__service_category_id_ee1838d6_fk_crmadmin_ FOREIGN KEY (service_category_id) REFERENCES public.crmadmin_manageservicespricecategory(id) DEFERRABLE INITIALLY DEFERRED;


--
-- Name: sitefrontendbyadmin__service_parent_categ_d07dcaff_fk_sitefront; Type: FK CONSTRAINT; Schema: public; Owner: postgres
--

ALTER TABLE ONLY public.sitefrontendbyadmin_menusubparentcategory
    ADD CONSTRAINT sitefrontendbyadmin__service_parent_categ_d07dcaff_fk_sitefront FOREIGN KEY (service_parent_category_id) REFERENCES public.sitefrontendbyadmin_menuparentcategory(id) DEFERRABLE INITIALLY DEFERRED;


--
-- Name: sitefrontendbyadmin__service_parent_categ_f13067e9_fk_sitefront; Type: FK CONSTRAINT; Schema: public; Owner: postgres
--

ALTER TABLE ONLY public.sitefrontendbyadmin_serviceandfeature
    ADD CONSTRAINT sitefrontendbyadmin__service_parent_categ_f13067e9_fk_sitefront FOREIGN KEY (service_parent_category_id) REFERENCES public.sitefrontendbyadmin_menuparentcategory(id) DEFERRABLE INITIALLY DEFERRED;


--
-- Name: sitefrontendbyadmin__service_parent_categ_f64eab40_fk_sitefront; Type: FK CONSTRAINT; Schema: public; Owner: postgres
--

ALTER TABLE ONLY public.sitefrontendbyadmin_menucategory
    ADD CONSTRAINT sitefrontendbyadmin__service_parent_categ_f64eab40_fk_sitefront FOREIGN KEY (service_parent_category_id) REFERENCES public.sitefrontendbyadmin_menuparentcategory(id) DEFERRABLE INITIALLY DEFERRED;


--
-- Name: sitefrontendbyadmin__service_plan_id_4c20e549_fk_adminside; Type: FK CONSTRAINT; Schema: public; Owner: postgres
--

ALTER TABLE ONLY public.sitefrontendbyadmin_specialoffersplanswithhardwarerates
    ADD CONSTRAINT sitefrontendbyadmin__service_plan_id_4c20e549_fk_adminside FOREIGN KEY (service_plan_id) REFERENCES public.adminsideserviceprovider_serviceproviderplan(id) DEFERRABLE INITIALLY DEFERRED;


--
-- Name: sitefrontendbyadmin__service_price_id_3ff746a8_fk_crmadmin_; Type: FK CONSTRAINT; Schema: public; Owner: postgres
--

ALTER TABLE ONLY public.sitefrontendbyadmin_specialoffersplanswithhardwarerates
    ADD CONSTRAINT sitefrontendbyadmin__service_price_id_3ff746a8_fk_crmadmin_ FOREIGN KEY (service_price_id) REFERENCES public.crmadmin_manageserviceprice(id) DEFERRABLE INITIALLY DEFERRED;


--
-- Name: sitefrontendbyadmin__service_price_id_8d90337c_fk_crmadmin_; Type: FK CONSTRAINT; Schema: public; Owner: postgres
--

ALTER TABLE ONLY public.sitefrontendbyadmin_specialoffersplanshardware
    ADD CONSTRAINT sitefrontendbyadmin__service_price_id_8d90337c_fk_crmadmin_ FOREIGN KEY (service_price_id) REFERENCES public.crmadmin_manageserviceprice(id) DEFERRABLE INITIALLY DEFERRED;


--
-- Name: sitefrontendbyadmin__service_price_id_c16a4921_fk_crmadmin_; Type: FK CONSTRAINT; Schema: public; Owner: postgres
--

ALTER TABLE ONLY public.sitefrontendbyadmin_specialoffersplans
    ADD CONSTRAINT sitefrontendbyadmin__service_price_id_c16a4921_fk_crmadmin_ FOREIGN KEY (service_price_id) REFERENCES public.crmadmin_manageserviceprice(id) DEFERRABLE INITIALLY DEFERRED;


--
-- Name: sitefrontendbyadmin__service_sub_parent_c_9ed723da_fk_sitefront; Type: FK CONSTRAINT; Schema: public; Owner: postgres
--

ALTER TABLE ONLY public.sitefrontendbyadmin_menucategory
    ADD CONSTRAINT sitefrontendbyadmin__service_sub_parent_c_9ed723da_fk_sitefront FOREIGN KEY (service_sub_parent_category_name_id) REFERENCES public.sitefrontendbyadmin_menusubparentcategory(id) DEFERRABLE INITIALLY DEFERRED;


--
-- Name: sitefrontendbyadmin__service_sub_parent_c_a4b033d5_fk_sitefront; Type: FK CONSTRAINT; Schema: public; Owner: postgres
--

ALTER TABLE ONLY public.sitefrontendbyadmin_serviceandfeature
    ADD CONSTRAINT sitefrontendbyadmin__service_sub_parent_c_a4b033d5_fk_sitefront FOREIGN KEY (service_sub_parent_category_name_id) REFERENCES public.sitefrontendbyadmin_menusubparentcategory(id) DEFERRABLE INITIALLY DEFERRED;


--
-- Name: sitefrontendbyadmin__special_offers_id_182f45ca_fk_sitefront; Type: FK CONSTRAINT; Schema: public; Owner: postgres
--

ALTER TABLE ONLY public.sitefrontendbyadmin_specialoffersplans
    ADD CONSTRAINT sitefrontendbyadmin__special_offers_id_182f45ca_fk_sitefront FOREIGN KEY (special_offers_id) REFERENCES public.sitefrontendbyadmin_specialoffers(id) DEFERRABLE INITIALLY DEFERRED;


--
-- Name: sitefrontendbyadmin__special_offers_id_3ce4d627_fk_sitefront; Type: FK CONSTRAINT; Schema: public; Owner: postgres
--

ALTER TABLE ONLY public.sitefrontendbyadmin_specialoffersplanshardware
    ADD CONSTRAINT sitefrontendbyadmin__special_offers_id_3ce4d627_fk_sitefront FOREIGN KEY (special_offers_id) REFERENCES public.sitefrontendbyadmin_specialoffers(id) DEFERRABLE INITIALLY DEFERRED;


--
-- Name: sitefrontendbyadmin__special_offers_id_64afa30a_fk_sitefront; Type: FK CONSTRAINT; Schema: public; Owner: postgres
--

ALTER TABLE ONLY public.sitefrontendbyadmin_specialoffersundercategory
    ADD CONSTRAINT sitefrontendbyadmin__special_offers_id_64afa30a_fk_sitefront FOREIGN KEY (special_offers_id) REFERENCES public.sitefrontendbyadmin_specialoffers(id) DEFERRABLE INITIALLY DEFERRED;


--
-- Name: sitefrontendbyadmin__special_offers_id_6c8bc2de_fk_sitefront; Type: FK CONSTRAINT; Schema: public; Owner: postgres
--

ALTER TABLE ONLY public.sitefrontendbyadmin_specialoffersdoc
    ADD CONSTRAINT sitefrontendbyadmin__special_offers_id_6c8bc2de_fk_sitefront FOREIGN KEY (special_offers_id) REFERENCES public.sitefrontendbyadmin_specialoffers(id) DEFERRABLE INITIALLY DEFERRED;


--
-- Name: sitefrontendbyadmin__special_offers_id_7373732c_fk_sitefront; Type: FK CONSTRAINT; Schema: public; Owner: postgres
--

ALTER TABLE ONLY public.sitefrontendbyadmin_specialoffersplanswithhardwarerates
    ADD CONSTRAINT sitefrontendbyadmin__special_offers_id_7373732c_fk_sitefront FOREIGN KEY (special_offers_id) REFERENCES public.sitefrontendbyadmin_specialoffers(id) DEFERRABLE INITIALLY DEFERRED;


--
-- Name: sitefrontendbyadmin__special_offers_paren_9885f1b1_fk_sitefront; Type: FK CONSTRAINT; Schema: public; Owner: postgres
--

ALTER TABLE ONLY public.sitefrontendbyadmin_specialofferssubparentcategory
    ADD CONSTRAINT sitefrontendbyadmin__special_offers_paren_9885f1b1_fk_sitefront FOREIGN KEY (special_offers_parent_category_id) REFERENCES public.sitefrontendbyadmin_specialoffersparentcategory(id) DEFERRABLE INITIALLY DEFERRED;


--
-- Name: sitefrontendbyadmin__special_offers_paren_df70d6f7_fk_sitefront; Type: FK CONSTRAINT; Schema: public; Owner: postgres
--

ALTER TABLE ONLY public.sitefrontendbyadmin_specialoffersundercategory
    ADD CONSTRAINT sitefrontendbyadmin__special_offers_paren_df70d6f7_fk_sitefront FOREIGN KEY (special_offers_parent_category_id) REFERENCES public.sitefrontendbyadmin_specialoffersparentcategory(id) DEFERRABLE INITIALLY DEFERRED;


--
-- Name: sitefrontendbyadmin__special_offers_sub_p_40e80eec_fk_sitefront; Type: FK CONSTRAINT; Schema: public; Owner: postgres
--

ALTER TABLE ONLY public.sitefrontendbyadmin_specialoffersundercategory
    ADD CONSTRAINT sitefrontendbyadmin__special_offers_sub_p_40e80eec_fk_sitefront FOREIGN KEY (special_offers_sub_parent_category_id) REFERENCES public.sitefrontendbyadmin_specialofferssubparentcategory(id) DEFERRABLE INITIALLY DEFERRED;


--
-- Name: SCHEMA public; Type: ACL; Schema: -; Owner: postgres
--

REVOKE ALL ON SCHEMA public FROM PUBLIC;
REVOKE ALL ON SCHEMA public FROM postgres;
GRANT ALL ON SCHEMA public TO postgres;
GRANT ALL ON SCHEMA public TO PUBLIC;


--
-- PostgreSQL database dump complete
--

